role,champion_1,champion_2,duel_winrate,duel_games
BOTTOM,Jhin,MissFortune,0.5277777777777778,36
BOTTOM,MissFortune,Jhin,0.4722222222222222,36
JUNGLE,Diana,Nidalee,0.4166666666666667,24
JUNGLE,Nidalee,Diana,0.5833333333333334,24
MIDDLE,Smolder,Zeri,0.0,1
MIDDLE,Zeri,Smolder,1.0,1
TOP,Gnar,Rumble,0.5384615384615384,13
TOP,Rumble,Gnar,0.46153846153846156,13
UTILITY,Camille,Leona,0.4444444444444444,9
UTILITY,Leona,Camille,0.5555555555555556,9
BOTTOM,Jhin,Kaisa,0.4878048780487805,123
BOTTOM,Kaisa,Jhin,0.5121951219512195,123
JUNGLE,LeeSin,Ivern,0.68,25
JUNGLE,Ivern,LeeSin,0.32,25
MIDDLE,Leblanc,Anivia,0.29411764705882354,17
MIDDLE,Anivia,Leblanc,0.7058823529411765,17
TOP,Camille,Zeri,1.0,2
TOP,Zeri,Camille,0.0,2
UTILITY,Alistar,Rell,0.5055555555555555,180
UTILITY,Rell,Alistar,0.49444444444444446,180
BOTTOM,Zeri,MissFortune,0.5,14
BOTTOM,MissFortune,Zeri,0.5,14
JUNGLE,Gragas,RekSai,0.5,2
JUNGLE,RekSai,Gragas,0.5,2
MIDDLE,Zoe,Anivia,0.2727272727272727,11
MIDDLE,Anivia,Zoe,0.7272727272727273,11
TOP,Smolder,Yasuo,0.3333333333333333,3
TOP,Yasuo,Smolder,0.6666666666666666,3
UTILITY,Rell,Rakan,0.5818181818181818,55
UTILITY,Rakan,Rell,0.41818181818181815,55
BOTTOM,Caitlyn,Hwei,0.3333333333333333,21
BOTTOM,Hwei,Caitlyn,0.6666666666666666,21
JUNGLE,MasterYi,Talon,0.45454545454545453,22
JUNGLE,Talon,MasterYi,0.5454545454545454,22
MIDDLE,TwistedFate,Corki,0.0,1
MIDDLE,Corki,TwistedFate,1.0,1
TOP,Garen,Aatrox,0.4090909090909091,22
TOP,Aatrox,Garen,0.5909090909090909,22
UTILITY,Pyke,Senna,0.5384615384615384,52
UTILITY,Senna,Pyke,0.46153846153846156,52
BOTTOM,Tristana,Ezreal,0.6268656716417911,67
BOTTOM,Ezreal,Tristana,0.373134328358209,67
JUNGLE,Skarner,Ekko,0.5454545454545454,11
JUNGLE,Ekko,Skarner,0.45454545454545453,11
MIDDLE,Sylas,Yasuo,0.40476190476190477,42
MIDDLE,Yasuo,Sylas,0.5952380952380952,42
TOP,Jax,Gragas,0.38095238095238093,21
TOP,Gragas,Jax,0.6190476190476191,21
UTILITY,Lulu,Senna,0.5321100917431193,109
UTILITY,Senna,Lulu,0.46788990825688076,109
BOTTOM,Sivir,Samira,0.25,8
BOTTOM,Samira,Sivir,0.75,8
JUNGLE,Talon,Graves,0.5543478260869565,92
JUNGLE,Graves,Talon,0.44565217391304346,92
MIDDLE,Ahri,Sylas,0.5424528301886793,212
MIDDLE,Sylas,Ahri,0.45754716981132076,212
TOP,Urgot,Renekton,0.2857142857142857,7
TOP,Renekton,Urgot,0.7142857142857143,7
UTILITY,Senna,Nautilus,0.5060240963855421,166
UTILITY,Nautilus,Senna,0.4939759036144578,166
BOTTOM,Samira,Corki,0.4074074074074074,27
BOTTOM,Corki,Samira,0.5925925925925926,27
JUNGLE,Kindred,Nunu,0.2727272727272727,11
JUNGLE,Nunu,Kindred,0.7272727272727273,11
MIDDLE,Katarina,Lissandra,0.4782608695652174,23
MIDDLE,Lissandra,Katarina,0.5217391304347826,23
TOP,Ambessa,Yone,0.3333333333333333,15
TOP,Yone,Ambessa,0.6666666666666666,15
UTILITY,Pantheon,Lulu,0.5,28
UTILITY,Lulu,Pantheon,0.5,28
BOTTOM,Velkoz,Caitlyn,0.4583333333333333,24
BOTTOM,Caitlyn,Velkoz,0.5416666666666666,24
JUNGLE,Khazix,Shyvana,0.38461538461538464,13
JUNGLE,Shyvana,Khazix,0.6153846153846154,13
MIDDLE,Ahri,Briar,0.0,1
MIDDLE,Briar,Ahri,1.0,1
TOP,Ambessa,Quinn,0.0,6
TOP,Quinn,Ambessa,1.0,6
UTILITY,Leona,Lulu,0.46153846153846156,52
UTILITY,Lulu,Leona,0.5384615384615384,52
BOTTOM,Corki,Swain,0.2,5
BOTTOM,Swain,Corki,0.8,5
JUNGLE,Skarner,JarvanIV,0.5428571428571428,35
JUNGLE,JarvanIV,Skarner,0.45714285714285713,35
MIDDLE,Sylas,Orianna,0.6,50
MIDDLE,Orianna,Sylas,0.4,50
TOP,Aatrox,Camille,0.5,20
TOP,Camille,Aatrox,0.5,20
BOTTOM,Jhin,Corki,0.5185185185185185,54
BOTTOM,Corki,Jhin,0.48148148148148145,54
JUNGLE,Ambessa,JarvanIV,0.6065573770491803,61
JUNGLE,JarvanIV,Ambessa,0.39344262295081966,61
MIDDLE,Sylas,Galio,0.5526315789473685,38
MIDDLE,Galio,Sylas,0.4473684210526316,38
TOP,Fiora,Rumble,0.5,16
TOP,Rumble,Fiora,0.5,16
UTILITY,Renata,Poppy,0.4117647058823529,17
UTILITY,Poppy,Renata,0.5882352941176471,17
BOTTOM,Varus,Jhin,0.45454545454545453,88
BOTTOM,Jhin,Varus,0.5454545454545454,88
JUNGLE,Skarner,Morgana,0.4,5
JUNGLE,Morgana,Skarner,0.6,5
MIDDLE,Aurora,Yone,0.5869565217391305,46
MIDDLE,Yone,Aurora,0.41304347826086957,46
TOP,Sion,Trundle,0.4,5
TOP,Trundle,Sion,0.6,5
UTILITY,Janna,Elise,0.7058823529411765,17
UTILITY,Elise,Janna,0.29411764705882354,17
BOTTOM,Swain,Ezreal,0.6153846153846154,39
BOTTOM,Ezreal,Swain,0.38461538461538464,39
JUNGLE,MonkeyKing,Ivern,0.4,5
JUNGLE,Ivern,MonkeyKing,0.6,5
MIDDLE,Yasuo,Akshan,0.5925925925925926,27
MIDDLE,Akshan,Yasuo,0.4074074074074074,27
TOP,Malzahar,Heimerdinger,1.0,1
TOP,Heimerdinger,Malzahar,0.0,1
UTILITY,Seraphine,Rell,0.5,64
UTILITY,Rell,Seraphine,0.5,64
BOTTOM,Caitlyn,Ashe,0.5267857142857143,112
BOTTOM,Ashe,Caitlyn,0.4732142857142857,112
JUNGLE,Sylas,Vi,0.4,25
JUNGLE,Vi,Sylas,0.6,25
MIDDLE,Aurora,Corki,0.6666666666666666,6
MIDDLE,Corki,Aurora,0.3333333333333333,6
TOP,Gnar,Vladimir,0.5,8
TOP,Vladimir,Gnar,0.5,8
UTILITY,Pyke,Lulu,0.48,50
UTILITY,Lulu,Pyke,0.52,50
JUNGLE,Diana,Skarner,0.625,8
JUNGLE,Skarner,Diana,0.375,8
MIDDLE,Tryndamere,Gragas,0.0,1
MIDDLE,Gragas,Tryndamere,1.0,1
TOP,Yorick,Irelia,0.3888888888888889,18
TOP,Irelia,Yorick,0.6111111111111112,18
UTILITY,Nami,Rell,0.43661971830985913,71
UTILITY,Rell,Nami,0.5633802816901409,71
BOTTOM,Ashe,Kaisa,0.44285714285714284,70
BOTTOM,Kaisa,Ashe,0.5571428571428572,70
JUNGLE,FiddleSticks,Diana,1.0,3
JUNGLE,Diana,FiddleSticks,0.0,3
MIDDLE,Annie,Smolder,1.0,5
MIDDLE,Smolder,Annie,0.0,5
TOP,Vladimir,Akali,0.7142857142857143,7
TOP,Akali,Vladimir,0.2857142857142857,7
UTILITY,Janna,Maokai,0.2727272727272727,11
UTILITY,Maokai,Janna,0.7272727272727273,11
BOTTOM,Corki,KogMaw,0.4,10
BOTTOM,KogMaw,Corki,0.6,10
JUNGLE,MonkeyKing,RekSai,0.5714285714285714,14
JUNGLE,RekSai,MonkeyKing,0.42857142857142855,14
MIDDLE,Gragas,Velkoz,0.0,2
MIDDLE,Velkoz,Gragas,1.0,2
TOP,Aatrox,Cassiopeia,0.625,8
TOP,Cassiopeia,Aatrox,0.375,8
UTILITY,Janna,Lulu,0.5714285714285714,84
UTILITY,Lulu,Janna,0.42857142857142855,84
BOTTOM,Kalista,Draven,0.3783783783783784,37
BOTTOM,Draven,Kalista,0.6216216216216216,37
JUNGLE,LeeSin,Kayn,0.5909090909090909,22
JUNGLE,Kayn,LeeSin,0.4090909090909091,22
MIDDLE,Azir,Aurora,0.3076923076923077,13
MIDDLE,Aurora,Azir,0.6923076923076923,13
TOP,Tristana,Malphite,0.3333333333333333,3
TOP,Malphite,Tristana,0.6666666666666666,3
UTILITY,Nautilus,Zilean,0.5238095238095238,42
UTILITY,Zilean,Nautilus,0.47619047619047616,42
BOTTOM,Gragas,Ezreal,0.0,1
BOTTOM,Ezreal,Gragas,1.0,1
JUNGLE,Udyr,Lillia,0.46153846153846156,13
JUNGLE,Lillia,Udyr,0.5384615384615384,13
MIDDLE,Ambessa,Swain,0.5,2
MIDDLE,Swain,Ambessa,0.5,2
TOP,Kled,Yone,0.0,2
TOP,Yone,Kled,1.0,2
UTILITY,Nami,Senna,0.5116279069767442,86
UTILITY,Senna,Nami,0.4883720930232558,86
BOTTOM,Karthus,Jhin,0.475,40
BOTTOM,Jhin,Karthus,0.525,40
JUNGLE,Volibear,Udyr,0.0,2
JUNGLE,Udyr,Volibear,1.0,2
MIDDLE,Aurora,Sylas,0.5384615384615384,39
MIDDLE,Sylas,Aurora,0.46153846153846156,39
TOP,Irelia,Kled,0.42857142857142855,7
TOP,Kled,Irelia,0.5714285714285714,7
UTILITY,Thresh,Soraka,0.46808510638297873,47
UTILITY,Soraka,Thresh,0.5319148936170213,47
BOTTOM,Ziggs,Corki,0.5714285714285714,7
BOTTOM,Corki,Ziggs,0.42857142857142855,7
JUNGLE,Warwick,Udyr,1.0,2
JUNGLE,Udyr,Warwick,0.0,2
MIDDLE,Swain,Hwei,0.6,5
MIDDLE,Hwei,Swain,0.4,5
TOP,Ambessa,Jax,0.5142857142857142,35
TOP,Jax,Ambessa,0.4857142857142857,35
UTILITY,Skarner,TahmKench,1.0,1
UTILITY,TahmKench,Skarner,0.0,1
BOTTOM,Jinx,Xayah,0.6,15
BOTTOM,Xayah,Jinx,0.4,15
JUNGLE,Udyr,Graves,0.5,24
JUNGLE,Graves,Udyr,0.5,24
MIDDLE,Aurora,Zac,1.0,2
MIDDLE,Zac,Aurora,0.0,2
TOP,Shen,Gragas,0.7333333333333333,15
TOP,Gragas,Shen,0.26666666666666666,15
UTILITY,Nautilus,Rell,0.4864864864864865,222
UTILITY,Rell,Nautilus,0.5135135135135135,222
BOTTOM,Ashe,Ezreal,0.5567375886524822,282
BOTTOM,Ezreal,Ashe,0.4432624113475177,282
JUNGLE,MonkeyKing,Nocturne,0.5454545454545454,22
JUNGLE,Nocturne,MonkeyKing,0.45454545454545453,22
MIDDLE,Akali,Sylas,0.49019607843137253,51
MIDDLE,Sylas,Akali,0.5098039215686274,51
TOP,Renekton,Aurora,0.4838709677419355,31
TOP,Aurora,Renekton,0.5161290322580645,31
BOTTOM,Caitlyn,KogMaw,0.5882352941176471,34
BOTTOM,KogMaw,Caitlyn,0.4117647058823529,34
MIDDLE,Sylas,Ambessa,0.625,8
MIDDLE,Ambessa,Sylas,0.375,8
TOP,Gangplank,Warwick,0.5714285714285714,7
TOP,Warwick,Gangplank,0.42857142857142855,7
UTILITY,Janna,FiddleSticks,0.5,6
UTILITY,FiddleSticks,Janna,0.5,6
BOTTOM,Kaisa,Yasuo,0.3333333333333333,21
BOTTOM,Yasuo,Kaisa,0.6666666666666666,21
JUNGLE,Khazix,XinZhao,0.5384615384615384,39
JUNGLE,XinZhao,Khazix,0.46153846153846156,39
MIDDLE,Galio,Ahri,0.5121951219512195,41
MIDDLE,Ahri,Galio,0.4878048780487805,41
TOP,Jax,Poppy,0.5,8
TOP,Poppy,Jax,0.5,8
UTILITY,Rakan,Nami,0.32432432432432434,74
UTILITY,Nami,Rakan,0.6756756756756757,74
BOTTOM,Corki,Lucian,0.4117647058823529,51
BOTTOM,Lucian,Corki,0.5882352941176471,51
JUNGLE,Graves,Skarner,0.47619047619047616,42
JUNGLE,Skarner,Graves,0.5238095238095238,42
MIDDLE,Sylas,Vex,0.38461538461538464,13
MIDDLE,Vex,Sylas,0.6153846153846154,13
TOP,Maokai,Aurora,0.5,4
TOP,Aurora,Maokai,0.5,4
UTILITY,Lulu,Nami,0.48704663212435234,193
UTILITY,Nami,Lulu,0.5129533678756477,193
BOTTOM,Kalista,Jinx,0.43333333333333335,30
BOTTOM,Jinx,Kalista,0.5666666666666667,30
JUNGLE,Skarner,Karthus,0.6,5
JUNGLE,Karthus,Skarner,0.4,5
MIDDLE,Yasuo,Smolder,0.5,2
MIDDLE,Smolder,Yasuo,0.5,2
TOP,Bard,Renekton,1.0,1
TOP,Renekton,Bard,0.0,1
UTILITY,Vex,Thresh,1.0,1
UTILITY,Thresh,Vex,0.0,1
BOTTOM,Jhin,Ashe,0.3865546218487395,119
BOTTOM,Ashe,Jhin,0.6134453781512605,119
JUNGLE,LeeSin,Shyvana,0.5714285714285714,21
JUNGLE,Shyvana,LeeSin,0.42857142857142855,21
MIDDLE,Velkoz,Qiyana,0.5,4
MIDDLE,Qiyana,Velkoz,0.5,4
TOP,Ambessa,Renekton,0.4891304347826087,92
TOP,Renekton,Ambessa,0.5108695652173914,92
UTILITY,Milio,Swain,0.6666666666666666,3
UTILITY,Swain,Milio,0.3333333333333333,3
BOTTOM,Ezreal,Jhin,0.4781144781144781,297
BOTTOM,Jhin,Ezreal,0.5218855218855218,297
JUNGLE,Graves,Zac,0.45454545454545453,11
JUNGLE,Zac,Graves,0.5454545454545454,11
MIDDLE,Kassadin,Sylas,0.47058823529411764,17
MIDDLE,Sylas,Kassadin,0.5294117647058824,17
TOP,Gnar,Malphite,0.42857142857142855,49
TOP,Malphite,Gnar,0.5714285714285714,49
UTILITY,Zoe,Rell,0.2,5
UTILITY,Rell,Zoe,0.8,5
BOTTOM,Corki,Velkoz,0.125,8
BOTTOM,Velkoz,Corki,0.875,8
JUNGLE,MonkeyKing,Viego,0.4166666666666667,36
JUNGLE,Viego,MonkeyKing,0.5833333333333334,36
TOP,KSante,Gwen,0.47619047619047616,21
TOP,Gwen,KSante,0.5238095238095238,21
BOTTOM,Seraphine,Kalista,0.29411764705882354,17
BOTTOM,Kalista,Seraphine,0.7058823529411765,17
JUNGLE,Talon,Karthus,0.5833333333333334,12
JUNGLE,Karthus,Talon,0.4166666666666667,12
MIDDLE,Orianna,Ambessa,0.5,4
MIDDLE,Ambessa,Orianna,0.5,4
TOP,Gangplank,Lucian,0.5,4
TOP,Lucian,Gangplank,0.5,4
UTILITY,Lulu,Zac,0.6666666666666666,3
UTILITY,Zac,Lulu,0.3333333333333333,3
BOTTOM,Draven,Caitlyn,0.4807692307692308,104
BOTTOM,Caitlyn,Draven,0.5192307692307693,104
JUNGLE,MonkeyKing,Taliyah,0.42857142857142855,7
JUNGLE,Taliyah,MonkeyKing,0.5714285714285714,7
MIDDLE,Katarina,Yasuo,0.525,40
MIDDLE,Yasuo,Katarina,0.475,40
TOP,Renekton,Malphite,0.46153846153846156,26
TOP,Malphite,Renekton,0.5384615384615384,26
UTILITY,Nautilus,Lulu,0.55,180
UTILITY,Lulu,Nautilus,0.45,180
BOTTOM,Aphelios,Ashe,0.45161290322580644,31
BOTTOM,Ashe,Aphelios,0.5483870967741935,31
JUNGLE,Nidalee,Viego,0.6363636363636364,33
JUNGLE,Viego,Nidalee,0.36363636363636365,33
MIDDLE,Veigar,Lux,0.3333333333333333,3
MIDDLE,Lux,Veigar,0.6666666666666666,3
TOP,Renekton,KSante,0.4864864864864865,37
TOP,KSante,Renekton,0.5135135135135135,37
UTILITY,Bard,Lulu,0.4329268292682927,164
UTILITY,Lulu,Bard,0.5670731707317073,164
BOTTOM,Ashe,Corki,0.5892857142857143,56
BOTTOM,Corki,Ashe,0.4107142857142857,56
JUNGLE,Nocturne,Karthus,0.65,20
JUNGLE,Karthus,Nocturne,0.35,20
TOP,Yasuo,Urgot,0.3333333333333333,9
TOP,Urgot,Yasuo,0.6666666666666666,9
JUNGLE,Khazix,Lillia,0.625,16
JUNGLE,Lillia,Khazix,0.375,16
UTILITY,Seraphine,Leona,0.6,30
UTILITY,Leona,Seraphine,0.4,30
BOTTOM,Ezreal,Yasuo,0.40298507462686567,67
BOTTOM,Yasuo,Ezreal,0.5970149253731343,67
JUNGLE,Kindred,Elise,0.5555555555555556,9
JUNGLE,Elise,Kindred,0.4444444444444444,9
MIDDLE,Galio,Darius,0.5,2
MIDDLE,Darius,Galio,0.5,2
TOP,Akali,Leblanc,0.3333333333333333,3
TOP,Leblanc,Akali,0.6666666666666666,3
UTILITY,Bard,Senna,0.5407407407407407,135
UTILITY,Senna,Bard,0.45925925925925926,135
BOTTOM,Draven,Hwei,0.5294117647058824,17
BOTTOM,Hwei,Draven,0.47058823529411764,17
JUNGLE,Udyr,Zac,0.75,4
JUNGLE,Zac,Udyr,0.25,4
TOP,Gwen,Fiora,0.6666666666666666,6
TOP,Fiora,Gwen,0.3333333333333333,6
UTILITY,Thresh,Blitzcrank,0.5283018867924528,53
UTILITY,Blitzcrank,Thresh,0.4716981132075472,53
BOTTOM,Varus,Ashe,0.45,60
BOTTOM,Ashe,Varus,0.55,60
JUNGLE,Vi,Skarner,0.5333333333333333,15
JUNGLE,Skarner,Vi,0.4666666666666667,15
TOP,Nidalee,Aurora,0.5,2
TOP,Aurora,Nidalee,0.5,2
UTILITY,Lulu,TahmKench,0.3333333333333333,6
UTILITY,TahmKench,Lulu,0.6666666666666666,6
JUNGLE,Elise,MonkeyKing,0.2,5
JUNGLE,MonkeyKing,Elise,0.8,5
MIDDLE,Qiyana,Galio,0.3,10
MIDDLE,Galio,Qiyana,0.7,10
TOP,Aatrox,Swain,1.0,2
TOP,Swain,Aatrox,0.0,2
UTILITY,Teemo,Rakan,1.0,1
UTILITY,Rakan,Teemo,0.0,1
JUNGLE,Udyr,MonkeyKing,0.2857142857142857,7
JUNGLE,MonkeyKing,Udyr,0.7142857142857143,7
MIDDLE,Velkoz,Hwei,0.5,4
MIDDLE,Hwei,Velkoz,0.5,4
TOP,Ambessa,Fiora,0.3333333333333333,18
TOP,Fiora,Ambessa,0.6666666666666666,18
BOTTOM,Draven,Veigar,0.6666666666666666,6
BOTTOM,Veigar,Draven,0.3333333333333333,6
JUNGLE,Vi,Ambessa,0.6216216216216216,37
JUNGLE,Ambessa,Vi,0.3783783783783784,37
MIDDLE,Galio,Leblanc,0.48717948717948717,39
MIDDLE,Leblanc,Galio,0.5128205128205128,39
TOP,Camille,Shen,0.5333333333333333,15
TOP,Shen,Camille,0.4666666666666667,15
BOTTOM,Kaisa,Smolder,0.5573770491803278,61
BOTTOM,Smolder,Kaisa,0.4426229508196721,61
MIDDLE,Orianna,Velkoz,0.25,4
MIDDLE,Velkoz,Orianna,0.75,4
TOP,Gnar,Irelia,0.3333333333333333,33
TOP,Irelia,Gnar,0.6666666666666666,33
BOTTOM,Ezreal,Corki,0.5234899328859061,149
BOTTOM,Corki,Ezreal,0.47651006711409394,149
JUNGLE,Skarner,Lillia,0.5,16
JUNGLE,Lillia,Skarner,0.5,16
TOP,Gragas,Tryndamere,0.4,10
TOP,Tryndamere,Gragas,0.6,10
UTILITY,Leona,Renata,0.6666666666666666,12
UTILITY,Renata,Leona,0.3333333333333333,12
BOTTOM,Aphelios,Ezreal,0.5555555555555556,63
BOTTOM,Ezreal,Aphelios,0.4444444444444444,63
JUNGLE,Elise,Vi,0.4375,16
JUNGLE,Vi,Elise,0.5625,16
MIDDLE,Ambessa,Aurora,0.5,6
MIDDLE,Aurora,Ambessa,0.5,6
TOP,Gragas,Aatrox,0.45454545454545453,11
TOP,Aatrox,Gragas,0.5454545454545454,11
UTILITY,Thresh,Rell,0.5625,64
UTILITY,Rell,Thresh,0.4375,64
BOTTOM,Tristana,Lucian,0.5833333333333334,24
BOTTOM,Lucian,Tristana,0.4166666666666667,24
JUNGLE,MonkeyKing,Amumu,0.0,2
JUNGLE,Amumu,MonkeyKing,1.0,2
MIDDLE,Fizz,Darius,0.0,1
MIDDLE,Darius,Fizz,1.0,1
TOP,Ornn,Heimerdinger,0.5,4
TOP,Heimerdinger,Ornn,0.5,4
BOTTOM,Velkoz,Kaisa,0.6153846153846154,26
BOTTOM,Kaisa,Velkoz,0.38461538461538464,26
JUNGLE,Belveth,Graves,0.36363636363636365,22
JUNGLE,Graves,Belveth,0.6363636363636364,22
MIDDLE,Qiyana,Ahri,0.5,56
MIDDLE,Ahri,Qiyana,0.5,56
TOP,Ornn,Anivia,0.47058823529411764,17
TOP,Anivia,Ornn,0.5294117647058824,17
UTILITY,Bard,Poppy,0.45161290322580644,31
UTILITY,Poppy,Bard,0.5483870967741935,31
MIDDLE,Yasuo,Aurora,0.5555555555555556,36
MIDDLE,Aurora,Yasuo,0.4444444444444444,36
TOP,Sylas,Gragas,0.4444444444444444,9
TOP,Gragas,Sylas,0.5555555555555556,9
UTILITY,Rell,Lulu,0.4845360824742268,97
UTILITY,Lulu,Rell,0.5154639175257731,97
MIDDLE,Yone,Akali,0.38461538461538464,52
MIDDLE,Akali,Yone,0.6153846153846154,52
TOP,Jayce,Ambessa,0.4852941176470588,68
TOP,Ambessa,Jayce,0.5147058823529411,68
UTILITY,Leona,Braum,0.47674418604651164,86
UTILITY,Braum,Leona,0.5232558139534884,86
JUNGLE,Talon,Nocturne,0.5333333333333333,30
JUNGLE,Nocturne,Talon,0.4666666666666667,30
MIDDLE,Taliyah,Sylas,0.6,35
MIDDLE,Sylas,Taliyah,0.4,35
TOP,Gangplank,Jax,0.7,20
TOP,Jax,Gangplank,0.3,20
UTILITY,Seraphine,Nautilus,0.5272727272727272,110
UTILITY,Nautilus,Seraphine,0.4727272727272727,110
BOTTOM,Jinx,Ziggs,0.5555555555555556,9
BOTTOM,Ziggs,Jinx,0.4444444444444444,9
JUNGLE,LeeSin,Rengar,0.43636363636363634,55
JUNGLE,Rengar,LeeSin,0.5636363636363636,55
TOP,KSante,Gnar,0.3617021276595745,47
TOP,Gnar,KSante,0.6382978723404256,47
BOTTOM,Ziggs,Caitlyn,0.5238095238095238,42
BOTTOM,Caitlyn,Ziggs,0.47619047619047616,42
JUNGLE,Rengar,Graves,0.44642857142857145,56
JUNGLE,Graves,Rengar,0.5535714285714286,56
MIDDLE,Sion,Leblanc,0.5454545454545454,11
MIDDLE,Leblanc,Sion,0.45454545454545453,11
TOP,Gnar,Sylas,0.37037037037037035,27
TOP,Sylas,Gnar,0.6296296296296297,27
UTILITY,Pyke,Lux,0.7,10
UTILITY,Lux,Pyke,0.3,10
BOTTOM,Ezreal,Smolder,0.5207100591715976,169
BOTTOM,Smolder,Ezreal,0.47928994082840237,169
JUNGLE,Skarner,MonkeyKing,0.5555555555555556,9
JUNGLE,MonkeyKing,Skarner,0.4444444444444444,9
MIDDLE,Ambessa,Anivia,0.0,2
MIDDLE,Anivia,Ambessa,1.0,2
TOP,Teemo,Nasus,0.6666666666666666,3
TOP,Nasus,Teemo,0.3333333333333333,3
UTILITY,Braum,Rakan,0.4444444444444444,36
UTILITY,Rakan,Braum,0.5555555555555556,36
BOTTOM,Ashe,Velkoz,0.6111111111111112,18
BOTTOM,Velkoz,Ashe,0.3888888888888889,18
JUNGLE,MonkeyKing,Zac,1.0,1
JUNGLE,Zac,MonkeyKing,0.0,1
MIDDLE,Syndra,Yasuo,0.4444444444444444,36
MIDDLE,Yasuo,Syndra,0.5555555555555556,36
UTILITY,Bard,Camille,0.5128205128205128,39
UTILITY,Camille,Bard,0.48717948717948717,39
BOTTOM,Draven,Ezreal,0.4620253164556962,158
BOTTOM,Ezreal,Draven,0.5379746835443038,158
JUNGLE,LeeSin,Elise,0.36666666666666664,30
JUNGLE,Elise,LeeSin,0.6333333333333333,30
UTILITY,Renata,Rell,0.5909090909090909,22
UTILITY,Rell,Renata,0.4090909090909091,22
BOTTOM,Xayah,Seraphine,0.8333333333333334,6
BOTTOM,Seraphine,Xayah,0.16666666666666666,6
JUNGLE,Volibear,MonkeyKing,1.0,3
JUNGLE,MonkeyKing,Volibear,0.0,3
TOP,Varus,Ambessa,0.625,16
TOP,Ambessa,Varus,0.375,16
UTILITY,Bard,Rakan,0.4909090909090909,110
UTILITY,Rakan,Bard,0.509090909090909,110
BOTTOM,Corki,Smolder,0.5588235294117647,34
BOTTOM,Smolder,Corki,0.4411764705882353,34
JUNGLE,Elise,Graves,0.4722222222222222,36
JUNGLE,Graves,Elise,0.5277777777777778,36
MIDDLE,Akshan,Ambessa,0.6,5
MIDDLE,Ambessa,Akshan,0.4,5
TOP,Zac,Aurora,1.0,2
TOP,Aurora,Zac,0.0,2
UTILITY,Poppy,Thresh,0.6428571428571429,14
UTILITY,Thresh,Poppy,0.35714285714285715,14
BOTTOM,Caitlyn,Seraphine,0.3157894736842105,19
BOTTOM,Seraphine,Caitlyn,0.6842105263157895,19
JUNGLE,MonkeyKing,Belveth,0.6363636363636364,11
JUNGLE,Belveth,MonkeyKing,0.36363636363636365,11
MIDDLE,Leblanc,Corki,0.6666666666666666,3
MIDDLE,Corki,Leblanc,0.3333333333333333,3
TOP,Ambessa,Gragas,0.5,20
TOP,Gragas,Ambessa,0.5,20
BOTTOM,Caitlyn,Corki,0.4782608695652174,69
BOTTOM,Corki,Caitlyn,0.5217391304347826,69
JUNGLE,Belveth,Hecarim,0.625,16
JUNGLE,Hecarim,Belveth,0.375,16
MIDDLE,Orianna,Akali,0.4659090909090909,88
MIDDLE,Akali,Orianna,0.5340909090909091,88
TOP,KSante,Yasuo,0.5,18
TOP,Yasuo,KSante,0.5,18
BOTTOM,Corki,Xayah,0.5384615384615384,13
BOTTOM,Xayah,Corki,0.46153846153846156,13
JUNGLE,Nocturne,Viego,0.4411764705882353,34
JUNGLE,Viego,Nocturne,0.5588235294117647,34
MIDDLE,Galio,Akali,0.5294117647058824,51
MIDDLE,Akali,Galio,0.47058823529411764,51
TOP,Fiora,Darius,0.5555555555555556,18
TOP,Darius,Fiora,0.4444444444444444,18
UTILITY,Rell,TahmKench,0.5263157894736842,19
UTILITY,TahmKench,Rell,0.47368421052631576,19
BOTTOM,Varus,Corki,0.4482758620689655,29
BOTTOM,Corki,Varus,0.5517241379310345,29
TOP,KSante,Urgot,0.6470588235294118,17
TOP,Urgot,KSante,0.35294117647058826,17
BOTTOM,Jinx,Corki,0.6666666666666666,18
BOTTOM,Corki,Jinx,0.3333333333333333,18
JUNGLE,Elise,Khazix,0.7142857142857143,14
JUNGLE,Khazix,Elise,0.2857142857142857,14
MIDDLE,Yone,Ahri,0.4603174603174603,63
MIDDLE,Ahri,Yone,0.5396825396825397,63
TOP,Fiora,Singed,0.625,32
TOP,Singed,Fiora,0.375,32
UTILITY,Taric,Renata,0.6666666666666666,3
UTILITY,Renata,Taric,0.3333333333333333,3
JUNGLE,Kindred,Graves,0.4146341463414634,41
JUNGLE,Graves,Kindred,0.5853658536585366,41
MIDDLE,Xerath,Hwei,0.6,10
MIDDLE,Hwei,Xerath,0.4,10
UTILITY,Leona,Poppy,0.47058823529411764,17
UTILITY,Poppy,Leona,0.5294117647058824,17
BOTTOM,Varus,Draven,0.3333333333333333,33
BOTTOM,Draven,Varus,0.6666666666666666,33
JUNGLE,JarvanIV,Poppy,0.75,12
JUNGLE,Poppy,JarvanIV,0.25,12
MIDDLE,Aurora,Taliyah,0.42424242424242425,33
MIDDLE,Taliyah,Aurora,0.5757575757575758,33
TOP,Vladimir,Aatrox,0.6,10
TOP,Aatrox,Vladimir,0.4,10
BOTTOM,Velkoz,Draven,0.47619047619047616,21
BOTTOM,Draven,Velkoz,0.5238095238095238,21
JUNGLE,Vi,Ivern,0.5294117647058824,17
JUNGLE,Ivern,Vi,0.47058823529411764,17
MIDDLE,Aurora,Hwei,0.34782608695652173,23
MIDDLE,Hwei,Aurora,0.6521739130434783,23
TOP,KSante,Pantheon,0.45,20
TOP,Pantheon,KSante,0.55,20
UTILITY,Bard,Rell,0.5327868852459017,122
UTILITY,Rell,Bard,0.4672131147540984,122
JUNGLE,Khazix,Skarner,0.47368421052631576,19
JUNGLE,Skarner,Khazix,0.5263157894736842,19
MIDDLE,Aurora,Smolder,0.75,4
MIDDLE,Smolder,Aurora,0.25,4
TOP,Mordekaiser,Shen,0.8333333333333334,12
TOP,Shen,Mordekaiser,0.16666666666666666,12
UTILITY,Thresh,Seraphine,0.5510204081632653,49
UTILITY,Seraphine,Thresh,0.4489795918367347,49
JUNGLE,Neeko,Hecarim,1.0,1
JUNGLE,Hecarim,Neeko,0.0,1
MIDDLE,Smolder,Vex,0.5,2
MIDDLE,Vex,Smolder,0.5,2
TOP,KSante,Ambessa,0.625,32
TOP,Ambessa,KSante,0.375,32
UTILITY,Leona,Senna,0.5476190476190477,42
UTILITY,Senna,Leona,0.4523809523809524,42
BOTTOM,Ashe,Draven,0.4375,48
BOTTOM,Draven,Ashe,0.5625,48
JUNGLE,Nidalee,Elise,0.3181818181818182,22
JUNGLE,Elise,Nidalee,0.6818181818181818,22
MIDDLE,Fizz,Smolder,0.0,1
MIDDLE,Smolder,Fizz,1.0,1
TOP,Talon,Ornn,0.0,1
TOP,Ornn,Talon,1.0,1
BOTTOM,Caitlyn,Ezreal,0.48056537102473496,283
BOTTOM,Ezreal,Caitlyn,0.519434628975265,283
JUNGLE,Volibear,Qiyana,0.0,2
JUNGLE,Qiyana,Volibear,1.0,2
MIDDLE,Corki,Sylas,0.6,5
MIDDLE,Sylas,Corki,0.4,5
TOP,Gragas,KSante,0.5,18
TOP,KSante,Gragas,0.5,18
UTILITY,Lux,Karma,0.5660377358490566,53
UTILITY,Karma,Lux,0.4339622641509434,53
BOTTOM,Kaisa,Sivir,0.4482758620689655,29
BOTTOM,Sivir,Kaisa,0.5517241379310345,29
JUNGLE,Zyra,Nunu,0.0,5
JUNGLE,Nunu,Zyra,1.0,5
TOP,Yone,Riven,0.43478260869565216,23
TOP,Riven,Yone,0.5652173913043478,23
UTILITY,Pyke,Bard,0.5434782608695652,138
UTILITY,Bard,Pyke,0.45652173913043476,138
BOTTOM,Yasuo,Corki,0.42857142857142855,14
BOTTOM,Corki,Yasuo,0.5714285714285714,14
MIDDLE,Seraphine,Gragas,0.0,1
MIDDLE,Gragas,Seraphine,1.0,1
TOP,Tryndamere,Pantheon,0.3333333333333333,3
TOP,Pantheon,Tryndamere,0.6666666666666666,3
UTILITY,Neeko,Zilean,0.2857142857142857,7
UTILITY,Zilean,Neeko,0.7142857142857143,7
BOTTOM,Ezreal,Kalista,0.4028776978417266,139
BOTTOM,Kalista,Ezreal,0.5971223021582733,139
JUNGLE,Graves,Evelynn,0.42857142857142855,21
JUNGLE,Evelynn,Graves,0.5714285714285714,21
MIDDLE,Aurora,Talon,0.8333333333333334,6
MIDDLE,Talon,Aurora,0.16666666666666666,6
TOP,Aatrox,Yasuo,0.625,8
TOP,Yasuo,Aatrox,0.375,8
UTILITY,Janna,Blitzcrank,0.5263157894736842,38
UTILITY,Blitzcrank,Janna,0.47368421052631576,38
BOTTOM,Jinx,Ezreal,0.5039370078740157,127
BOTTOM,Ezreal,Jinx,0.49606299212598426,127
JUNGLE,MonkeyKing,Sylas,0.44,25
JUNGLE,Sylas,MonkeyKing,0.56,25
MIDDLE,Brand,Yasuo,0.75,12
MIDDLE,Yasuo,Brand,0.25,12
TOP,Fiora,Nidalee,1.0,1
TOP,Nidalee,Fiora,0.0,1
UTILITY,Rell,Pyke,0.5306122448979592,49
UTILITY,Pyke,Rell,0.46938775510204084,49
BOTTOM,Ezreal,Ziggs,0.5,36
BOTTOM,Ziggs,Ezreal,0.5,36
JUNGLE,Skarner,Kindred,0.36363636363636365,11
JUNGLE,Kindred,Skarner,0.6363636363636364,11
MIDDLE,Vex,Naafiri,0.25,4
MIDDLE,Naafiri,Vex,0.75,4
TOP,MasterYi,Camille,0.0,1
TOP,Camille,MasterYi,1.0,1
UTILITY,Sylas,Poppy,0.0,4
UTILITY,Poppy,Sylas,1.0,4
JUNGLE,MonkeyKing,Darius,0.8333333333333334,6
JUNGLE,Darius,MonkeyKing,0.16666666666666666,6
UTILITY,Heimerdinger,Nami,0.0,1
UTILITY,Nami,Heimerdinger,1.0,1
JUNGLE,JarvanIV,Elise,0.59375,32
JUNGLE,Elise,JarvanIV,0.40625,32
TOP,Aurora,Smolder,1.0,1
TOP,Smolder,Aurora,0.0,1
UTILITY,Karma,Senna,0.4925373134328358,134
UTILITY,Senna,Karma,0.5074626865671642,134
JUNGLE,JarvanIV,Maokai,0.5,2
JUNGLE,Maokai,JarvanIV,0.5,2
MIDDLE,Sylas,Jayce,0.5625,16
MIDDLE,Jayce,Sylas,0.4375,16
TOP,Olaf,Renekton,0.4,10
TOP,Renekton,Olaf,0.6,10
UTILITY,Lux,Nami,0.64,25
UTILITY,Nami,Lux,0.36,25
BOTTOM,Ziggs,KogMaw,0.6666666666666666,6
BOTTOM,KogMaw,Ziggs,0.3333333333333333,6
JUNGLE,Vi,JarvanIV,0.5625,64
JUNGLE,JarvanIV,Vi,0.4375,64
MIDDLE,Ahri,Swain,0.2857142857142857,7
MIDDLE,Swain,Ahri,0.7142857142857143,7
TOP,Jax,Jayce,0.47619047619047616,42
TOP,Jayce,Jax,0.5238095238095238,42
UTILITY,Rakan,Nautilus,0.4470588235294118,85
UTILITY,Nautilus,Rakan,0.5529411764705883,85
JUNGLE,Graves,Jax,0.625,8
JUNGLE,Jax,Graves,0.375,8
MIDDLE,Ahri,Azir,0.6904761904761905,42
MIDDLE,Azir,Ahri,0.30952380952380953,42
TOP,Gragas,Olaf,0.42857142857142855,7
TOP,Olaf,Gragas,0.5714285714285714,7
UTILITY,Leona,Blitzcrank,0.6923076923076923,26
UTILITY,Blitzcrank,Leona,0.3076923076923077,26
BOTTOM,Varus,Sivir,0.3333333333333333,33
BOTTOM,Sivir,Varus,0.6666666666666666,33
JUNGLE,Udyr,XinZhao,0.375,8
JUNGLE,XinZhao,Udyr,0.625,8
MIDDLE,Ahri,Aurora,0.5384615384615384,104
MIDDLE,Aurora,Ahri,0.46153846153846156,104
TOP,Gnar,Gangplank,0.46153846153846156,13
TOP,Gangplank,Gnar,0.5384615384615384,13
BOTTOM,Karthus,Kalista,0.4722222222222222,36
BOTTOM,Kalista,Karthus,0.5277777777777778,36
JUNGLE,Zyra,Kindred,0.4444444444444444,9
JUNGLE,Kindred,Zyra,0.5555555555555556,9
MIDDLE,Smolder,Irelia,1.0,2
MIDDLE,Irelia,Smolder,0.0,2
TOP,Gnar,Aurora,0.5882352941176471,17
TOP,Aurora,Gnar,0.4117647058823529,17
UTILITY,Nami,Thresh,0.4166666666666667,96
UTILITY,Thresh,Nami,0.5833333333333334,96
BOTTOM,Draven,Karthus,0.17391304347826086,23
BOTTOM,Karthus,Draven,0.8260869565217391,23
JUNGLE,Ivern,Zyra,0.42857142857142855,7
JUNGLE,Zyra,Ivern,0.5714285714285714,7
MIDDLE,Azir,Ambessa,0.0,1
MIDDLE,Ambessa,Azir,1.0,1
BOTTOM,Ashe,KSante,0.0,1
BOTTOM,KSante,Ashe,1.0,1
JUNGLE,XinZhao,Zac,0.5,8
JUNGLE,Zac,XinZhao,0.5,8
MIDDLE,Garen,Aurora,0.25,4
MIDDLE,Aurora,Garen,0.75,4
TOP,Ambessa,Kalista,0.0,2
TOP,Kalista,Ambessa,1.0,2
UTILITY,Pyke,Renata,0.25,4
UTILITY,Renata,Pyke,0.75,4
BOTTOM,Caitlyn,Jhin,0.4660633484162896,221
BOTTOM,Jhin,Caitlyn,0.5339366515837104,221
JUNGLE,XinZhao,JarvanIV,0.4878048780487805,82
JUNGLE,JarvanIV,XinZhao,0.5121951219512195,82
MIDDLE,Aurora,Akali,0.6,45
MIDDLE,Akali,Aurora,0.4,45
TOP,Ambessa,Irelia,0.5357142857142857,28
TOP,Irelia,Ambessa,0.4642857142857143,28
UTILITY,Janna,Lux,0.625,24
UTILITY,Lux,Janna,0.375,24
MIDDLE,Diana,Aurora,0.36363636363636365,11
MIDDLE,Aurora,Diana,0.6363636363636364,11
TOP,Renekton,Swain,1.0,1
TOP,Swain,Renekton,0.0,1
JUNGLE,LeeSin,JarvanIV,0.5079365079365079,126
JUNGLE,JarvanIV,LeeSin,0.49206349206349204,126
MIDDLE,Skarner,Renekton,1.0,1
MIDDLE,Renekton,Skarner,0.0,1
TOP,Anivia,Fizz,0.3333333333333333,3
TOP,Fizz,Anivia,0.6666666666666666,3
UTILITY,Leona,Milio,0.47619047619047616,21
UTILITY,Milio,Leona,0.5238095238095238,21
BOTTOM,Jhin,Smolder,0.5476190476190477,84
BOTTOM,Smolder,Jhin,0.4523809523809524,84
JUNGLE,Belveth,Karthus,0.42857142857142855,7
JUNGLE,Karthus,Belveth,0.5714285714285714,7
MIDDLE,Velkoz,Azir,0.3333333333333333,6
MIDDLE,Azir,Velkoz,0.6666666666666666,6
TOP,Gnar,Fiora,0.35294117647058826,17
TOP,Fiora,Gnar,0.6470588235294118,17
UTILITY,Shen,Nami,0.25,4
UTILITY,Nami,Shen,0.75,4
BOTTOM,Kalista,Varus,0.6304347826086957,46
BOTTOM,Varus,Kalista,0.3695652173913043,46
MIDDLE,Fizz,Ambessa,0.0,2
MIDDLE,Ambessa,Fizz,1.0,2
TOP,Yone,Renekton,0.5277777777777778,36
TOP,Renekton,Yone,0.4722222222222222,36
BOTTOM,Ashe,Ziggs,0.7333333333333333,30
BOTTOM,Ziggs,Ashe,0.26666666666666666,30
JUNGLE,Mordekaiser,Jax,1.0,1
JUNGLE,Jax,Mordekaiser,0.0,1
MIDDLE,Yone,Zed,0.28125,32
MIDDLE,Zed,Yone,0.71875,32
TOP,Aurora,LeeSin,0.25,4
TOP,LeeSin,Aurora,0.75,4
JUNGLE,Graves,LeeSin,0.4642857142857143,140
JUNGLE,LeeSin,Graves,0.5357142857142857,140
MIDDLE,Skarner,Malphite,1.0,1
MIDDLE,Malphite,Skarner,0.0,1
TOP,Darius,Gragas,0.7142857142857143,7
TOP,Gragas,Darius,0.2857142857142857,7
BOTTOM,Kaisa,Ezreal,0.5362318840579711,414
BOTTOM,Ezreal,Kaisa,0.463768115942029,414
JUNGLE,LeeSin,XinZhao,0.5352112676056338,71
JUNGLE,XinZhao,LeeSin,0.4647887323943662,71
MIDDLE,Swain,Viktor,0.5,6
MIDDLE,Viktor,Swain,0.5,6
TOP,Volibear,Aurora,0.6666666666666666,3
TOP,Aurora,Volibear,0.3333333333333333,3
UTILITY,JarvanIV,Lux,0.0,1
UTILITY,Lux,JarvanIV,1.0,1
BOTTOM,Ashe,Smolder,0.648936170212766,94
BOTTOM,Smolder,Ashe,0.35106382978723405,94
MIDDLE,Orianna,Yone,0.6176470588235294,34
MIDDLE,Yone,Orianna,0.38235294117647056,34
TOP,Singed,Jayce,0.5161290322580645,31
TOP,Jayce,Singed,0.4838709677419355,31
UTILITY,Senna,Poppy,0.5555555555555556,9
UTILITY,Poppy,Senna,0.4444444444444444,9
JUNGLE,Belveth,Volibear,0.5,2
JUNGLE,Volibear,Belveth,0.5,2
MIDDLE,Kassadin,Ambessa,0.25,4
MIDDLE,Ambessa,Kassadin,0.75,4
BOTTOM,Aphelios,Swain,0.5,6
BOTTOM,Swain,Aphelios,0.5,6
JUNGLE,Kayn,Belveth,0.4,5
JUNGLE,Belveth,Kayn,0.6,5
MIDDLE,Xerath,Ekko,0.36363636363636365,11
MIDDLE,Ekko,Xerath,0.6363636363636364,11
TOP,Yorick,KSante,0.375,8
TOP,KSante,Yorick,0.625,8
UTILITY,Skarner,Renata,0.0,2
UTILITY,Renata,Skarner,1.0,2
MIDDLE,Corki,Hwei,0.5,4
MIDDLE,Hwei,Corki,0.5,4
TOP,Aurora,Garen,0.7142857142857143,7
TOP,Garen,Aurora,0.2857142857142857,7
UTILITY,Pyke,TahmKench,0.6666666666666666,3
UTILITY,TahmKench,Pyke,0.3333333333333333,3
BOTTOM,Draven,Corki,0.5357142857142857,28
BOTTOM,Corki,Draven,0.4642857142857143,28
JUNGLE,Rengar,MonkeyKing,0.43478260869565216,23
JUNGLE,MonkeyKing,Rengar,0.5652173913043478,23
TOP,Poppy,Yone,0.0,3
TOP,Yone,Poppy,1.0,3
UTILITY,Soraka,Blitzcrank,0.46153846153846156,26
UTILITY,Blitzcrank,Soraka,0.5384615384615384,26
JUNGLE,Zyra,Nocturne,0.5454545454545454,11
JUNGLE,Nocturne,Zyra,0.45454545454545453,11
MIDDLE,Yasuo,Galio,0.5652173913043478,23
MIDDLE,Galio,Yasuo,0.43478260869565216,23
TOP,Ambessa,Aurora,0.42105263157894735,19
TOP,Aurora,Ambessa,0.5789473684210527,19
BOTTOM,Smolder,Caitlyn,0.5365853658536586,82
BOTTOM,Caitlyn,Smolder,0.4634146341463415,82
JUNGLE,Zyra,Viego,0.375,16
JUNGLE,Viego,Zyra,0.625,16
TOP,Gnar,Jayce,0.38,50
TOP,Jayce,Gnar,0.62,50
UTILITY,Bard,Veigar,0.5,6
UTILITY,Veigar,Bard,0.5,6
JUNGLE,Graves,Volibear,0.6,5
JUNGLE,Volibear,Graves,0.4,5
MIDDLE,Zed,Aurora,0.5,28
MIDDLE,Aurora,Zed,0.5,28
TOP,Gragas,DrMundo,0.5333333333333333,15
TOP,DrMundo,Gragas,0.4666666666666667,15
UTILITY,Veigar,Nautilus,0.25,4
UTILITY,Nautilus,Veigar,0.75,4
JUNGLE,MonkeyKing,JarvanIV,0.5555555555555556,45
JUNGLE,JarvanIV,MonkeyKing,0.4444444444444444,45
MIDDLE,Swain,Aurora,0.3333333333333333,3
MIDDLE,Aurora,Swain,0.6666666666666666,3
TOP,Ambessa,Trundle,0.0,2
TOP,Trundle,Ambessa,1.0,2
UTILITY,Veigar,Neeko,0.5,2
UTILITY,Neeko,Veigar,0.5,2
JUNGLE,Volibear,Skarner,0.6,5
JUNGLE,Skarner,Volibear,0.4,5
TOP,DrMundo,Gnar,0.375,8
TOP,Gnar,DrMundo,0.625,8
UTILITY,Lux,Zoe,0.8,5
UTILITY,Zoe,Lux,0.2,5
JUNGLE,MasterYi,Volibear,0.5714285714285714,7
JUNGLE,Volibear,MasterYi,0.42857142857142855,7
MIDDLE,Leblanc,Aurora,0.48484848484848486,33
MIDDLE,Aurora,Leblanc,0.5151515151515151,33
TOP,DrMundo,Camille,0.5,6
TOP,Camille,DrMundo,0.5,6
UTILITY,Lux,Thresh,0.5384615384615384,26
UTILITY,Thresh,Lux,0.46153846153846156,26
MIDDLE,Aurora,Akshan,0.3783783783783784,37
MIDDLE,Akshan,Aurora,0.6216216216216216,37
BOTTOM,Karthus,Ashe,0.5555555555555556,27
BOTTOM,Ashe,Karthus,0.4444444444444444,27
JUNGLE,Kindred,Evelynn,0.6666666666666666,3
JUNGLE,Evelynn,Kindred,0.3333333333333333,3
MIDDLE,Galio,Viego,0.3333333333333333,3
MIDDLE,Viego,Galio,0.6666666666666666,3
TOP,Riven,Pantheon,0.5,12
TOP,Pantheon,Riven,0.5,12
UTILITY,Zyra,Lulu,0.5,4
UTILITY,Lulu,Zyra,0.5,4
BOTTOM,Caitlyn,Sivir,0.4375,32
BOTTOM,Sivir,Caitlyn,0.5625,32
JUNGLE,Viego,Elise,0.48,25
JUNGLE,Elise,Viego,0.52,25
MIDDLE,Syndra,Aurora,0.5476190476190477,42
MIDDLE,Aurora,Syndra,0.4523809523809524,42
TOP,Ambessa,Riven,0.45454545454545453,22
TOP,Riven,Ambessa,0.5454545454545454,22
JUNGLE,Talon,Viego,0.47619047619047616,42
JUNGLE,Viego,Talon,0.5238095238095238,42
MIDDLE,Aurora,Fizz,0.6666666666666666,15
MIDDLE,Fizz,Aurora,0.3333333333333333,15
TOP,Darius,Kennen,0.6,10
TOP,Kennen,Darius,0.4,10
UTILITY,TahmKench,Rakan,0.625,8
UTILITY,Rakan,TahmKench,0.375,8
BOTTOM,Samira,Hwei,0.6,5
BOTTOM,Hwei,Samira,0.4,5
JUNGLE,Udyr,Sejuani,0.8,5
JUNGLE,Sejuani,Udyr,0.2,5
MIDDLE,Kassadin,Skarner,1.0,1
MIDDLE,Skarner,Kassadin,0.0,1
UTILITY,Swain,Braum,0.5,4
UTILITY,Braum,Swain,0.5,4
BOTTOM,Varus,Ezreal,0.46078431372549017,102
BOTTOM,Ezreal,Varus,0.5392156862745098,102
JUNGLE,Kindred,Zac,0.75,4
JUNGLE,Zac,Kindred,0.25,4
MIDDLE,Fizz,Zed,0.7142857142857143,14
MIDDLE,Zed,Fizz,0.2857142857142857,14
TOP,DrMundo,Riven,0.7142857142857143,7
TOP,Riven,DrMundo,0.2857142857142857,7
UTILITY,Janna,Sona,0.5,24
UTILITY,Sona,Janna,0.5,24
BOTTOM,Vayne,Jinx,0.5625,16
BOTTOM,Jinx,Vayne,0.4375,16
JUNGLE,Hecarim,DrMundo,0.6,10
JUNGLE,DrMundo,Hecarim,0.4,10
MIDDLE,Fizz,Talon,1.0,4
MIDDLE,Talon,Fizz,0.0,4
JUNGLE,MonkeyKing,Gragas,1.0,1
JUNGLE,Gragas,MonkeyKing,0.0,1
MIDDLE,Fizz,Sylas,0.5,20
MIDDLE,Sylas,Fizz,0.5,20
TOP,Gnar,Aatrox,0.5,24
TOP,Aatrox,Gnar,0.5,24
BOTTOM,Tristana,Corki,0.45454545454545453,33
BOTTOM,Corki,Tristana,0.5454545454545454,33
JUNGLE,Nasus,Viego,0.4,5
JUNGLE,Viego,Nasus,0.6,5
TOP,Yone,Gnar,0.625,24
TOP,Gnar,Yone,0.375,24
UTILITY,Maokai,Thresh,0.45454545454545453,11
UTILITY,Thresh,Maokai,0.5454545454545454,11
TOP,Ambessa,MonkeyKing,0.0,2
TOP,MonkeyKing,Ambessa,1.0,2
UTILITY,Milio,Renata,0.3333333333333333,3
UTILITY,Renata,Milio,0.6666666666666666,3
BOTTOM,Samira,Ashe,0.4583333333333333,24
BOTTOM,Ashe,Samira,0.5416666666666666,24
MIDDLE,Hwei,Fizz,0.5,4
MIDDLE,Fizz,Hwei,0.5,4
TOP,Gnar,Ornn,0.4423076923076923,52
TOP,Ornn,Gnar,0.5576923076923077,52
UTILITY,Poppy,Pyke,0.6470588235294118,17
UTILITY,Pyke,Poppy,0.35294117647058826,17
BOTTOM,MissFortune,Jinx,0.631578947368421,19
BOTTOM,Jinx,MissFortune,0.3684210526315789,19
JUNGLE,Graves,Zed,0.6111111111111112,18
JUNGLE,Zed,Graves,0.3888888888888889,18
TOP,Chogath,Darius,1.0,4
TOP,Darius,Chogath,0.0,4
UTILITY,Zoe,Lulu,0.38461538461538464,13
UTILITY,Lulu,Zoe,0.6153846153846154,13
TOP,Yone,Irelia,0.4166666666666667,12
TOP,Irelia,Yone,0.5833333333333334,12
UTILITY,TahmKench,Milio,0.0,2
UTILITY,Milio,TahmKench,1.0,2
BOTTOM,Sivir,Ezreal,0.4473684210526316,152
BOTTOM,Ezreal,Sivir,0.5526315789473685,152
JUNGLE,MasterYi,Udyr,0.3333333333333333,9
JUNGLE,Udyr,MasterYi,0.6666666666666666,9
MIDDLE,Yone,Fizz,0.6666666666666666,18
MIDDLE,Fizz,Yone,0.3333333333333333,18
TOP,Ornn,Ambessa,0.47619047619047616,42
TOP,Ambessa,Ornn,0.5238095238095238,42
UTILITY,Zoe,Taric,0.6666666666666666,3
UTILITY,Taric,Zoe,0.3333333333333333,3
BOTTOM,TahmKench,Hwei,0.0,1
BOTTOM,Hwei,TahmKench,1.0,1
JUNGLE,Belveth,Jax,0.4,5
JUNGLE,Jax,Belveth,0.6,5
TOP,Jayce,Malphite,0.4421052631578947,95
TOP,Malphite,Jayce,0.5578947368421052,95
UTILITY,Velkoz,Senna,0.42857142857142855,14
UTILITY,Senna,Velkoz,0.5714285714285714,14
JUNGLE,Belveth,Elise,0.42857142857142855,7
JUNGLE,Elise,Belveth,0.5714285714285714,7
TOP,Yasuo,DrMundo,0.6,5
TOP,DrMundo,Yasuo,0.4,5
UTILITY,Janna,Renata,0.36363636363636365,11
UTILITY,Renata,Janna,0.6363636363636364,11
JUNGLE,Zed,Zac,0.75,4
JUNGLE,Zac,Zed,0.25,4
MIDDLE,Veigar,Vex,0.0,1
MIDDLE,Vex,Veigar,1.0,1
TOP,Pantheon,Yone,0.6153846153846154,13
TOP,Yone,Pantheon,0.38461538461538464,13
UTILITY,Nautilus,Janna,0.5086206896551724,116
UTILITY,Janna,Nautilus,0.49137931034482757,116
JUNGLE,Ivern,Nocturne,0.44,25
JUNGLE,Nocturne,Ivern,0.56,25
TOP,Akali,Yone,0.625,16
TOP,Yone,Akali,0.375,16
UTILITY,Bard,Blitzcrank,0.42857142857142855,42
UTILITY,Blitzcrank,Bard,0.5714285714285714,42
TOP,Camille,Mordekaiser,0.2222222222222222,9
TOP,Mordekaiser,Camille,0.7777777777777778,9
UTILITY,Poppy,Rakan,0.5806451612903226,31
UTILITY,Rakan,Poppy,0.41935483870967744,31
BOTTOM,Corki,Zoe,0.0,1
BOTTOM,Zoe,Corki,1.0,1
JUNGLE,Diana,Viego,0.42857142857142855,28
JUNGLE,Viego,Diana,0.5714285714285714,28
UTILITY,Blitzcrank,Taric,0.3333333333333333,3
UTILITY,Taric,Blitzcrank,0.6666666666666666,3
JUNGLE,Elise,Gragas,1.0,1
JUNGLE,Gragas,Elise,0.0,1
TOP,Aatrox,Renekton,0.3333333333333333,27
TOP,Renekton,Aatrox,0.6666666666666666,27
UTILITY,Nautilus,Renata,0.3181818181818182,22
UTILITY,Renata,Nautilus,0.6818181818181818,22
JUNGLE,Talon,JarvanIV,0.53125,64
JUNGLE,JarvanIV,Talon,0.46875,64
MIDDLE,Akali,Katarina,0.5135135135135135,37
MIDDLE,Katarina,Akali,0.4864864864864865,37
TOP,Sett,Ambessa,0.7,10
TOP,Ambessa,Sett,0.3,10
UTILITY,Poppy,Janna,0.5882352941176471,17
UTILITY,Janna,Poppy,0.4117647058823529,17
JUNGLE,Skarner,XinZhao,0.6956521739130435,23
JUNGLE,XinZhao,Skarner,0.30434782608695654,23
TOP,Sett,Gragas,0.0,4
TOP,Gragas,Sett,1.0,4
UTILITY,Pyke,Nami,0.46774193548387094,62
UTILITY,Nami,Pyke,0.532258064516129,62
BOTTOM,Varus,Qiyana,0.5,2
BOTTOM,Qiyana,Varus,0.5,2
JUNGLE,Zac,Viego,0.5,6
JUNGLE,Viego,Zac,0.5,6
TOP,Sett,Darius,0.4,5
TOP,Darius,Sett,0.6,5
UTILITY,Nami,Bard,0.46808510638297873,188
UTILITY,Bard,Nami,0.5319148936170213,188
BOTTOM,Aurora,Ezreal,0.3333333333333333,3
BOTTOM,Ezreal,Aurora,0.6666666666666666,3
JUNGLE,Belveth,Ivern,0.3333333333333333,6
JUNGLE,Ivern,Belveth,0.6666666666666666,6
MIDDLE,Corki,Fizz,0.0,1
MIDDLE,Fizz,Corki,1.0,1
TOP,Darius,Gnar,0.4166666666666667,24
TOP,Gnar,Darius,0.5833333333333334,24
UTILITY,Nautilus,Nami,0.46530612244897956,245
UTILITY,Nami,Nautilus,0.5346938775510204,245
JUNGLE,Elise,XinZhao,0.4375,16
JUNGLE,XinZhao,Elise,0.5625,16
MIDDLE,Qiyana,Fizz,0.4166666666666667,12
MIDDLE,Fizz,Qiyana,0.5833333333333334,12
UTILITY,Senna,Maokai,0.5,4
UTILITY,Maokai,Senna,0.5,4
JUNGLE,Lillia,Viego,0.25,12
JUNGLE,Viego,Lillia,0.75,12
MIDDLE,Yone,Cassiopeia,0.4583333333333333,24
MIDDLE,Cassiopeia,Yone,0.5416666666666666,24
UTILITY,Senna,Thresh,0.59375,64
UTILITY,Thresh,Senna,0.40625,64
JUNGLE,Volibear,Hecarim,0.4,5
JUNGLE,Hecarim,Volibear,0.6,5
MIDDLE,Gwen,Vex,0.5,2
MIDDLE,Vex,Gwen,0.5,2
TOP,Sett,Ornn,0.45454545454545453,11
TOP,Ornn,Sett,0.5454545454545454,11
UTILITY,Pyke,Yuumi,0.6111111111111112,18
UTILITY,Yuumi,Pyke,0.3888888888888889,18
JUNGLE,Kindred,Talon,0.5454545454545454,11
JUNGLE,Talon,Kindred,0.45454545454545453,11
MIDDLE,Galio,Karma,0.6666666666666666,3
MIDDLE,Karma,Galio,0.3333333333333333,3
TOP,Gnar,TahmKench,0.5,2
TOP,TahmKench,Gnar,0.5,2
UTILITY,Thresh,Neeko,0.45161290322580644,31
UTILITY,Neeko,Thresh,0.5483870967741935,31
BOTTOM,Tristana,MissFortune,0.5714285714285714,14
BOTTOM,MissFortune,Tristana,0.42857142857142855,14
JUNGLE,Graves,Karthus,0.5384615384615384,26
JUNGLE,Karthus,Graves,0.46153846153846156,26
TOP,Sion,Riven,0.56,25
TOP,Riven,Sion,0.44,25
BOTTOM,Nilah,Caitlyn,0.6428571428571429,14
BOTTOM,Caitlyn,Nilah,0.35714285714285715,14
TOP,Gnar,Jax,0.56,25
TOP,Jax,Gnar,0.44,25
UTILITY,Renata,Soraka,0.3333333333333333,3
UTILITY,Soraka,Renata,0.6666666666666666,3
BOTTOM,Jinx,KogMaw,0.44,25
BOTTOM,KogMaw,Jinx,0.56,25
MIDDLE,Katarina,Aurora,0.5416666666666666,24
MIDDLE,Aurora,Katarina,0.4583333333333333,24
UTILITY,Leona,Rakan,0.525,40
UTILITY,Rakan,Leona,0.475,40
MIDDLE,Yone,Sylas,0.5384615384615384,39
MIDDLE,Sylas,Yone,0.46153846153846156,39
TOP,Jax,Riven,0.6206896551724138,29
TOP,Riven,Jax,0.3793103448275862,29
UTILITY,Seraphine,Alistar,0.5483870967741935,31
UTILITY,Alistar,Seraphine,0.45161290322580644,31
TOP,KSante,Riven,0.75,20
TOP,Riven,KSante,0.25,20
JUNGLE,Graves,Khazix,0.4883720930232558,86
JUNGLE,Khazix,Graves,0.5116279069767442,86
MIDDLE,Talon,Galio,0.6666666666666666,3
MIDDLE,Galio,Talon,0.3333333333333333,3
TOP,Akali,Ambessa,0.6923076923076923,13
TOP,Ambessa,Akali,0.3076923076923077,13
UTILITY,Lulu,Braum,0.4,25
UTILITY,Braum,Lulu,0.6,25
MIDDLE,Viktor,Irelia,0.4782608695652174,23
MIDDLE,Irelia,Viktor,0.5217391304347826,23
TOP,Fiora,Aurora,0.5,8
TOP,Aurora,Fiora,0.5,8
BOTTOM,Draven,Aphelios,0.4827586206896552,29
BOTTOM,Aphelios,Draven,0.5172413793103449,29
MIDDLE,Taliyah,Katarina,0.5,14
MIDDLE,Katarina,Taliyah,0.5,14
TOP,Rumble,Sett,0.7142857142857143,7
TOP,Sett,Rumble,0.2857142857142857,7
UTILITY,Zilean,Lulu,0.5263157894736842,38
UTILITY,Lulu,Zilean,0.47368421052631576,38
JUNGLE,Viego,Karthus,0.5714285714285714,7
JUNGLE,Karthus,Viego,0.42857142857142855,7
MIDDLE,Hwei,Akshan,0.5,8
MIDDLE,Akshan,Hwei,0.5,8
UTILITY,Pyke,Janna,0.575,40
UTILITY,Janna,Pyke,0.425,40
BOTTOM,Jinx,Viktor,0.5,2
BOTTOM,Viktor,Jinx,0.5,2
JUNGLE,Vi,RekSai,0.7058823529411765,17
JUNGLE,RekSai,Vi,0.29411764705882354,17
MIDDLE,Ahri,Vladimir,0.4838709677419355,31
MIDDLE,Vladimir,Ahri,0.5161290322580645,31
UTILITY,Renata,Nami,0.2857142857142857,14
UTILITY,Nami,Renata,0.7142857142857143,14
BOTTOM,Kalista,Ashe,0.5405405405405406,111
BOTTOM,Ashe,Kalista,0.4594594594594595,111
TOP,Gragas,Renekton,0.46153846153846156,13
TOP,Renekton,Gragas,0.5384615384615384,13
UTILITY,Rell,Braum,0.49206349206349204,63
UTILITY,Braum,Rell,0.5079365079365079,63
JUNGLE,MonkeyKing,Nidalee,0.6666666666666666,15
JUNGLE,Nidalee,MonkeyKing,0.3333333333333333,15
MIDDLE,Orianna,Sion,0.75,12
MIDDLE,Sion,Orianna,0.25,12
UTILITY,Nami,Karma,0.48638132295719844,257
UTILITY,Karma,Nami,0.5136186770428015,257
JUNGLE,LeeSin,Karthus,0.6521739130434783,23
JUNGLE,Karthus,LeeSin,0.34782608695652173,23
MIDDLE,Hwei,Ezreal,0.4,5
MIDDLE,Ezreal,Hwei,0.6,5
UTILITY,Nautilus,Morgana,0.47368421052631576,19
UTILITY,Morgana,Nautilus,0.5263157894736842,19
JUNGLE,LeeSin,Viego,0.5333333333333333,90
JUNGLE,Viego,LeeSin,0.4666666666666667,90
TOP,Gragas,Gnar,0.375,16
TOP,Gnar,Gragas,0.625,16
UTILITY,Nami,Brand,0.42857142857142855,7
UTILITY,Brand,Nami,0.5714285714285714,7
JUNGLE,XinZhao,Viego,0.5348837209302325,43
JUNGLE,Viego,XinZhao,0.46511627906976744,43
TOP,Ambessa,Poppy,0.2727272727272727,11
TOP,Poppy,Ambessa,0.7272727272727273,11
BOTTOM,Nilah,Ezreal,0.7368421052631579,19
BOTTOM,Ezreal,Nilah,0.2631578947368421,19
UTILITY,Senna,Rakan,0.5333333333333333,45
UTILITY,Rakan,Senna,0.4666666666666667,45
JUNGLE,Kayn,Nunu,0.3,10
JUNGLE,Nunu,Kayn,0.7,10
MIDDLE,Vladimir,Zed,0.2857142857142857,21
MIDDLE,Zed,Vladimir,0.7142857142857143,21
TOP,Varus,Malphite,0.6363636363636364,33
TOP,Malphite,Varus,0.36363636363636365,33
UTILITY,Nami,Zyra,0.36363636363636365,11
UTILITY,Zyra,Nami,0.6363636363636364,11
BOTTOM,Mel,Karthus,0.2857142857142857,7
BOTTOM,Karthus,Mel,0.7142857142857143,7
JUNGLE,JarvanIV,Nocturne,0.5324675324675324,77
JUNGLE,Nocturne,JarvanIV,0.4675324675324675,77
MIDDLE,Leblanc,Gangplank,1.0,3
MIDDLE,Gangplank,Leblanc,0.0,3
TOP,Volibear,Camille,0.5,4
TOP,Camille,Volibear,0.5,4
UTILITY,Lulu,Seraphine,0.46511627906976744,86
UTILITY,Seraphine,Lulu,0.5348837209302325,86
BOTTOM,Jhin,Jinx,0.417910447761194,67
BOTTOM,Jinx,Jhin,0.582089552238806,67
JUNGLE,Nunu,LeeSin,0.52,25
JUNGLE,LeeSin,Nunu,0.48,25
MIDDLE,Ahri,Hwei,0.5945945945945946,37
MIDDLE,Hwei,Ahri,0.40540540540540543,37
BOTTOM,Kaisa,Corki,0.42424242424242425,66
BOTTOM,Corki,Kaisa,0.5757575757575758,66
JUNGLE,JarvanIV,Nunu,0.4791666666666667,48
JUNGLE,Nunu,JarvanIV,0.5208333333333334,48
MIDDLE,Mel,Yone,0.25,20
MIDDLE,Yone,Mel,0.75,20
TOP,Riven,Shen,0.7142857142857143,7
TOP,Shen,Riven,0.2857142857142857,7
UTILITY,Milio,Karma,0.4888888888888889,45
UTILITY,Karma,Milio,0.5111111111111111,45
JUNGLE,Ivern,Nunu,0.4166666666666667,12
JUNGLE,Nunu,Ivern,0.5833333333333334,12
TOP,Camille,MonkeyKing,0.0,1
TOP,MonkeyKing,Camille,1.0,1
BOTTOM,Corki,Nilah,0.5,6
BOTTOM,Nilah,Corki,0.5,6
JUNGLE,Nunu,Viego,0.7777777777777778,18
JUNGLE,Viego,Nunu,0.2222222222222222,18
MIDDLE,Leblanc,Syndra,0.4909090909090909,55
MIDDLE,Syndra,Leblanc,0.509090909090909,55
TOP,Jayce,Gangplank,0.5652173913043478,23
TOP,Gangplank,Jayce,0.43478260869565216,23
UTILITY,Lulu,Yuumi,0.8,20
UTILITY,Yuumi,Lulu,0.2,20
BOTTOM,Caitlyn,Mel,0.6,25
BOTTOM,Mel,Caitlyn,0.4,25
JUNGLE,Khazix,Hecarim,0.4166666666666667,48
JUNGLE,Hecarim,Khazix,0.5833333333333334,48
MIDDLE,Ahri,Corki,0.625,8
MIDDLE,Corki,Ahri,0.375,8
TOP,Garen,Teemo,0.3333333333333333,3
TOP,Teemo,Garen,0.6666666666666666,3
UTILITY,Bard,Lux,0.5227272727272727,44
UTILITY,Lux,Bard,0.4772727272727273,44
JUNGLE,JarvanIV,Kayn,0.6363636363636364,33
JUNGLE,Kayn,JarvanIV,0.36363636363636365,33
MIDDLE,Katarina,Ahri,0.5232558139534884,86
MIDDLE,Ahri,Katarina,0.47674418604651164,86
TOP,Nautilus,KSante,1.0,1
TOP,KSante,Nautilus,0.0,1
UTILITY,Neeko,Lulu,0.41935483870967744,62
UTILITY,Lulu,Neeko,0.5806451612903226,62
BOTTOM,Nilah,MissFortune,0.4,5
BOTTOM,MissFortune,Nilah,0.6,5
JUNGLE,Udyr,Nunu,0.3333333333333333,6
JUNGLE,Nunu,Udyr,0.6666666666666666,6
MIDDLE,Chogath,Smolder,0.5,2
MIDDLE,Smolder,Chogath,0.5,2
TOP,Zilean,Vladimir,0.3333333333333333,3
TOP,Vladimir,Zilean,0.6666666666666666,3
UTILITY,Nami,Maokai,0.6428571428571429,14
UTILITY,Maokai,Nami,0.35714285714285715,14
BOTTOM,Corki,Twitch,0.47368421052631576,19
BOTTOM,Twitch,Corki,0.5263157894736842,19
JUNGLE,Nunu,Diana,0.7692307692307693,13
JUNGLE,Diana,Nunu,0.23076923076923078,13
MIDDLE,Ambessa,Teemo,0.0,1
MIDDLE,Teemo,Ambessa,1.0,1
TOP,Neeko,Galio,0.0,1
TOP,Galio,Neeko,1.0,1
BOTTOM,Corki,MissFortune,0.6842105263157895,19
BOTTOM,MissFortune,Corki,0.3157894736842105,19
JUNGLE,Khazix,Nunu,0.5909090909090909,22
JUNGLE,Nunu,Khazix,0.4090909090909091,22
MIDDLE,Vladimir,Aurora,0.6818181818181818,22
MIDDLE,Aurora,Vladimir,0.3181818181818182,22
TOP,Poppy,Sett,1.0,1
TOP,Sett,Poppy,0.0,1
UTILITY,Maokai,Karma,0.3333333333333333,6
UTILITY,Karma,Maokai,0.6666666666666666,6
JUNGLE,Nunu,MonkeyKing,0.6,10
JUNGLE,MonkeyKing,Nunu,0.4,10
MIDDLE,Corki,Swain,1.0,1
MIDDLE,Swain,Corki,0.0,1
TOP,Vladimir,Lux,1.0,1
TOP,Lux,Vladimir,0.0,1
UTILITY,Milio,Lulu,0.4666666666666667,45
UTILITY,Lulu,Milio,0.5333333333333333,45
JUNGLE,Pantheon,Nunu,0.46153846153846156,13
JUNGLE,Nunu,Pantheon,0.5384615384615384,13
MIDDLE,Zoe,Velkoz,0.3333333333333333,3
MIDDLE,Velkoz,Zoe,0.6666666666666666,3
TOP,Maokai,Yorick,0.0,1
TOP,Yorick,Maokai,1.0,1
UTILITY,Thresh,Nautilus,0.5972222222222222,144
UTILITY,Nautilus,Thresh,0.4027777777777778,144
JUNGLE,Zac,Nunu,0.625,8
JUNGLE,Nunu,Zac,0.375,8
MIDDLE,Galio,Katarina,0.47368421052631576,38
MIDDLE,Katarina,Galio,0.5263157894736842,38
TOP,Yone,Aatrox,0.3125,16
TOP,Aatrox,Yone,0.6875,16
BOTTOM,MissFortune,Mel,0.45454545454545453,11
BOTTOM,Mel,MissFortune,0.5454545454545454,11
MIDDLE,Veigar,Tryndamere,0.0,2
MIDDLE,Tryndamere,Veigar,1.0,2
TOP,Ornn,Illaoi,0.3,10
TOP,Illaoi,Ornn,0.7,10
UTILITY,Morgana,Nami,0.5714285714285714,7
UTILITY,Nami,Morgana,0.42857142857142855,7
JUNGLE,Nunu,XinZhao,0.4,25
JUNGLE,XinZhao,Nunu,0.6,25
MIDDLE,Aurora,Veigar,0.47058823529411764,17
MIDDLE,Veigar,Aurora,0.5294117647058824,17
TOP,Darius,Singed,0.47368421052631576,38
TOP,Singed,Darius,0.5263157894736842,38
UTILITY,Karma,Soraka,0.4189189189189189,74
UTILITY,Soraka,Karma,0.581081081081081,74
BOTTOM,Caitlyn,Kalista,0.4935064935064935,77
BOTTOM,Kalista,Caitlyn,0.5064935064935064,77
JUNGLE,Graves,Nunu,0.35135135135135137,37
JUNGLE,Nunu,Graves,0.6486486486486487,37
TOP,Ambessa,TahmKench,0.5,4
TOP,TahmKench,Ambessa,0.5,4
UTILITY,Milio,Rell,0.47368421052631576,19
UTILITY,Rell,Milio,0.5263157894736842,19
BOTTOM,Jhin,Maokai,0.0,1
BOTTOM,Maokai,Jhin,1.0,1
MIDDLE,Ryze,Yone,0.2926829268292683,41
MIDDLE,Yone,Ryze,0.7073170731707317,41
TOP,Vayne,Twitch,0.5,4
TOP,Twitch,Vayne,0.5,4
UTILITY,Elise,Lulu,0.45,20
UTILITY,Lulu,Elise,0.55,20
BOTTOM,Aphelios,Smolder,0.5161290322580645,31
BOTTOM,Smolder,Aphelios,0.4838709677419355,31
JUNGLE,Nunu,MasterYi,0.38461538461538464,13
JUNGLE,MasterYi,Nunu,0.6153846153846154,13
MIDDLE,Cassiopeia,Katarina,0.5,16
MIDDLE,Katarina,Cassiopeia,0.5,16
TOP,Gnar,Urgot,0.36363636363636365,11
TOP,Urgot,Gnar,0.6363636363636364,11
BOTTOM,Draven,Smolder,0.5952380952380952,42
BOTTOM,Smolder,Draven,0.40476190476190477,42
JUNGLE,Karthus,Nunu,0.26666666666666666,15
JUNGLE,Nunu,Karthus,0.7333333333333333,15
MIDDLE,Shen,Katarina,0.6666666666666666,3
MIDDLE,Katarina,Shen,0.3333333333333333,3
TOP,Chogath,Jayce,0.4,10
TOP,Jayce,Chogath,0.6,10
UTILITY,Thresh,Janna,0.6129032258064516,62
UTILITY,Janna,Thresh,0.3870967741935484,62
BOTTOM,Seraphine,Hwei,1.0,4
BOTTOM,Hwei,Seraphine,0.0,4
JUNGLE,Viego,Pantheon,0.3181818181818182,22
JUNGLE,Pantheon,Viego,0.6818181818181818,22
MIDDLE,Corki,Viktor,0.6666666666666666,3
MIDDLE,Viktor,Corki,0.3333333333333333,3
TOP,Azir,Renekton,1.0,2
TOP,Renekton,Azir,0.0,2
UTILITY,Sona,Nami,0.5147058823529411,68
UTILITY,Nami,Sona,0.4852941176470588,68
JUNGLE,Zyra,Karthus,0.38461538461538464,13
JUNGLE,Karthus,Zyra,0.6153846153846154,13
MIDDLE,Syndra,Akali,0.5844155844155844,77
MIDDLE,Akali,Syndra,0.4155844155844156,77
TOP,Yasuo,Jayce,0.4838709677419355,31
TOP,Jayce,Yasuo,0.5161290322580645,31
UTILITY,Camille,Thresh,0.6190476190476191,21
UTILITY,Thresh,Camille,0.38095238095238093,21
BOTTOM,Tristana,Varus,0.5,24
BOTTOM,Varus,Tristana,0.5,24
JUNGLE,MonkeyKing,LeeSin,0.46808510638297873,47
JUNGLE,LeeSin,MonkeyKing,0.5319148936170213,47
MIDDLE,Aurora,Zoe,0.4782608695652174,23
MIDDLE,Zoe,Aurora,0.5217391304347826,23
TOP,Akali,Gragas,0.75,8
TOP,Gragas,Akali,0.25,8
UTILITY,Maokai,Rell,0.4444444444444444,9
UTILITY,Rell,Maokai,0.5555555555555556,9
BOTTOM,Jax,MissFortune,0.0,1
BOTTOM,MissFortune,Jax,1.0,1
JUNGLE,Nunu,Elise,0.5,10
JUNGLE,Elise,Nunu,0.5,10
MIDDLE,Viktor,Katarina,0.41379310344827586,29
MIDDLE,Katarina,Viktor,0.5862068965517241,29
TOP,Jinx,Illaoi,0.0,1
TOP,Illaoi,Jinx,1.0,1
UTILITY,Rell,Pantheon,0.5555555555555556,27
UTILITY,Pantheon,Rell,0.4444444444444444,27
BOTTOM,Karthus,Kaisa,0.6521739130434783,23
BOTTOM,Kaisa,Karthus,0.34782608695652173,23
MIDDLE,Irelia,Taliyah,0.2222222222222222,9
MIDDLE,Taliyah,Irelia,0.7777777777777778,9
TOP,Ambessa,Garen,0.48,25
TOP,Garen,Ambessa,0.52,25
UTILITY,Soraka,Poppy,0.5,8
UTILITY,Poppy,Soraka,0.5,8
BOTTOM,Mel,Hwei,0.4444444444444444,9
BOTTOM,Hwei,Mel,0.5555555555555556,9
TOP,Camille,Irelia,0.42857142857142855,14
TOP,Irelia,Camille,0.5714285714285714,14
UTILITY,Rakan,Velkoz,0.3888888888888889,18
UTILITY,Velkoz,Rakan,0.6111111111111112,18
MIDDLE,Corki,Shen,1.0,1
MIDDLE,Shen,Corki,0.0,1
UTILITY,Nami,Janna,0.48314606741573035,89
UTILITY,Janna,Nami,0.5168539325842697,89
BOTTOM,Corki,Viktor,0.5,2
BOTTOM,Viktor,Corki,0.5,2
MIDDLE,Diana,Akshan,0.14285714285714285,7
MIDDLE,Akshan,Diana,0.8571428571428571,7
BOTTOM,Jinx,Mel,0.3333333333333333,12
BOTTOM,Mel,Jinx,0.6666666666666666,12
JUNGLE,Shaco,Nunu,0.52,25
JUNGLE,Nunu,Shaco,0.48,25
MIDDLE,Viktor,Smolder,0.6,5
MIDDLE,Smolder,Viktor,0.4,5
TOP,Singed,KSante,0.4634146341463415,41
TOP,KSante,Singed,0.5365853658536586,41
UTILITY,Zilean,Blitzcrank,0.4,15
UTILITY,Blitzcrank,Zilean,0.6,15
JUNGLE,Nunu,Vi,0.46153846153846156,13
JUNGLE,Vi,Nunu,0.5384615384615384,13
MIDDLE,Taliyah,Hwei,0.4,15
MIDDLE,Hwei,Taliyah,0.6,15
TOP,Riven,Renekton,0.5517241379310345,29
TOP,Renekton,Riven,0.4482758620689655,29
MIDDLE,Kayle,Cassiopeia,0.4,5
MIDDLE,Cassiopeia,Kayle,0.6,5
TOP,Varus,Vayne,0.5660377358490566,53
TOP,Vayne,Varus,0.4339622641509434,53
BOTTOM,Mel,Corki,0.5,16
BOTTOM,Corki,Mel,0.5,16
MIDDLE,TwistedFate,Akali,0.5471698113207547,53
MIDDLE,Akali,TwistedFate,0.4528301886792453,53
TOP,Tryndamere,Garen,0.8333333333333334,12
TOP,Garen,Tryndamere,0.16666666666666666,12
BOTTOM,Viktor,Ezreal,0.6666666666666666,12
BOTTOM,Ezreal,Viktor,0.3333333333333333,12
MIDDLE,Akshan,Katarina,0.48148148148148145,27
MIDDLE,Katarina,Akshan,0.5185185185185185,27
JUNGLE,Nunu,Nocturne,0.4,15
JUNGLE,Nocturne,Nunu,0.6,15
MIDDLE,Neeko,Viktor,0.3333333333333333,6
MIDDLE,Viktor,Neeko,0.6666666666666666,6
TOP,Pantheon,Singed,0.18181818181818182,11
TOP,Singed,Pantheon,0.8181818181818182,11
UTILITY,Elise,Milio,0.5833333333333334,12
UTILITY,Milio,Elise,0.4166666666666667,12
BOTTOM,Aurora,Brand,0.3333333333333333,3
BOTTOM,Brand,Aurora,0.6666666666666666,3
MIDDLE,Jayce,Zed,0.5882352941176471,17
MIDDLE,Zed,Jayce,0.4117647058823529,17
TOP,Senna,Sett,0.0,1
TOP,Sett,Senna,1.0,1
UTILITY,Rakan,Blitzcrank,0.6470588235294118,17
UTILITY,Blitzcrank,Rakan,0.35294117647058826,17
BOTTOM,Ezreal,Xayah,0.6875,48
BOTTOM,Xayah,Ezreal,0.3125,48
MIDDLE,Vex,Hwei,0.16666666666666666,6
MIDDLE,Hwei,Vex,0.8333333333333334,6
TOP,Shen,Aatrox,0.3333333333333333,21
TOP,Aatrox,Shen,0.6666666666666666,21
UTILITY,Elise,Bard,0.484375,64
UTILITY,Bard,Elise,0.515625,64
BOTTOM,Mel,Draven,0.7333333333333333,15
BOTTOM,Draven,Mel,0.26666666666666666,15
JUNGLE,Nunu,Maokai,1.0,1
JUNGLE,Maokai,Nunu,0.0,1
MIDDLE,Corki,Veigar,1.0,1
MIDDLE,Veigar,Corki,0.0,1
TOP,Darius,Illaoi,0.2857142857142857,7
TOP,Illaoi,Darius,0.7142857142857143,7
UTILITY,Bard,Thresh,0.5527950310559007,161
UTILITY,Thresh,Bard,0.4472049689440994,161
JUNGLE,Belveth,Vi,0.4,10
JUNGLE,Vi,Belveth,0.6,10
MIDDLE,Chogath,Viktor,0.8,5
MIDDLE,Viktor,Chogath,0.2,5
TOP,Kled,Camille,0.4,5
TOP,Camille,Kled,0.6,5
UTILITY,Blitzcrank,Xerath,0.75,4
UTILITY,Xerath,Blitzcrank,0.25,4
BOTTOM,Viktor,Kaisa,0.6666666666666666,3
BOTTOM,Kaisa,Viktor,0.3333333333333333,3
MIDDLE,Sylas,Syndra,0.5882352941176471,51
MIDDLE,Syndra,Sylas,0.4117647058823529,51
UTILITY,Seraphine,Rakan,0.5135135135135135,37
UTILITY,Rakan,Seraphine,0.4864864864864865,37
BOTTOM,Viktor,Smolder,0.3333333333333333,6
BOTTOM,Smolder,Viktor,0.6666666666666666,6
MIDDLE,Corki,Orianna,0.5,4
MIDDLE,Orianna,Corki,0.5,4
TOP,Renekton,Darius,0.5,24
TOP,Darius,Renekton,0.5,24
JUNGLE,Skarner,Nunu,0.5384615384615384,13
JUNGLE,Nunu,Skarner,0.46153846153846156,13
MIDDLE,Galio,Azir,0.42857142857142855,7
MIDDLE,Azir,Galio,0.5714285714285714,7
UTILITY,Janna,Zilean,0.4,20
UTILITY,Zilean,Janna,0.6,20
JUNGLE,Nunu,Hecarim,0.6111111111111112,18
JUNGLE,Hecarim,Nunu,0.3888888888888889,18
MIDDLE,Azir,Akali,0.35,20
MIDDLE,Akali,Azir,0.65,20
BOTTOM,Kaisa,Nilah,0.2631578947368421,19
BOTTOM,Nilah,Kaisa,0.7368421052631579,19
JUNGLE,Briar,Nunu,0.42857142857142855,7
JUNGLE,Nunu,Briar,0.5714285714285714,7
TOP,Rumble,Gangplank,0.6,10
TOP,Gangplank,Rumble,0.4,10
MIDDLE,Lux,Syndra,0.3333333333333333,15
MIDDLE,Syndra,Lux,0.6666666666666666,15
JUNGLE,Nunu,Gwen,1.0,1
JUNGLE,Gwen,Nunu,0.0,1
MIDDLE,Yone,Syndra,0.47619047619047616,42
MIDDLE,Syndra,Yone,0.5238095238095238,42
TOP,Darius,Volibear,0.8,5
TOP,Volibear,Darius,0.2,5
UTILITY,Rell,Taric,0.45,20
UTILITY,Taric,Rell,0.55,20
BOTTOM,Mel,Varus,0.5555555555555556,9
BOTTOM,Varus,Mel,0.4444444444444444,9
JUNGLE,Nunu,Talon,0.6190476190476191,21
JUNGLE,Talon,Nunu,0.38095238095238093,21
TOP,Jayce,Garen,0.5172413793103449,29
TOP,Garen,Jayce,0.4827586206896552,29
UTILITY,Karma,Lulu,0.43612334801762115,227
UTILITY,Lulu,Karma,0.5638766519823789,227
TOP,Jax,Lux,1.0,1
TOP,Lux,Jax,0.0,1
UTILITY,Mel,Elise,1.0,1
UTILITY,Elise,Mel,0.0,1
JUNGLE,JarvanIV,Viego,0.6176470588235294,68
JUNGLE,Viego,JarvanIV,0.38235294117647056,68
TOP,Jax,Darius,0.5714285714285714,28
TOP,Darius,Jax,0.42857142857142855,28
MIDDLE,Hwei,Zoe,0.38461538461538464,13
MIDDLE,Zoe,Hwei,0.6153846153846154,13
TOP,Riven,Aurora,0.5555555555555556,9
TOP,Aurora,Riven,0.4444444444444444,9
UTILITY,Rell,Elise,0.5652173913043478,23
UTILITY,Elise,Rell,0.43478260869565216,23
JUNGLE,Vi,Ekko,0.45,20
JUNGLE,Ekko,Vi,0.55,20
MIDDLE,Akali,Smolder,0.0,2
MIDDLE,Smolder,Akali,1.0,2
TOP,Jax,Chogath,0.23076923076923078,13
TOP,Chogath,Jax,0.7692307692307693,13
BOTTOM,Varus,MissFortune,0.5714285714285714,14
BOTTOM,MissFortune,Varus,0.42857142857142855,14
JUNGLE,Graves,Ekko,0.36363636363636365,33
JUNGLE,Ekko,Graves,0.6363636363636364,33
MIDDLE,Ryze,Galio,0.42105263157894735,19
MIDDLE,Galio,Ryze,0.5789473684210527,19
TOP,Gangplank,Sylas,1.0,1
TOP,Sylas,Gangplank,0.0,1
UTILITY,Mel,Leona,0.3333333333333333,3
UTILITY,Leona,Mel,0.6666666666666666,3
BOTTOM,Zeri,Sivir,0.4482758620689655,29
BOTTOM,Sivir,Zeri,0.5517241379310345,29
JUNGLE,Skarner,Ambessa,0.8333333333333334,18
JUNGLE,Ambessa,Skarner,0.16666666666666666,18
MIDDLE,Mordekaiser,Fizz,1.0,2
MIDDLE,Fizz,Mordekaiser,0.0,2
TOP,Warwick,Sett,0.7142857142857143,7
TOP,Sett,Warwick,0.2857142857142857,7
JUNGLE,Nunu,Nidalee,0.5625,16
JUNGLE,Nidalee,Nunu,0.4375,16
MIDDLE,Pantheon,Yasuo,0.5,4
MIDDLE,Yasuo,Pantheon,0.5,4
TOP,Karma,Garen,0.5,2
TOP,Garen,Karma,0.5,2
UTILITY,Braum,Nautilus,0.5123674911660777,283
UTILITY,Nautilus,Braum,0.4876325088339223,283
BOTTOM,Ashe,Jinx,0.5405405405405406,74
BOTTOM,Jinx,Ashe,0.4594594594594595,74
JUNGLE,Zyra,Pantheon,1.0,4
JUNGLE,Pantheon,Zyra,0.0,4
MIDDLE,Mel,Syndra,0.56,25
MIDDLE,Syndra,Mel,0.44,25
TOP,Gangplank,Ambessa,0.5,24
TOP,Ambessa,Gangplank,0.5,24
UTILITY,Soraka,Lulu,0.5147058823529411,68
UTILITY,Lulu,Soraka,0.4852941176470588,68
BOTTOM,Tristana,Xayah,0.4375,16
BOTTOM,Xayah,Tristana,0.5625,16
JUNGLE,Pantheon,LeeSin,0.6785714285714286,28
JUNGLE,LeeSin,Pantheon,0.32142857142857145,28
TOP,Sejuani,Kennen,0.0,1
TOP,Kennen,Sejuani,1.0,1
UTILITY,Nami,Leona,0.5571428571428572,70
UTILITY,Leona,Nami,0.44285714285714284,70
JUNGLE,Maokai,Zed,0.0,1
JUNGLE,Zed,Maokai,1.0,1
MIDDLE,Mel,Viktor,0.36,25
MIDDLE,Viktor,Mel,0.64,25
JUNGLE,Kindred,Viego,0.65,20
JUNGLE,Viego,Kindred,0.35,20
MIDDLE,Diana,Mordekaiser,1.0,1
MIDDLE,Mordekaiser,Diana,0.0,1
TOP,Tryndamere,Zeri,1.0,1
TOP,Zeri,Tryndamere,0.0,1
UTILITY,Sona,Karma,0.5,58
UTILITY,Karma,Sona,0.5,58
JUNGLE,Graves,Shaco,0.5,60
JUNGLE,Shaco,Graves,0.5,60
MIDDLE,Lux,Viktor,0.43478260869565216,23
MIDDLE,Viktor,Lux,0.5652173913043478,23
TOP,Yone,Sett,0.25,4
TOP,Sett,Yone,0.75,4
BOTTOM,Corki,Seraphine,0.5,10
BOTTOM,Seraphine,Corki,0.5,10
JUNGLE,Pantheon,Talon,0.2857142857142857,14
JUNGLE,Talon,Pantheon,0.7142857142857143,14
MIDDLE,Vladimir,Taliyah,0.35714285714285715,14
MIDDLE,Taliyah,Vladimir,0.6428571428571429,14
UTILITY,Lux,Zilean,0.6666666666666666,9
UTILITY,Zilean,Lux,0.3333333333333333,9
JUNGLE,Belveth,Nidalee,0.8,15
JUNGLE,Nidalee,Belveth,0.2,15
MIDDLE,Vladimir,Garen,0.5,2
MIDDLE,Garen,Vladimir,0.5,2
TOP,Ambessa,Warwick,0.25,8
TOP,Warwick,Ambessa,0.75,8
UTILITY,Taric,Nami,0.5185185185185185,27
UTILITY,Nami,Taric,0.48148148148148145,27
BOTTOM,Ezreal,Twitch,0.5555555555555556,45
BOTTOM,Twitch,Ezreal,0.4444444444444444,45
JUNGLE,Khazix,Karthus,0.3333333333333333,18
JUNGLE,Karthus,Khazix,0.6666666666666666,18
MIDDLE,Hwei,Syndra,0.47619047619047616,42
MIDDLE,Syndra,Hwei,0.5238095238095238,42
TOP,DrMundo,Ornn,0.6666666666666666,15
TOP,Ornn,DrMundo,0.3333333333333333,15
UTILITY,Yuumi,Janna,0.35714285714285715,14
UTILITY,Janna,Yuumi,0.6428571428571429,14
JUNGLE,Qiyana,Hecarim,0.375,16
JUNGLE,Hecarim,Qiyana,0.625,16
MIDDLE,Galio,TwistedFate,0.5384615384615384,13
MIDDLE,TwistedFate,Galio,0.46153846153846156,13
TOP,Sett,Gnar,0.4,5
TOP,Gnar,Sett,0.6,5
UTILITY,Alistar,Pyke,0.4888888888888889,45
UTILITY,Pyke,Alistar,0.5111111111111111,45
BOTTOM,Lucian,Ashe,0.35185185185185186,54
BOTTOM,Ashe,Lucian,0.6481481481481481,54
JUNGLE,Ivern,Shaco,0.5,10
JUNGLE,Shaco,Ivern,0.5,10
MIDDLE,Hwei,Ryze,0.47058823529411764,17
MIDDLE,Ryze,Hwei,0.5294117647058824,17
TOP,Gragas,Heimerdinger,0.5,2
TOP,Heimerdinger,Gragas,0.5,2
BOTTOM,Senna,Ashe,0.5263157894736842,95
BOTTOM,Ashe,Senna,0.47368421052631576,95
MIDDLE,Orianna,Bard,0.3333333333333333,3
MIDDLE,Bard,Orianna,0.6666666666666666,3
TOP,Volibear,DrMundo,0.5,4
TOP,DrMundo,Volibear,0.5,4
UTILITY,Soraka,Seraphine,0.36,25
UTILITY,Seraphine,Soraka,0.64,25
BOTTOM,Mel,Kaisa,0.5151515151515151,33
BOTTOM,Kaisa,Mel,0.48484848484848486,33
JUNGLE,MasterYi,Sejuani,0.0,1
JUNGLE,Sejuani,MasterYi,1.0,1
MIDDLE,Qiyana,Sylas,0.5666666666666667,30
MIDDLE,Sylas,Qiyana,0.43333333333333335,30
UTILITY,Janna,Pantheon,0.5238095238095238,21
UTILITY,Pantheon,Janna,0.47619047619047616,21
JUNGLE,Hecarim,Ekko,0.2631578947368421,19
JUNGLE,Ekko,Hecarim,0.7368421052631579,19
MIDDLE,Xerath,Orianna,0.5,12
MIDDLE,Orianna,Xerath,0.5,12
TOP,Janna,Udyr,0.0,1
TOP,Udyr,Janna,1.0,1
UTILITY,Yone,Senna,0.0,1
UTILITY,Senna,Yone,1.0,1
BOTTOM,Nilah,Lucian,0.35714285714285715,14
BOTTOM,Lucian,Nilah,0.6428571428571429,14
MIDDLE,Galio,Anivia,0.6363636363636364,11
MIDDLE,Anivia,Galio,0.36363636363636365,11
TOP,Trundle,Malphite,0.6666666666666666,6
TOP,Malphite,Trundle,0.3333333333333333,6
UTILITY,Pyke,Thresh,0.5283018867924528,53
UTILITY,Thresh,Pyke,0.4716981132075472,53
BOTTOM,Senna,Lucian,0.5217391304347826,46
BOTTOM,Lucian,Senna,0.4782608695652174,46
JUNGLE,Hecarim,Naafiri,0.5714285714285714,42
JUNGLE,Naafiri,Hecarim,0.42857142857142855,42
MIDDLE,Viktor,Kayle,0.3333333333333333,6
MIDDLE,Kayle,Viktor,0.6666666666666666,6
TOP,Sion,Zed,0.3076923076923077,13
TOP,Zed,Sion,0.6923076923076923,13
BOTTOM,Tristana,Senna,0.5365853658536586,82
BOTTOM,Senna,Tristana,0.4634146341463415,82
JUNGLE,Zed,Gwen,0.0,1
JUNGLE,Gwen,Zed,1.0,1
MIDDLE,Vex,Ryze,0.2857142857142857,7
MIDDLE,Ryze,Vex,0.7142857142857143,7
TOP,Irelia,Gragas,0.3333333333333333,12
TOP,Gragas,Irelia,0.6666666666666666,12
BOTTOM,Sett,Smolder,1.0,1
BOTTOM,Smolder,Sett,0.0,1
JUNGLE,Taliyah,JarvanIV,0.6551724137931034,29
JUNGLE,JarvanIV,Taliyah,0.3448275862068966,29
MIDDLE,AurelionSol,Ziggs,1.0,1
MIDDLE,Ziggs,AurelionSol,0.0,1
TOP,Ambessa,Volibear,0.25,12
TOP,Volibear,Ambessa,0.75,12
JUNGLE,Talon,Zyra,0.4444444444444444,9
JUNGLE,Zyra,Talon,0.5555555555555556,9
MIDDLE,TwistedFate,Diana,0.6666666666666666,9
MIDDLE,Diana,TwistedFate,0.3333333333333333,9
TOP,Fiora,Sion,0.7083333333333334,24
TOP,Sion,Fiora,0.2916666666666667,24
JUNGLE,Gragas,Pantheon,0.5,2
JUNGLE,Pantheon,Gragas,0.5,2
MIDDLE,Zed,Lissandra,0.4666666666666667,30
MIDDLE,Lissandra,Zed,0.5333333333333333,30
TOP,Gwen,Shen,0.625,8
TOP,Shen,Gwen,0.375,8
BOTTOM,Kaisa,Vayne,0.47368421052631576,38
BOTTOM,Vayne,Kaisa,0.5263157894736842,38
JUNGLE,Viego,Ekko,0.7037037037037037,27
JUNGLE,Ekko,Viego,0.2962962962962963,27
MIDDLE,TwistedFate,Azir,0.6666666666666666,9
MIDDLE,Azir,TwistedFate,0.3333333333333333,9
TOP,Sion,Yorick,0.46153846153846156,13
TOP,Yorick,Sion,0.5384615384615384,13
BOTTOM,Smolder,Senna,0.44680851063829785,94
BOTTOM,Senna,Smolder,0.5531914893617021,94
JUNGLE,Viego,Ivern,0.38095238095238093,21
JUNGLE,Ivern,Viego,0.6190476190476191,21
MIDDLE,Ahri,Zed,0.6043956043956044,91
MIDDLE,Zed,Ahri,0.3956043956043956,91
TOP,Shen,Sion,0.5416666666666666,24
TOP,Sion,Shen,0.4583333333333333,24
UTILITY,Sona,Seraphine,0.625,24
UTILITY,Seraphine,Sona,0.375,24
JUNGLE,Viego,Belveth,0.375,16
JUNGLE,Belveth,Viego,0.625,16
MIDDLE,Sylas,Swain,0.5384615384615384,13
MIDDLE,Swain,Sylas,0.46153846153846156,13
TOP,Ryze,Camille,0.4,5
TOP,Camille,Ryze,0.6,5
UTILITY,Blitzcrank,Milio,0.5384615384615384,26
UTILITY,Milio,Blitzcrank,0.46153846153846156,26
BOTTOM,MissFortune,Ezreal,0.43283582089552236,67
BOTTOM,Ezreal,MissFortune,0.5671641791044776,67
JUNGLE,XinZhao,Karthus,0.4,10
JUNGLE,Karthus,XinZhao,0.6,10
MIDDLE,Ekko,Qiyana,0.6666666666666666,21
MIDDLE,Qiyana,Ekko,0.3333333333333333,21
TOP,Jayce,Sion,0.4424778761061947,113
TOP,Sion,Jayce,0.5575221238938053,113
UTILITY,Xerath,Velkoz,0.0,3
UTILITY,Velkoz,Xerath,1.0,3
BOTTOM,Twitch,Nilah,0.3333333333333333,3
BOTTOM,Nilah,Twitch,0.6666666666666666,3
JUNGLE,Shaco,Naafiri,0.47058823529411764,34
JUNGLE,Naafiri,Shaco,0.5294117647058824,34
MIDDLE,Ekko,Galio,0.47368421052631576,38
MIDDLE,Galio,Ekko,0.5263157894736842,38
TOP,Riven,Singed,0.42857142857142855,28
TOP,Singed,Riven,0.5714285714285714,28
UTILITY,Rell,Karma,0.5421686746987951,83
UTILITY,Karma,Rell,0.4578313253012048,83
MIDDLE,Qiyana,Ryze,0.7272727272727273,22
MIDDLE,Ryze,Qiyana,0.2727272727272727,22
TOP,Sett,Renekton,0.2222222222222222,9
TOP,Renekton,Sett,0.7777777777777778,9
UTILITY,Bard,Alistar,0.49295774647887325,71
UTILITY,Alistar,Bard,0.5070422535211268,71
JUNGLE,Talon,LeeSin,0.44329896907216493,97
JUNGLE,LeeSin,Talon,0.5567010309278351,97
UTILITY,Braum,Alistar,0.52,50
UTILITY,Alistar,Braum,0.48,50
JUNGLE,RekSai,Ekko,0.5294117647058824,17
JUNGLE,Ekko,RekSai,0.47058823529411764,17
UTILITY,Elise,Nami,0.4583333333333333,24
UTILITY,Nami,Elise,0.5416666666666666,24
MIDDLE,Hwei,TwistedFate,0.125,24
MIDDLE,TwistedFate,Hwei,0.875,24
TOP,Gwen,Urgot,0.0,1
TOP,Urgot,Gwen,1.0,1
JUNGLE,Qiyana,DrMundo,0.625,16
JUNGLE,DrMundo,Qiyana,0.375,16
MIDDLE,Galio,Zoe,0.5555555555555556,9
MIDDLE,Zoe,Galio,0.4444444444444444,9
TOP,Sett,Udyr,0.0,1
TOP,Udyr,Sett,1.0,1
UTILITY,Zilean,Bard,0.5476190476190477,42
UTILITY,Bard,Zilean,0.4523809523809524,42
JUNGLE,Zed,Nocturne,0.2,10
JUNGLE,Nocturne,Zed,0.8,10
MIDDLE,Mel,Zoe,0.7,20
MIDDLE,Zoe,Mel,0.3,20
TOP,Sett,Fiora,0.6,5
TOP,Fiora,Sett,0.4,5
UTILITY,Janna,Rakan,0.5151515151515151,33
UTILITY,Rakan,Janna,0.48484848484848486,33
JUNGLE,Vi,Qiyana,0.5625,16
JUNGLE,Qiyana,Vi,0.4375,16
MIDDLE,Velkoz,Diana,0.3333333333333333,3
MIDDLE,Diana,Velkoz,0.6666666666666666,3
TOP,Soraka,Malphite,0.0,1
TOP,Malphite,Soraka,1.0,1
UTILITY,Sejuani,Zilean,0.0,1
UTILITY,Zilean,Sejuani,1.0,1
JUNGLE,Kayn,Talon,0.44,25
JUNGLE,Talon,Kayn,0.56,25
MIDDLE,Lux,Taliyah,0.7142857142857143,7
MIDDLE,Taliyah,Lux,0.2857142857142857,7
TOP,Aatrox,Riven,0.5217391304347826,23
TOP,Riven,Aatrox,0.4782608695652174,23
UTILITY,Leona,Nautilus,0.5746268656716418,134
UTILITY,Nautilus,Leona,0.4253731343283582,134
BOTTOM,Corki,Karthus,0.5,14
BOTTOM,Karthus,Corki,0.5,14
JUNGLE,FiddleSticks,MonkeyKing,0.6666666666666666,6
JUNGLE,MonkeyKing,FiddleSticks,0.3333333333333333,6
MIDDLE,Yone,Jayce,0.2,15
MIDDLE,Jayce,Yone,0.8,15
TOP,Poppy,Chogath,0.5,2
TOP,Chogath,Poppy,0.5,2
UTILITY,TahmKench,Nami,0.7,10
UTILITY,Nami,TahmKench,0.3,10
BOTTOM,Tristana,Caitlyn,0.2631578947368421,38
BOTTOM,Caitlyn,Tristana,0.7368421052631579,38
JUNGLE,Gwen,Graves,0.5,4
JUNGLE,Graves,Gwen,0.5,4
MIDDLE,Annie,Vladimir,0.75,4
MIDDLE,Vladimir,Annie,0.25,4
TOP,Darius,Riven,0.5,16
TOP,Riven,Darius,0.5,16
UTILITY,Leona,Neeko,0.2857142857142857,21
UTILITY,Neeko,Leona,0.7142857142857143,21
JUNGLE,Vi,Karthus,0.3333333333333333,12
JUNGLE,Karthus,Vi,0.6666666666666666,12
TOP,Yasuo,Tryndamere,0.8,5
TOP,Tryndamere,Yasuo,0.2,5
BOTTOM,Lucian,Sion,0.0,2
BOTTOM,Sion,Lucian,1.0,2
JUNGLE,Belveth,Pantheon,0.6666666666666666,9
JUNGLE,Pantheon,Belveth,0.3333333333333333,9
MIDDLE,Syndra,Velkoz,0.25,4
MIDDLE,Velkoz,Syndra,0.75,4
TOP,Galio,Rumble,0.5333333333333333,15
TOP,Rumble,Galio,0.4666666666666667,15
BOTTOM,Karthus,Brand,0.5,18
BOTTOM,Brand,Karthus,0.5,18
JUNGLE,Zed,Pantheon,0.4,5
JUNGLE,Pantheon,Zed,0.6,5
MIDDLE,Anivia,Zac,1.0,1
MIDDLE,Zac,Anivia,0.0,1
UTILITY,Alistar,Nami,0.5454545454545454,55
UTILITY,Nami,Alistar,0.45454545454545453,55
BOTTOM,Heimerdinger,Smolder,0.6666666666666666,3
BOTTOM,Smolder,Heimerdinger,0.3333333333333333,3
TOP,Shen,Yorick,1.0,6
TOP,Yorick,Shen,0.0,6
BOTTOM,Nilah,Draven,0.5384615384615384,13
BOTTOM,Draven,Nilah,0.46153846153846156,13
MIDDLE,Zoe,Sylas,0.5217391304347826,23
MIDDLE,Sylas,Zoe,0.4782608695652174,23
TOP,Volibear,Yorick,0.3333333333333333,3
TOP,Yorick,Volibear,0.6666666666666666,3
JUNGLE,Ekko,JarvanIV,0.5925925925925926,27
JUNGLE,JarvanIV,Ekko,0.4074074074074074,27
MIDDLE,Galio,Diana,0.2,5
MIDDLE,Diana,Galio,0.8,5
TOP,Garen,Yasuo,1.0,4
TOP,Yasuo,Garen,0.0,4
BOTTOM,Jinx,Aphelios,0.509090909090909,55
BOTTOM,Aphelios,Jinx,0.4909090909090909,55
JUNGLE,Diana,Ekko,0.5555555555555556,9
JUNGLE,Ekko,Diana,0.4444444444444444,9
MIDDLE,Akshan,Sion,1.0,3
MIDDLE,Sion,Akshan,0.0,3
BOTTOM,Jinx,Varus,0.46153846153846156,26
BOTTOM,Varus,Jinx,0.5384615384615384,26
JUNGLE,Ekko,MasterYi,0.3333333333333333,12
JUNGLE,MasterYi,Ekko,0.6666666666666666,12
MIDDLE,Sylas,Cassiopeia,0.56,50
MIDDLE,Cassiopeia,Sylas,0.44,50
TOP,Jayce,Gwen,0.5,6
TOP,Gwen,Jayce,0.5,6
UTILITY,Taric,Pyke,0.4444444444444444,18
UTILITY,Pyke,Taric,0.5555555555555556,18
BOTTOM,Jinx,Lucian,0.34285714285714286,35
BOTTOM,Lucian,Jinx,0.6571428571428571,35
MIDDLE,Qiyana,Zoe,0.7222222222222222,18
MIDDLE,Zoe,Qiyana,0.2777777777777778,18
TOP,Vayne,Sion,0.4925373134328358,67
TOP,Sion,Vayne,0.5074626865671642,67
UTILITY,Braum,Milio,0.6,15
UTILITY,Milio,Braum,0.4,15
BOTTOM,MissFortune,Twitch,0.375,8
BOTTOM,Twitch,MissFortune,0.625,8
JUNGLE,Pantheon,Ekko,0.42105263157894735,19
JUNGLE,Ekko,Pantheon,0.5789473684210527,19
MIDDLE,TwistedFate,Yone,0.64,25
MIDDLE,Yone,TwistedFate,0.36,25
TOP,Gwen,Lissandra,1.0,1
TOP,Lissandra,Gwen,0.0,1
BOTTOM,Mel,Tristana,0.4444444444444444,9
BOTTOM,Tristana,Mel,0.5555555555555556,9
MIDDLE,Sylas,Ryze,0.45098039215686275,51
MIDDLE,Ryze,Sylas,0.5490196078431373,51
TOP,Quinn,Vayne,0.7142857142857143,7
TOP,Vayne,Quinn,0.2857142857142857,7
UTILITY,FiddleSticks,Nautilus,0.42857142857142855,7
UTILITY,Nautilus,FiddleSticks,0.5714285714285714,7
BOTTOM,Karthus,Twitch,0.8,10
BOTTOM,Twitch,Karthus,0.2,10
JUNGLE,Nasus,Volibear,0.0,2
JUNGLE,Volibear,Nasus,1.0,2
UTILITY,Elise,Yuumi,0.6666666666666666,6
UTILITY,Yuumi,Elise,0.3333333333333333,6
BOTTOM,Ashe,MissFortune,0.575,40
BOTTOM,MissFortune,Ashe,0.425,40
JUNGLE,Shaco,Talon,0.375,24
JUNGLE,Talon,Shaco,0.625,24
MIDDLE,XinZhao,Ekko,0.5714285714285714,7
MIDDLE,Ekko,XinZhao,0.42857142857142855,7
TOP,Yorick,Gangplank,0.42857142857142855,7
TOP,Gangplank,Yorick,0.5714285714285714,7
UTILITY,Lulu,Thresh,0.4864864864864865,111
UTILITY,Thresh,Lulu,0.5135135135135135,111
JUNGLE,Viego,Khazix,0.45161290322580644,62
JUNGLE,Khazix,Viego,0.5483870967741935,62
MIDDLE,Fizz,Zilean,0.3333333333333333,3
MIDDLE,Zilean,Fizz,0.6666666666666666,3
TOP,Jax,Renekton,0.48148148148148145,27
TOP,Renekton,Jax,0.5185185185185185,27
BOTTOM,Twitch,Draven,0.6,25
BOTTOM,Draven,Twitch,0.4,25
MIDDLE,Lux,Orianna,0.6666666666666666,6
MIDDLE,Orianna,Lux,0.3333333333333333,6
UTILITY,Yuumi,Thresh,0.4117647058823529,17
UTILITY,Thresh,Yuumi,0.5882352941176471,17
JUNGLE,JarvanIV,Zed,0.6818181818181818,22
JUNGLE,Zed,JarvanIV,0.3181818181818182,22
TOP,Trundle,Gnar,0.4166666666666667,12
TOP,Gnar,Trundle,0.5833333333333334,12
BOTTOM,Kaisa,Aphelios,0.5531914893617021,47
BOTTOM,Aphelios,Kaisa,0.44680851063829785,47
JUNGLE,Viego,Naafiri,0.45454545454545453,33
JUNGLE,Naafiri,Viego,0.5454545454545454,33
MIDDLE,Veigar,Orianna,0.2,5
MIDDLE,Orianna,Veigar,0.8,5
TOP,Sion,Garen,0.4666666666666667,30
TOP,Garen,Sion,0.5333333333333333,30
BOTTOM,Twitch,Zeri,0.4444444444444444,18
BOTTOM,Zeri,Twitch,0.5555555555555556,18
JUNGLE,Naafiri,Zac,0.0,4
JUNGLE,Zac,Naafiri,1.0,4
BOTTOM,Lucian,Hwei,0.5,6
BOTTOM,Hwei,Lucian,0.5,6
JUNGLE,Zyra,Volibear,1.0,2
JUNGLE,Volibear,Zyra,0.0,2
MIDDLE,Gragas,Akali,0.75,4
MIDDLE,Akali,Gragas,0.25,4
TOP,Yasuo,Naafiri,1.0,2
TOP,Naafiri,Yasuo,0.0,2
UTILITY,Yuumi,Nami,0.6842105263157895,19
UTILITY,Nami,Yuumi,0.3157894736842105,19
JUNGLE,Brand,Ekko,0.4444444444444444,9
JUNGLE,Ekko,Brand,0.5555555555555556,9
MIDDLE,Lucian,Ryze,0.75,4
MIDDLE,Ryze,Lucian,0.25,4
TOP,Ornn,Malphite,0.5555555555555556,18
TOP,Malphite,Ornn,0.4444444444444444,18
BOTTOM,Kaisa,Jinx,0.3888888888888889,54
BOTTOM,Jinx,Kaisa,0.6111111111111112,54
MIDDLE,Zed,Swain,0.6,10
MIDDLE,Swain,Zed,0.4,10
TOP,Cassiopeia,Gnar,0.6,10
TOP,Gnar,Cassiopeia,0.4,10
BOTTOM,Xayah,Kaisa,0.6329113924050633,79
BOTTOM,Kaisa,Xayah,0.3670886075949367,79
JUNGLE,Ekko,Khazix,0.5789473684210527,19
JUNGLE,Khazix,Ekko,0.42105263157894735,19
MIDDLE,Irelia,Azir,0.25,4
MIDDLE,Azir,Irelia,0.75,4
TOP,Ryze,Trundle,0.0,2
TOP,Trundle,Ryze,1.0,2
BOTTOM,Lucian,Varus,0.65,20
BOTTOM,Varus,Lucian,0.35,20
JUNGLE,Udyr,Karthus,0.16666666666666666,6
JUNGLE,Karthus,Udyr,0.8333333333333334,6
MIDDLE,Chogath,Velkoz,0.0,1
MIDDLE,Velkoz,Chogath,1.0,1
BOTTOM,Karthus,Sivir,0.68,25
BOTTOM,Sivir,Karthus,0.32,25
MIDDLE,Jayce,Annie,0.6,10
MIDDLE,Annie,Jayce,0.4,10
TOP,Varus,Sion,0.4878048780487805,41
TOP,Sion,Varus,0.5121951219512195,41
UTILITY,Nami,Neeko,0.54,50
UTILITY,Neeko,Nami,0.46,50
MIDDLE,Qiyana,Zilean,0.25,4
MIDDLE,Zilean,Qiyana,0.75,4
TOP,Jayce,Vladimir,0.4444444444444444,27
TOP,Vladimir,Jayce,0.5555555555555556,27
JUNGLE,Kayn,DrMundo,0.5,8
JUNGLE,DrMundo,Kayn,0.5,8
MIDDLE,Sylas,Tristana,0.4444444444444444,9
MIDDLE,Tristana,Sylas,0.5555555555555556,9
TOP,Jayce,Kayle,0.5,6
TOP,Kayle,Jayce,0.5,6
JUNGLE,JarvanIV,Volibear,0.3333333333333333,9
JUNGLE,Volibear,JarvanIV,0.6666666666666666,9
MIDDLE,Viktor,Aurora,0.6216216216216216,37
MIDDLE,Aurora,Viktor,0.3783783783783784,37
TOP,DrMundo,XinZhao,0.75,4
TOP,XinZhao,DrMundo,0.25,4
UTILITY,Nami,Zilean,0.55,40
UTILITY,Zilean,Nami,0.45,40
BOTTOM,Lucian,Kaisa,0.625,64
BOTTOM,Kaisa,Lucian,0.375,64
JUNGLE,Talon,XinZhao,0.5,34
JUNGLE,XinZhao,Talon,0.5,34
MIDDLE,Akali,Kayle,0.25,4
MIDDLE,Kayle,Akali,0.75,4
TOP,Chogath,Ornn,0.631578947368421,19
TOP,Ornn,Chogath,0.3684210526315789,19
MIDDLE,TwistedFate,Veigar,0.25,4
MIDDLE,Veigar,TwistedFate,0.75,4
TOP,DrMundo,Kled,0.2,5
TOP,Kled,DrMundo,0.8,5
BOTTOM,Tristana,Zeri,0.5348837209302325,43
BOTTOM,Zeri,Tristana,0.46511627906976744,43
MIDDLE,Taliyah,Chogath,0.8333333333333334,6
MIDDLE,Chogath,Taliyah,0.16666666666666666,6
TOP,Riven,Vayne,0.5,30
TOP,Vayne,Riven,0.5,30
MIDDLE,Ahri,Xerath,0.34782608695652173,23
MIDDLE,Xerath,Ahri,0.6521739130434783,23
TOP,DrMundo,Vayne,0.4375,16
TOP,Vayne,DrMundo,0.5625,16
BOTTOM,Corki,Kalista,0.37037037037037035,27
BOTTOM,Kalista,Corki,0.6296296296296297,27
JUNGLE,Volibear,Nidalee,0.0,5
JUNGLE,Nidalee,Volibear,1.0,5
MIDDLE,Mel,TwistedFate,0.5,28
MIDDLE,TwistedFate,Mel,0.5,28
TOP,Sejuani,Jayce,0.5,2
TOP,Jayce,Sejuani,0.5,2
BOTTOM,Aphelios,Lux,0.3333333333333333,3
BOTTOM,Lux,Aphelios,0.6666666666666666,3
JUNGLE,Pantheon,RekSai,0.2727272727272727,11
JUNGLE,RekSai,Pantheon,0.7272727272727273,11
MIDDLE,Zac,Ahri,0.0,4
MIDDLE,Ahri,Zac,1.0,4
TOP,Rumble,Shen,0.4444444444444444,9
TOP,Shen,Rumble,0.5555555555555556,9
MIDDLE,Vladimir,Viktor,0.6842105263157895,19
MIDDLE,Viktor,Vladimir,0.3157894736842105,19
TOP,Poppy,Yorick,0.0,1
TOP,Yorick,Poppy,1.0,1
JUNGLE,Diana,Zed,0.5,4
JUNGLE,Zed,Diana,0.5,4
MIDDLE,Ahri,Leblanc,0.38461538461538464,65
MIDDLE,Leblanc,Ahri,0.6153846153846154,65
TOP,Urgot,Kled,0.2,5
TOP,Kled,Urgot,0.8,5
UTILITY,Seraphine,Renata,0.5384615384615384,13
UTILITY,Renata,Seraphine,0.46153846153846156,13
BOTTOM,Senna,Taliyah,1.0,2
BOTTOM,Taliyah,Senna,0.0,2
JUNGLE,XinZhao,Trundle,0.4375,16
JUNGLE,Trundle,XinZhao,0.5625,16
MIDDLE,Syndra,Naafiri,0.6153846153846154,13
MIDDLE,Naafiri,Syndra,0.38461538461538464,13
BOTTOM,Varus,Yasuo,0.3333333333333333,18
BOTTOM,Yasuo,Varus,0.6666666666666666,18
JUNGLE,RekSai,Naafiri,0.6,25
JUNGLE,Naafiri,RekSai,0.4,25
MIDDLE,Viktor,AurelionSol,0.5,12
MIDDLE,AurelionSol,Viktor,0.5,12
JUNGLE,Graves,MonkeyKing,0.49230769230769234,65
JUNGLE,MonkeyKing,Graves,0.5076923076923077,65
MIDDLE,Mel,Taliyah,0.16666666666666666,6
MIDDLE,Taliyah,Mel,0.8333333333333334,6
TOP,Jayce,Nidalee,0.6666666666666666,3
TOP,Nidalee,Jayce,0.3333333333333333,3
UTILITY,Milio,Maokai,0.25,4
UTILITY,Maokai,Milio,0.75,4
BOTTOM,Kalista,Smolder,0.5789473684210527,57
BOTTOM,Smolder,Kalista,0.42105263157894735,57
JUNGLE,Hecarim,Viego,0.5,48
JUNGLE,Viego,Hecarim,0.5,48
UTILITY,Leona,Morgana,0.625,16
UTILITY,Morgana,Leona,0.375,16
BOTTOM,Twitch,Senna,0.5357142857142857,28
BOTTOM,Senna,Twitch,0.4642857142857143,28
JUNGLE,Ekko,Evelynn,0.4444444444444444,9
JUNGLE,Evelynn,Ekko,0.5555555555555556,9
MIDDLE,Taliyah,Yone,0.4482758620689655,29
MIDDLE,Yone,Taliyah,0.5517241379310345,29
TOP,Renekton,DrMundo,0.5263157894736842,19
TOP,DrMundo,Renekton,0.47368421052631576,19
BOTTOM,Jinx,Tristana,0.43478260869565216,23
BOTTOM,Tristana,Jinx,0.5652173913043478,23
MIDDLE,Renekton,Orianna,1.0,1
MIDDLE,Orianna,Renekton,0.0,1
BOTTOM,MissFortune,Karthus,0.5,6
BOTTOM,Karthus,MissFortune,0.5,6
JUNGLE,Zyra,Zed,0.75,4
JUNGLE,Zed,Zyra,0.25,4
TOP,Darius,Ambessa,0.5652173913043478,23
TOP,Ambessa,Darius,0.43478260869565216,23
UTILITY,Neeko,Janna,0.3333333333333333,39
UTILITY,Janna,Neeko,0.6666666666666666,39
BOTTOM,Senna,Xayah,0.7272727272727273,11
BOTTOM,Xayah,Senna,0.2727272727272727,11
JUNGLE,Zac,Ekko,0.5714285714285714,7
JUNGLE,Ekko,Zac,0.42857142857142855,7
TOP,Kayle,Yone,0.4,5
TOP,Yone,Kayle,0.6,5
BOTTOM,Kaisa,Senna,0.3253012048192771,83
BOTTOM,Senna,Kaisa,0.6746987951807228,83
JUNGLE,Shaco,Ekko,0.5357142857142857,28
JUNGLE,Ekko,Shaco,0.4642857142857143,28
MIDDLE,Hwei,Jayce,0.6666666666666666,9
MIDDLE,Jayce,Hwei,0.3333333333333333,9
TOP,Renekton,Fiora,0.5238095238095238,21
TOP,Fiora,Renekton,0.47619047619047616,21
JUNGLE,Gwen,Ekko,1.0,3
JUNGLE,Ekko,Gwen,0.0,3
MIDDLE,Akshan,Zed,0.631578947368421,19
MIDDLE,Zed,Akshan,0.3684210526315789,19
TOP,Warwick,Vladimir,1.0,1
TOP,Vladimir,Warwick,0.0,1
BOTTOM,Aurora,Senna,0.0,1
BOTTOM,Senna,Aurora,1.0,1
JUNGLE,Pantheon,Nidalee,0.3888888888888889,18
JUNGLE,Nidalee,Pantheon,0.6111111111111112,18
MIDDLE,Zac,Tristana,0.0,2
MIDDLE,Tristana,Zac,1.0,2
TOP,Renekton,Gwen,0.7,10
TOP,Gwen,Renekton,0.3,10
UTILITY,Soraka,Janna,0.3939393939393939,33
UTILITY,Janna,Soraka,0.6060606060606061,33
BOTTOM,Kaisa,Varus,0.6,35
BOTTOM,Varus,Kaisa,0.4,35
JUNGLE,Ekko,Kindred,0.5,8
JUNGLE,Kindred,Ekko,0.5,8
MIDDLE,Taliyah,TwistedFate,0.5454545454545454,22
MIDDLE,TwistedFate,Taliyah,0.45454545454545453,22
TOP,Renekton,Ornn,0.5151515151515151,33
TOP,Ornn,Renekton,0.48484848484848486,33
UTILITY,Nautilus,Poppy,0.3333333333333333,33
UTILITY,Poppy,Nautilus,0.6666666666666666,33
TOP,Jayce,DrMundo,0.5714285714285714,35
TOP,DrMundo,Jayce,0.42857142857142855,35
JUNGLE,Kayn,Nocturne,0.6470588235294118,17
JUNGLE,Nocturne,Kayn,0.35294117647058826,17
MIDDLE,AurelionSol,Ahri,0.45,20
MIDDLE,Ahri,AurelionSol,0.55,20
TOP,Yasuo,Shen,0.8333333333333334,6
TOP,Shen,Yasuo,0.16666666666666666,6
BOTTOM,Ezreal,Senna,0.4827586206896552,174
BOTTOM,Senna,Ezreal,0.5172413793103449,174
JUNGLE,Lillia,Elise,0.6,10
JUNGLE,Elise,Lillia,0.4,10
MIDDLE,Sylas,Smolder,0.6,5
MIDDLE,Smolder,Sylas,0.4,5
TOP,Gangplank,Kayle,0.5,8
TOP,Kayle,Gangplank,0.5,8
JUNGLE,Ekko,Zed,0.75,8
JUNGLE,Zed,Ekko,0.25,8
MIDDLE,Akshan,TwistedFate,0.5,16
MIDDLE,TwistedFate,Akshan,0.5,16
BOTTOM,Senna,Draven,0.5660377358490566,53
BOTTOM,Draven,Senna,0.4339622641509434,53
JUNGLE,Pantheon,Evelynn,0.6666666666666666,9
JUNGLE,Evelynn,Pantheon,0.3333333333333333,9
TOP,Ambessa,Tryndamere,0.4444444444444444,9
TOP,Tryndamere,Ambessa,0.5555555555555556,9
UTILITY,Braum,Teemo,1.0,1
UTILITY,Teemo,Braum,0.0,1
JUNGLE,Talon,Udyr,0.47619047619047616,21
JUNGLE,Udyr,Talon,0.5238095238095238,21
TOP,Sion,Pantheon,0.5714285714285714,21
TOP,Pantheon,Sion,0.42857142857142855,21
BOTTOM,Karthus,Jinx,0.5789473684210527,19
BOTTOM,Jinx,Karthus,0.42105263157894735,19
JUNGLE,Kayn,XinZhao,0.47368421052631576,19
JUNGLE,XinZhao,Kayn,0.5263157894736842,19
MIDDLE,Qiyana,Syndra,0.6666666666666666,33
MIDDLE,Syndra,Qiyana,0.3333333333333333,33
TOP,Kled,Pantheon,0.5,4
TOP,Pantheon,Kled,0.5,4
BOTTOM,Xayah,Twitch,0.6666666666666666,6
BOTTOM,Twitch,Xayah,0.3333333333333333,6
JUNGLE,Pantheon,Ivern,0.2,5
JUNGLE,Ivern,Pantheon,0.8,5
MIDDLE,Katarina,Azir,0.6,10
MIDDLE,Azir,Katarina,0.4,10
TOP,Aatrox,Ambessa,0.42857142857142855,21
TOP,Ambessa,Aatrox,0.5714285714285714,21
BOTTOM,Senna,Kalista,0.5666666666666667,60
BOTTOM,Kalista,Senna,0.43333333333333335,60
MIDDLE,Azir,Hwei,0.4166666666666667,12
MIDDLE,Hwei,Azir,0.5833333333333334,12
TOP,Gnar,Vayne,0.46153846153846156,39
TOP,Vayne,Gnar,0.5384615384615384,39
MIDDLE,Vex,Yasuo,0.5714285714285714,14
MIDDLE,Yasuo,Vex,0.42857142857142855,14
BOTTOM,Lucian,Ezreal,0.5185185185185185,108
BOTTOM,Ezreal,Lucian,0.48148148148148145,108
JUNGLE,Trundle,Lillia,0.3333333333333333,3
JUNGLE,Lillia,Trundle,0.6666666666666666,3
MIDDLE,Ziggs,Mel,0.6666666666666666,3
MIDDLE,Mel,Ziggs,0.3333333333333333,3
JUNGLE,Khazix,Talon,0.4489795918367347,49
JUNGLE,Talon,Khazix,0.5510204081632653,49
TOP,Olaf,Jayce,0.3333333333333333,33
TOP,Jayce,Olaf,0.6666666666666666,33
UTILITY,Zilean,Thresh,0.42857142857142855,21
UTILITY,Thresh,Zilean,0.5714285714285714,21
TOP,Yasuo,Malphite,0.5454545454545454,11
TOP,Malphite,Yasuo,0.45454545454545453,11
UTILITY,Yuumi,Nautilus,0.4,25
UTILITY,Nautilus,Yuumi,0.6,25
BOTTOM,Lucian,Xayah,0.5294117647058824,17
BOTTOM,Xayah,Lucian,0.47058823529411764,17
JUNGLE,Rengar,Karthus,0.7142857142857143,7
JUNGLE,Karthus,Rengar,0.2857142857142857,7
MIDDLE,Sylas,MonkeyKing,1.0,1
MIDDLE,MonkeyKing,Sylas,0.0,1
TOP,Shen,Yone,0.38461538461538464,13
TOP,Yone,Shen,0.6153846153846154,13
JUNGLE,Elise,Udyr,0.3333333333333333,3
JUNGLE,Udyr,Elise,0.6666666666666666,3
TOP,Jax,Olaf,0.5384615384615384,26
TOP,Olaf,Jax,0.46153846153846156,26
UTILITY,Alistar,Yuumi,0.7692307692307693,13
UTILITY,Yuumi,Alistar,0.23076923076923078,13
BOTTOM,Karthus,Hwei,0.6666666666666666,6
BOTTOM,Hwei,Karthus,0.3333333333333333,6
MIDDLE,Ekko,Ahri,0.4875,80
MIDDLE,Ahri,Ekko,0.5125,80
TOP,Jax,Urgot,0.2,10
TOP,Urgot,Jax,0.8,10
JUNGLE,Naafiri,Pantheon,0.6086956521739131,23
JUNGLE,Pantheon,Naafiri,0.391304347826087,23
MIDDLE,Ahri,Akali,0.581081081081081,74
MIDDLE,Akali,Ahri,0.4189189189189189,74
TOP,KSante,Fiora,0.36666666666666664,30
TOP,Fiora,KSante,0.6333333333333333,30
JUNGLE,Talon,MonkeyKing,0.44,25
JUNGLE,MonkeyKing,Talon,0.56,25
MIDDLE,Tristana,Akali,0.3333333333333333,12
MIDDLE,Akali,Tristana,0.6666666666666666,12
TOP,Ambessa,Vayne,0.5483870967741935,31
TOP,Vayne,Ambessa,0.45161290322580644,31
MIDDLE,Malzahar,Qiyana,0.16666666666666666,6
MIDDLE,Qiyana,Malzahar,0.8333333333333334,6
TOP,DrMundo,Udyr,0.0,1
TOP,Udyr,DrMundo,1.0,1
UTILITY,Neeko,Alistar,0.4444444444444444,36
UTILITY,Alistar,Neeko,0.5555555555555556,36
BOTTOM,Senna,Jhin,0.5181818181818182,110
BOTTOM,Jhin,Senna,0.4818181818181818,110
JUNGLE,Nidalee,Kindred,0.4444444444444444,9
JUNGLE,Kindred,Nidalee,0.5555555555555556,9
MIDDLE,Kayle,Sylas,1.0,5
MIDDLE,Sylas,Kayle,0.0,5
MIDDLE,Kayle,Ryze,0.375,8
MIDDLE,Ryze,Kayle,0.625,8
UTILITY,Bard,Nautilus,0.5124555160142349,281
UTILITY,Nautilus,Bard,0.4875444839857651,281
BOTTOM,Aphelios,MissFortune,0.45454545454545453,11
BOTTOM,MissFortune,Aphelios,0.5454545454545454,11
MIDDLE,Quinn,Yone,0.3333333333333333,6
MIDDLE,Yone,Quinn,0.6666666666666666,6
UTILITY,Velkoz,Nautilus,0.55,40
UTILITY,Nautilus,Velkoz,0.45,40
TOP,Garen,Riven,0.4,20
TOP,Riven,Garen,0.6,20
UTILITY,Gragas,Milio,1.0,1
UTILITY,Milio,Gragas,0.0,1
BOTTOM,Xayah,Caitlyn,0.5,12
BOTTOM,Caitlyn,Xayah,0.5,12
JUNGLE,JarvanIV,Rengar,0.4230769230769231,26
JUNGLE,Rengar,JarvanIV,0.5769230769230769,26
MIDDLE,Hwei,Sylas,0.75,20
MIDDLE,Sylas,Hwei,0.25,20
TOP,Kayle,Renekton,0.8,5
TOP,Renekton,Kayle,0.2,5
UTILITY,Neeko,Bard,0.5324675324675324,77
UTILITY,Bard,Neeko,0.4675324675324675,77
BOTTOM,Smolder,MissFortune,0.7333333333333333,15
BOTTOM,MissFortune,Smolder,0.26666666666666666,15
JUNGLE,JarvanIV,Khazix,0.46774193548387094,62
JUNGLE,Khazix,JarvanIV,0.532258064516129,62
MIDDLE,Pantheon,Taliyah,0.0,3
MIDDLE,Taliyah,Pantheon,1.0,3
TOP,Gwen,Riven,0.0,2
TOP,Riven,Gwen,1.0,2
UTILITY,Sona,Alistar,0.6428571428571429,14
UTILITY,Alistar,Sona,0.35714285714285715,14
MIDDLE,Jayce,Katarina,0.5,14
MIDDLE,Katarina,Jayce,0.5,14
TOP,Darius,Sion,0.4888888888888889,45
TOP,Sion,Darius,0.5111111111111111,45
UTILITY,Thresh,Rakan,0.46808510638297873,47
UTILITY,Rakan,Thresh,0.5319148936170213,47
BOTTOM,Smolder,Hwei,0.75,8
BOTTOM,Hwei,Smolder,0.25,8
JUNGLE,Nocturne,Belveth,0.35714285714285715,14
JUNGLE,Belveth,Nocturne,0.6428571428571429,14
MIDDLE,Veigar,Naafiri,0.5,2
MIDDLE,Naafiri,Veigar,0.5,2
UTILITY,Leona,Nidalee,1.0,2
UTILITY,Nidalee,Leona,0.0,2
BOTTOM,Smolder,Mel,0.4583333333333333,24
BOTTOM,Mel,Smolder,0.5416666666666666,24
JUNGLE,Ivern,Poppy,0.3333333333333333,3
JUNGLE,Poppy,Ivern,0.6666666666666666,3
MIDDLE,Ahri,Zoe,0.5476190476190477,42
MIDDLE,Zoe,Ahri,0.4523809523809524,42
TOP,Nasus,Gnar,0.0,1
TOP,Gnar,Nasus,1.0,1
JUNGLE,Ivern,Lillia,0.5,6
JUNGLE,Lillia,Ivern,0.5,6
MIDDLE,Heimerdinger,Zeri,1.0,1
MIDDLE,Zeri,Heimerdinger,0.0,1
TOP,Vladimir,Gangplank,0.6666666666666666,12
TOP,Gangplank,Vladimir,0.3333333333333333,12
UTILITY,Alistar,Nautilus,0.5413533834586466,133
UTILITY,Nautilus,Alistar,0.45864661654135336,133
TOP,Rumble,DrMundo,0.5555555555555556,9
TOP,DrMundo,Rumble,0.4444444444444444,9
MIDDLE,Irelia,Velkoz,0.25,4
MIDDLE,Velkoz,Irelia,0.75,4
TOP,Yorick,Gwen,0.4444444444444444,9
TOP,Gwen,Yorick,0.5555555555555556,9
JUNGLE,Kayn,Evelynn,0.6666666666666666,6
JUNGLE,Evelynn,Kayn,0.3333333333333333,6
MIDDLE,Zed,Corki,1.0,3
MIDDLE,Corki,Zed,0.0,3
TOP,Gwen,Darius,1.0,3
TOP,Darius,Gwen,0.0,3
JUNGLE,Khazix,Pantheon,0.38461538461538464,13
JUNGLE,Pantheon,Khazix,0.6153846153846154,13
MIDDLE,Katarina,Chogath,0.2727272727272727,11
MIDDLE,Chogath,Katarina,0.7272727272727273,11
TOP,Yorick,Shyvana,0.0,1
TOP,Shyvana,Yorick,1.0,1
BOTTOM,Samira,Draven,0.36363636363636365,22
BOTTOM,Draven,Samira,0.6363636363636364,22
TOP,Rumble,Kayle,0.75,8
TOP,Kayle,Rumble,0.25,8
JUNGLE,Vi,DrMundo,0.6,25
JUNGLE,DrMundo,Vi,0.4,25
TOP,Kayle,Jax,0.16666666666666666,6
TOP,Jax,Kayle,0.8333333333333334,6
BOTTOM,Karthus,KogMaw,0.6666666666666666,9
BOTTOM,KogMaw,Karthus,0.3333333333333333,9
JUNGLE,Zyra,Shaco,0.3333333333333333,12
JUNGLE,Shaco,Zyra,0.6666666666666666,12
MIDDLE,Zed,Mel,0.8333333333333334,12
MIDDLE,Mel,Zed,0.16666666666666666,12
TOP,Renekton,Nidalee,1.0,1
TOP,Nidalee,Renekton,0.0,1
JUNGLE,DrMundo,Lillia,0.5,6
JUNGLE,Lillia,DrMundo,0.5,6
MIDDLE,Vex,Irelia,0.8571428571428571,7
MIDDLE,Irelia,Vex,0.14285714285714285,7
TOP,Sett,Riven,0.5714285714285714,7
TOP,Riven,Sett,0.42857142857142855,7
UTILITY,Milio,Nautilus,0.509090909090909,55
UTILITY,Nautilus,Milio,0.4909090909090909,55
BOTTOM,Smolder,Karthus,0.4482758620689655,29
BOTTOM,Karthus,Smolder,0.5517241379310345,29
MIDDLE,TwistedFate,Zed,0.5,24
MIDDLE,Zed,TwistedFate,0.5,24
TOP,Renekton,Gnar,0.5882352941176471,51
TOP,Gnar,Renekton,0.4117647058823529,51
UTILITY,Sona,Nautilus,0.4782608695652174,69
UTILITY,Nautilus,Sona,0.5217391304347826,69
MIDDLE,Galio,Fizz,0.6086956521739131,23
MIDDLE,Fizz,Galio,0.391304347826087,23
TOP,Jax,DrMundo,0.56,25
TOP,DrMundo,Jax,0.44,25
UTILITY,Thresh,Elise,0.6875,16
UTILITY,Elise,Thresh,0.3125,16
BOTTOM,Zeri,Senna,0.5172413793103449,87
BOTTOM,Senna,Zeri,0.4827586206896552,87
JUNGLE,Qiyana,Talon,0.41379310344827586,29
JUNGLE,Talon,Qiyana,0.5862068965517241,29
MIDDLE,Lissandra,Ryze,0.5555555555555556,9
MIDDLE,Ryze,Lissandra,0.4444444444444444,9
TOP,Aurora,MonkeyKing,1.0,1
TOP,MonkeyKing,Aurora,0.0,1
UTILITY,Rell,Zyra,1.0,2
UTILITY,Zyra,Rell,0.0,2
BOTTOM,Vayne,Varus,0.5454545454545454,22
BOTTOM,Varus,Vayne,0.45454545454545453,22
JUNGLE,LeeSin,Ekko,0.45,40
JUNGLE,Ekko,LeeSin,0.55,40
TOP,Gragas,Nasus,1.0,4
TOP,Nasus,Gragas,0.0,4
JUNGLE,Qiyana,Morgana,0.5,2
JUNGLE,Morgana,Qiyana,0.5,2
MIDDLE,Sylas,Zed,0.54,50
MIDDLE,Zed,Sylas,0.46,50
TOP,Yorick,Jax,0.3333333333333333,15
TOP,Jax,Yorick,0.6666666666666666,15
BOTTOM,Varus,Senna,0.5365853658536586,41
BOTTOM,Senna,Varus,0.4634146341463415,41
JUNGLE,Talon,Ekko,0.3870967741935484,31
JUNGLE,Ekko,Talon,0.6129032258064516,31
TOP,Galio,Fiora,0.0,1
TOP,Fiora,Galio,1.0,1
MIDDLE,Morgana,Annie,0.6666666666666666,3
MIDDLE,Annie,Morgana,0.3333333333333333,3
TOP,Aurora,Kled,1.0,3
TOP,Kled,Aurora,0.0,3
JUNGLE,XinZhao,Evelynn,0.4,10
JUNGLE,Evelynn,XinZhao,0.6,10
MIDDLE,AurelionSol,Mel,0.5,6
MIDDLE,Mel,AurelionSol,0.5,6
TOP,Renekton,Trundle,0.16666666666666666,6
TOP,Trundle,Renekton,0.8333333333333334,6
UTILITY,Leona,Bard,0.5507246376811594,69
UTILITY,Bard,Leona,0.4492753623188406,69
JUNGLE,Evelynn,Naafiri,0.5,8
JUNGLE,Naafiri,Evelynn,0.5,8
MIDDLE,Irelia,Syndra,0.5,18
MIDDLE,Syndra,Irelia,0.5,18
TOP,Sion,Sett,0.6363636363636364,11
TOP,Sett,Sion,0.36363636363636365,11
UTILITY,Alistar,Janna,0.41025641025641024,39
UTILITY,Janna,Alistar,0.5897435897435898,39
BOTTOM,Karthus,Lucian,0.4444444444444444,18
BOTTOM,Lucian,Karthus,0.5555555555555556,18
JUNGLE,Vi,Pantheon,0.42857142857142855,14
JUNGLE,Pantheon,Vi,0.5714285714285714,14
MIDDLE,Akali,Taliyah,0.37037037037037035,27
MIDDLE,Taliyah,Akali,0.6296296296296297,27
BOTTOM,MissFortune,Sivir,0.7142857142857143,7
BOTTOM,Sivir,MissFortune,0.2857142857142857,7
MIDDLE,Hwei,Kayle,0.5,2
MIDDLE,Kayle,Hwei,0.5,2
TOP,Jayce,Shen,0.5714285714285714,14
TOP,Shen,Jayce,0.42857142857142855,14
BOTTOM,Mel,Xayah,0.3333333333333333,6
BOTTOM,Xayah,Mel,0.6666666666666666,6
JUNGLE,Talon,Diana,0.4230769230769231,26
JUNGLE,Diana,Talon,0.5769230769230769,26
MIDDLE,Ahri,Lucian,0.5,6
MIDDLE,Lucian,Ahri,0.5,6
TOP,Riven,Fiora,0.6153846153846154,26
TOP,Fiora,Riven,0.38461538461538464,26
UTILITY,Rell,Blitzcrank,0.5789473684210527,19
UTILITY,Blitzcrank,Rell,0.42105263157894735,19
BOTTOM,Heimerdinger,Kalista,0.75,4
BOTTOM,Kalista,Heimerdinger,0.25,4
MIDDLE,Swain,Yone,0.5,2
MIDDLE,Yone,Swain,0.5,2
TOP,Riven,Malphite,0.43333333333333335,30
TOP,Malphite,Riven,0.5666666666666667,30
UTILITY,Poppy,Rell,0.5833333333333334,60
UTILITY,Rell,Poppy,0.4166666666666667,60
JUNGLE,Kayn,Naafiri,0.4117647058823529,17
JUNGLE,Naafiri,Kayn,0.5882352941176471,17
MIDDLE,Syndra,Orianna,0.49056603773584906,53
MIDDLE,Orianna,Syndra,0.5094339622641509,53
BOTTOM,Kaisa,Draven,0.42857142857142855,42
BOTTOM,Draven,Kaisa,0.5714285714285714,42
JUNGLE,Ekko,Nidalee,0.5333333333333333,30
JUNGLE,Nidalee,Ekko,0.4666666666666667,30
MIDDLE,Qiyana,TwistedFate,0.52,25
MIDDLE,TwistedFate,Qiyana,0.48,25
UTILITY,Braum,Sona,0.5555555555555556,9
UTILITY,Sona,Braum,0.4444444444444444,9
BOTTOM,Draven,Zeri,0.5789473684210527,38
BOTTOM,Zeri,Draven,0.42105263157894735,38
JUNGLE,Ekko,Gragas,0.6666666666666666,3
JUNGLE,Gragas,Ekko,0.3333333333333333,3
MIDDLE,Yone,Lissandra,0.6666666666666666,9
MIDDLE,Lissandra,Yone,0.3333333333333333,9
TOP,MasterYi,Renekton,0.5,4
TOP,Renekton,MasterYi,0.5,4
UTILITY,Sona,Lulu,0.44,50
UTILITY,Lulu,Sona,0.56,50
JUNGLE,Volibear,Zed,0.6666666666666666,3
JUNGLE,Zed,Volibear,0.3333333333333333,3
MIDDLE,Syndra,Xerath,0.5714285714285714,21
MIDDLE,Xerath,Syndra,0.42857142857142855,21
TOP,Gangplank,Gwen,0.3333333333333333,6
TOP,Gwen,Gangplank,0.6666666666666666,6
BOTTOM,Pantheon,Lucian,1.0,1
BOTTOM,Lucian,Pantheon,0.0,1
JUNGLE,Graves,JarvanIV,0.52,125
JUNGLE,JarvanIV,Graves,0.48,125
TOP,KSante,Darius,0.4666666666666667,30
TOP,Darius,KSante,0.5333333333333333,30
UTILITY,Lissandra,Elise,1.0,1
UTILITY,Elise,Lissandra,0.0,1
BOTTOM,Draven,KogMaw,0.6,25
BOTTOM,KogMaw,Draven,0.4,25
JUNGLE,Elise,Ivern,0.5555555555555556,9
JUNGLE,Ivern,Elise,0.4444444444444444,9
TOP,Camille,Yasuo,0.5714285714285714,7
TOP,Yasuo,Camille,0.42857142857142855,7
UTILITY,Neeko,Soraka,0.5,20
UTILITY,Soraka,Neeko,0.5,20
MIDDLE,Zed,Galio,0.5,14
MIDDLE,Galio,Zed,0.5,14
UTILITY,Neeko,Elise,0.6363636363636364,11
UTILITY,Elise,Neeko,0.36363636363636365,11
BOTTOM,Kaisa,Tristana,0.5609756097560976,41
BOTTOM,Tristana,Kaisa,0.43902439024390244,41
JUNGLE,MasterYi,Hecarim,0.32,25
JUNGLE,Hecarim,MasterYi,0.68,25
MIDDLE,Lux,Smolder,1.0,3
MIDDLE,Smolder,Lux,0.0,3
TOP,Ornn,Malzahar,1.0,1
TOP,Malzahar,Ornn,0.0,1
BOTTOM,Xayah,Zeri,0.6666666666666666,15
BOTTOM,Zeri,Xayah,0.3333333333333333,15
JUNGLE,Rengar,Ekko,0.6111111111111112,18
JUNGLE,Ekko,Rengar,0.3888888888888889,18
MIDDLE,Katarina,Pantheon,0.8,5
MIDDLE,Pantheon,Katarina,0.2,5
TOP,DrMundo,Aatrox,0.29411764705882354,17
TOP,Aatrox,DrMundo,0.7058823529411765,17
JUNGLE,Diana,Naafiri,0.42105263157894735,19
JUNGLE,Naafiri,Diana,0.5789473684210527,19
MIDDLE,Tristana,Mel,1.0,1
MIDDLE,Mel,Tristana,0.0,1
UTILITY,Gragas,Leona,1.0,5
UTILITY,Leona,Gragas,0.0,5
BOTTOM,Lucian,Jhin,0.5757575757575758,66
BOTTOM,Jhin,Lucian,0.42424242424242425,66
JUNGLE,Olaf,Nunu,0.5,6
JUNGLE,Nunu,Olaf,0.5,6
MIDDLE,Katarina,Swain,0.3333333333333333,3
MIDDLE,Swain,Katarina,0.6666666666666666,3
TOP,Shen,Ambessa,0.4666666666666667,15
TOP,Ambessa,Shen,0.5333333333333333,15
BOTTOM,Hwei,Ashe,0.5,12
BOTTOM,Ashe,Hwei,0.5,12
JUNGLE,JarvanIV,Kindred,0.6190476190476191,21
JUNGLE,Kindred,JarvanIV,0.38095238095238093,21
MIDDLE,Tristana,Galio,0.4444444444444444,9
MIDDLE,Galio,Tristana,0.5555555555555556,9
TOP,Gangplank,Nasus,0.0,4
TOP,Nasus,Gangplank,1.0,4
UTILITY,Sona,Thresh,0.41935483870967744,31
UTILITY,Thresh,Sona,0.5806451612903226,31
BOTTOM,Lucian,Vayne,0.6470588235294118,17
BOTTOM,Vayne,Lucian,0.35294117647058826,17
JUNGLE,Talon,Volibear,0.75,4
JUNGLE,Volibear,Talon,0.25,4
TOP,Vladimir,Garen,0.5,6
TOP,Garen,Vladimir,0.5,6
JUNGLE,Kindred,Naafiri,0.8,10
JUNGLE,Naafiri,Kindred,0.2,10
TOP,Sett,Gangplank,0.6666666666666666,3
TOP,Gangplank,Sett,0.3333333333333333,3
JUNGLE,Nidalee,Poppy,0.3333333333333333,3
JUNGLE,Poppy,Nidalee,0.6666666666666666,3
MIDDLE,Swain,Ekko,0.75,4
MIDDLE,Ekko,Swain,0.25,4
TOP,Jayce,Varus,0.40425531914893614,47
TOP,Varus,Jayce,0.5957446808510638,47
MIDDLE,Ryze,Corki,1.0,5
MIDDLE,Corki,Ryze,0.0,5
TOP,Malzahar,Kayle,1.0,1
TOP,Kayle,Malzahar,0.0,1
BOTTOM,Karthus,Heimerdinger,0.6666666666666666,3
BOTTOM,Heimerdinger,Karthus,0.3333333333333333,3
JUNGLE,Pantheon,MonkeyKing,0.6666666666666666,12
JUNGLE,MonkeyKing,Pantheon,0.3333333333333333,12
MIDDLE,Naafiri,Yone,0.375,8
MIDDLE,Yone,Naafiri,0.625,8
TOP,Kled,Fiora,0.0,3
TOP,Fiora,Kled,1.0,3
JUNGLE,Ekko,FiddleSticks,0.7142857142857143,7
JUNGLE,FiddleSticks,Ekko,0.2857142857142857,7
MIDDLE,Zed,Naafiri,0.6,10
MIDDLE,Naafiri,Zed,0.4,10
TOP,Vayne,Vladimir,0.6363636363636364,22
TOP,Vladimir,Vayne,0.36363636363636365,22
UTILITY,Gragas,Nautilus,0.6666666666666666,3
UTILITY,Nautilus,Gragas,0.3333333333333333,3
BOTTOM,Senna,Mel,0.7,20
BOTTOM,Mel,Senna,0.3,20
JUNGLE,LeeSin,Qiyana,0.6470588235294118,34
JUNGLE,Qiyana,LeeSin,0.35294117647058826,34
MIDDLE,Kassadin,Smolder,0.2,5
MIDDLE,Smolder,Kassadin,0.8,5
JUNGLE,Diana,Qiyana,0.5,12
JUNGLE,Qiyana,Diana,0.5,12
MIDDLE,Hwei,Yasuo,0.5333333333333333,15
MIDDLE,Yasuo,Hwei,0.4666666666666667,15
TOP,JarvanIV,Olaf,0.0,1
TOP,Olaf,JarvanIV,1.0,1
MIDDLE,Katarina,Gragas,0.8,5
MIDDLE,Gragas,Katarina,0.2,5
UTILITY,Sona,Pyke,0.5714285714285714,21
UTILITY,Pyke,Sona,0.42857142857142855,21
BOTTOM,Kaisa,Seraphine,0.45454545454545453,22
BOTTOM,Seraphine,Kaisa,0.5454545454545454,22
MIDDLE,Yasuo,Talon,0.8333333333333334,6
MIDDLE,Talon,Yasuo,0.16666666666666666,6
TOP,Ryze,Irelia,0.6666666666666666,3
TOP,Irelia,Ryze,0.3333333333333333,3
UTILITY,Alistar,Leona,0.44594594594594594,74
UTILITY,Leona,Alistar,0.5405405405405406,74
JUNGLE,Viego,Zed,0.3333333333333333,6
JUNGLE,Zed,Viego,0.6666666666666666,6
MIDDLE,Ryze,Chogath,0.4,5
MIDDLE,Chogath,Ryze,0.6,5
TOP,Jayce,Swain,0.5,4
TOP,Swain,Jayce,0.5,4
BOTTOM,Zeri,Lucian,0.3870967741935484,31
BOTTOM,Lucian,Zeri,0.6129032258064516,31
JUNGLE,Lillia,Naafiri,0.5769230769230769,26
JUNGLE,Naafiri,Lillia,0.4230769230769231,26
MIDDLE,Sylas,AurelionSol,0.5555555555555556,9
MIDDLE,AurelionSol,Sylas,0.4444444444444444,9
TOP,Ambessa,Chogath,0.5,10
TOP,Chogath,Ambessa,0.5,10
BOTTOM,Kaisa,MissFortune,0.5161290322580645,31
BOTTOM,MissFortune,Kaisa,0.4838709677419355,31
MIDDLE,Orianna,Azir,0.39285714285714285,28
MIDDLE,Azir,Orianna,0.6071428571428571,28
UTILITY,Thresh,Braum,0.5,60
UTILITY,Braum,Thresh,0.5,60
JUNGLE,Viego,Qiyana,0.41379310344827586,29
JUNGLE,Qiyana,Viego,0.5862068965517241,29
MIDDLE,Smolder,AurelionSol,0.2,5
MIDDLE,AurelionSol,Smolder,0.8,5
UTILITY,Thresh,Galio,0.2857142857142857,7
UTILITY,Galio,Thresh,0.7142857142857143,7
JUNGLE,Diana,Pantheon,0.5384615384615384,13
JUNGLE,Pantheon,Diana,0.46153846153846156,13
MIDDLE,Yasuo,Viktor,0.5777777777777777,45
MIDDLE,Viktor,Yasuo,0.4222222222222222,45
TOP,TahmKench,Sylas,1.0,1
TOP,Sylas,TahmKench,0.0,1
BOTTOM,Zeri,Jinx,0.3829787234042553,47
BOTTOM,Jinx,Zeri,0.6170212765957447,47
JUNGLE,Volibear,Vi,0.5,2
JUNGLE,Vi,Volibear,0.5,2
TOP,Sion,Gwen,0.47560975609756095,82
TOP,Gwen,Sion,0.524390243902439,82
TOP,Warwick,Chogath,1.0,3
TOP,Chogath,Warwick,0.0,3
UTILITY,Braum,Blitzcrank,0.48484848484848486,33
UTILITY,Blitzcrank,Braum,0.5151515151515151,33
BOTTOM,Lucian,Velkoz,0.36363636363636365,11
BOTTOM,Velkoz,Lucian,0.6363636363636364,11
JUNGLE,Nunu,Trundle,0.5,8
JUNGLE,Trundle,Nunu,0.5,8
MIDDLE,Katarina,MasterYi,1.0,1
MIDDLE,MasterYi,Katarina,0.0,1
TOP,Shen,Sett,0.6666666666666666,3
TOP,Sett,Shen,0.3333333333333333,3
JUNGLE,MasterYi,Naafiri,0.3333333333333333,21
JUNGLE,Naafiri,MasterYi,0.6666666666666666,21
TOP,Irelia,Renekton,0.46153846153846156,26
TOP,Renekton,Irelia,0.5384615384615384,26
JUNGLE,XinZhao,Shaco,0.6666666666666666,18
JUNGLE,Shaco,XinZhao,0.3333333333333333,18
MIDDLE,Ahri,Kassadin,0.6060606060606061,33
MIDDLE,Kassadin,Ahri,0.3939393939393939,33
TOP,Olaf,Camille,0.5,14
TOP,Camille,Olaf,0.5,14
MIDDLE,Katarina,Zilean,0.75,4
MIDDLE,Zilean,Katarina,0.25,4
TOP,Ahri,Sion,0.8571428571428571,7
TOP,Sion,Ahri,0.14285714285714285,7
UTILITY,Pyke,Blitzcrank,0.5625,16
UTILITY,Blitzcrank,Pyke,0.4375,16
JUNGLE,Briar,Viego,0.2727272727272727,11
JUNGLE,Viego,Briar,0.7272727272727273,11
MIDDLE,Fizz,Katarina,0.5,12
MIDDLE,Katarina,Fizz,0.5,12
TOP,Gnar,Riven,0.2777777777777778,18
TOP,Riven,Gnar,0.7222222222222222,18
UTILITY,Rakan,Sona,0.35,20
UTILITY,Sona,Rakan,0.65,20
JUNGLE,Kindred,XinZhao,0.42857142857142855,14
JUNGLE,XinZhao,Kindred,0.5714285714285714,14
MIDDLE,Lulu,Akali,0.0,1
MIDDLE,Akali,Lulu,1.0,1
BOTTOM,Neeko,Nilah,1.0,1
BOTTOM,Nilah,Neeko,0.0,1
JUNGLE,Ekko,Elise,0.75,16
JUNGLE,Elise,Ekko,0.25,16
TOP,Sion,Chogath,0.6296296296296297,27
TOP,Chogath,Sion,0.37037037037037035,27
JUNGLE,Ryze,Diana,0.0,1
JUNGLE,Diana,Ryze,1.0,1
MIDDLE,Tristana,Yone,0.5555555555555556,9
MIDDLE,Yone,Tristana,0.4444444444444444,9
TOP,Gwen,Swain,0.0,1
TOP,Swain,Gwen,1.0,1
UTILITY,Nami,Ornn,0.0,1
UTILITY,Ornn,Nami,1.0,1
BOTTOM,Smolder,Varus,0.4375,32
BOTTOM,Varus,Smolder,0.5625,32
TOP,Yorick,Ornn,0.2857142857142857,7
TOP,Ornn,Yorick,0.7142857142857143,7
UTILITY,Sona,Zilean,0.625,8
UTILITY,Zilean,Sona,0.375,8
BOTTOM,Neeko,Varus,1.0,1
BOTTOM,Varus,Neeko,0.0,1
JUNGLE,Sylas,Qiyana,0.5,24
JUNGLE,Qiyana,Sylas,0.5,24
JUNGLE,Briar,Qiyana,0.3333333333333333,9
JUNGLE,Qiyana,Briar,0.6666666666666666,9
UTILITY,Morgana,Blitzcrank,0.42857142857142855,14
UTILITY,Blitzcrank,Morgana,0.5714285714285714,14
BOTTOM,Aphelios,Lucian,0.5,28
BOTTOM,Lucian,Aphelios,0.5,28
MIDDLE,Orianna,Leblanc,0.36,25
MIDDLE,Leblanc,Orianna,0.64,25
MIDDLE,Leblanc,Akali,0.4722222222222222,36
MIDDLE,Akali,Leblanc,0.5277777777777778,36
TOP,Vladimir,Ambessa,0.6153846153846154,13
TOP,Ambessa,Vladimir,0.38461538461538464,13
MIDDLE,Zoe,Diana,0.42857142857142855,7
MIDDLE,Diana,Zoe,0.5714285714285714,7
BOTTOM,Vayne,Zeri,0.37037037037037035,27
BOTTOM,Zeri,Vayne,0.6296296296296297,27
JUNGLE,Olaf,Nidalee,0.0,2
JUNGLE,Nidalee,Olaf,1.0,2
MIDDLE,Nunu,Talon,0.0,2
MIDDLE,Talon,Nunu,1.0,2
TOP,Gragas,Riven,0.5,22
TOP,Riven,Gragas,0.5,22
UTILITY,Karma,Renata,0.5714285714285714,14
UTILITY,Renata,Karma,0.42857142857142855,14
TOP,Tryndamere,Sion,0.6666666666666666,15
TOP,Sion,Tryndamere,0.3333333333333333,15
MIDDLE,Syndra,TwistedFate,0.34285714285714286,35
MIDDLE,TwistedFate,Syndra,0.6571428571428571,35
TOP,KSante,Ornn,0.5,20
TOP,Ornn,KSante,0.5,20
UTILITY,Nami,Trundle,1.0,2
UTILITY,Trundle,Nami,0.0,2
JUNGLE,Warwick,Vi,0.3333333333333333,3
JUNGLE,Vi,Warwick,0.6666666666666666,3
MIDDLE,Lux,Sylas,0.16666666666666666,12
MIDDLE,Sylas,Lux,0.8333333333333334,12
TOP,Mordekaiser,Garen,0.25,4
TOP,Garen,Mordekaiser,0.75,4
BOTTOM,Syndra,Jhin,0.5,14
BOTTOM,Jhin,Syndra,0.5,14
JUNGLE,Shaco,Sylas,0.5714285714285714,21
JUNGLE,Sylas,Shaco,0.42857142857142855,21
TOP,Teemo,Malphite,0.4,10
TOP,Malphite,Teemo,0.6,10
BOTTOM,Lucian,Caitlyn,0.5142857142857142,70
BOTTOM,Caitlyn,Lucian,0.4857142857142857,70
JUNGLE,Viego,Shaco,0.42857142857142855,28
JUNGLE,Shaco,Viego,0.5714285714285714,28
MIDDLE,Katarina,Lux,0.4444444444444444,9
MIDDLE,Lux,Katarina,0.5555555555555556,9
TOP,DrMundo,Tryndamere,0.5,4
TOP,Tryndamere,DrMundo,0.5,4
UTILITY,Milio,Janna,0.65,20
UTILITY,Janna,Milio,0.35,20
JUNGLE,Rengar,Nocturne,0.38095238095238093,21
JUNGLE,Nocturne,Rengar,0.6190476190476191,21
TOP,Ornn,Yone,0.38461538461538464,26
TOP,Yone,Ornn,0.6153846153846154,26
UTILITY,Senna,Braum,0.6956521739130435,23
UTILITY,Braum,Senna,0.30434782608695654,23
BOTTOM,Jinx,Zilean,0.0,2
BOTTOM,Zilean,Jinx,1.0,2
MIDDLE,Yasuo,Jayce,0.35294117647058826,17
MIDDLE,Jayce,Yasuo,0.6470588235294118,17
MIDDLE,Ryze,Jayce,0.23529411764705882,17
MIDDLE,Jayce,Ryze,0.7647058823529411,17
TOP,Cassiopeia,Karma,0.5,2
TOP,Karma,Cassiopeia,0.5,2
BOTTOM,Aphelios,Yunara,0.544,125
BOTTOM,Yunara,Aphelios,0.456,125
JUNGLE,Hecarim,XinZhao,0.34285714285714286,35
JUNGLE,XinZhao,Hecarim,0.6571428571428571,35
MIDDLE,Gragas,Syndra,0.6,10
MIDDLE,Syndra,Gragas,0.4,10
TOP,KSante,RekSai,0.0,1
TOP,RekSai,KSante,1.0,1
JUNGLE,Sylas,Talon,0.36363636363636365,33
JUNGLE,Talon,Sylas,0.6363636363636364,33
MIDDLE,Veigar,Ryze,0.2727272727272727,11
MIDDLE,Ryze,Veigar,0.7272727272727273,11
BOTTOM,Jhin,Ziggs,0.45454545454545453,22
BOTTOM,Ziggs,Jhin,0.5454545454545454,22
MIDDLE,Aurora,Ryze,0.4791666666666667,48
MIDDLE,Ryze,Aurora,0.5208333333333334,48
TOP,Warwick,Yasuo,0.0,1
TOP,Yasuo,Warwick,1.0,1
MIDDLE,Karma,Vladimir,1.0,2
MIDDLE,Vladimir,Karma,0.0,2
UTILITY,Soraka,Nautilus,0.5161290322580645,62
UTILITY,Nautilus,Soraka,0.4838709677419355,62
BOTTOM,Varus,Caitlyn,0.5178571428571429,56
BOTTOM,Caitlyn,Varus,0.48214285714285715,56
MIDDLE,Irelia,Ryze,0.3684210526315789,19
MIDDLE,Ryze,Irelia,0.631578947368421,19
UTILITY,Rakan,Morgana,0.4,5
UTILITY,Morgana,Rakan,0.6,5
BOTTOM,Jinx,Caitlyn,0.5,76
BOTTOM,Caitlyn,Jinx,0.5,76
JUNGLE,Shaco,Rengar,0.5454545454545454,22
JUNGLE,Rengar,Shaco,0.45454545454545453,22
MIDDLE,Kassadin,Zed,0.5714285714285714,14
MIDDLE,Zed,Kassadin,0.42857142857142855,14
JUNGLE,Diana,Rengar,0.8,10
JUNGLE,Rengar,Diana,0.2,10
MIDDLE,Orianna,Galio,0.5121951219512195,41
MIDDLE,Galio,Orianna,0.4878048780487805,41
TOP,Kled,Ambessa,0.75,4
TOP,Ambessa,Kled,0.25,4
JUNGLE,Shaco,Zed,0.6,10
JUNGLE,Zed,Shaco,0.4,10
MIDDLE,MonkeyKing,Ekko,0.0,1
MIDDLE,Ekko,MonkeyKing,1.0,1
TOP,Teemo,Singed,0.38461538461538464,13
TOP,Singed,Teemo,0.6153846153846154,13
UTILITY,Milio,Yuumi,0.4444444444444444,9
UTILITY,Yuumi,Milio,0.5555555555555556,9
MIDDLE,Yasuo,Yone,0.46875,32
MIDDLE,Yone,Yasuo,0.53125,32
UTILITY,Karma,FiddleSticks,0.0,6
UTILITY,FiddleSticks,Karma,1.0,6
BOTTOM,Sivir,Swain,0.375,8
BOTTOM,Swain,Sivir,0.625,8
MIDDLE,Gwen,Katarina,0.5,6
MIDDLE,Katarina,Gwen,0.5,6
BOTTOM,MissFortune,Yunara,0.5769230769230769,26
BOTTOM,Yunara,MissFortune,0.4230769230769231,26
JUNGLE,XinZhao,Gragas,1.0,2
JUNGLE,Gragas,XinZhao,0.0,2
TOP,Graves,Kled,1.0,1
TOP,Kled,Graves,0.0,1
UTILITY,Braum,Taric,0.5,18
UTILITY,Taric,Braum,0.5,18
BOTTOM,Yunara,Mel,0.3888888888888889,18
BOTTOM,Mel,Yunara,0.6111111111111112,18
JUNGLE,Graves,XinZhao,0.4520547945205479,73
JUNGLE,XinZhao,Graves,0.547945205479452,73
MIDDLE,Azir,Ryze,0.5625,16
MIDDLE,Ryze,Azir,0.4375,16
UTILITY,Rakan,Pantheon,0.5,22
UTILITY,Pantheon,Rakan,0.5,22
JUNGLE,Viego,Udyr,0.6470588235294118,17
JUNGLE,Udyr,Viego,0.35294117647058826,17
TOP,Sion,Aatrox,0.4423076923076923,52
TOP,Aatrox,Sion,0.5576923076923077,52
BOTTOM,Yunara,Kaisa,0.5853658536585366,123
BOTTOM,Kaisa,Yunara,0.4146341463414634,123
JUNGLE,Jax,XinZhao,0.5625,16
JUNGLE,XinZhao,Jax,0.4375,16
UTILITY,Alistar,Poppy,0.5333333333333333,45
UTILITY,Poppy,Alistar,0.4666666666666667,45
JUNGLE,Hecarim,Sylas,0.5573770491803278,61
JUNGLE,Sylas,Hecarim,0.4426229508196721,61
TOP,Akali,Irelia,0.4375,16
TOP,Irelia,Akali,0.5625,16
UTILITY,Taric,Thresh,0.6206896551724138,29
UTILITY,Thresh,Taric,0.3793103448275862,29
MIDDLE,Syndra,Gwen,0.0,1
MIDDLE,Gwen,Syndra,1.0,1
TOP,Varus,Yorick,0.2222222222222222,9
TOP,Yorick,Varus,0.7777777777777778,9
JUNGLE,Zed,Khazix,0.4,10
JUNGLE,Khazix,Zed,0.6,10
TOP,Ambessa,Rumble,0.5476190476190477,42
TOP,Rumble,Ambessa,0.4523809523809524,42
UTILITY,Bard,Karma,0.5253456221198156,217
UTILITY,Karma,Bard,0.47465437788018433,217
MIDDLE,Cassiopeia,Viktor,0.55,40
MIDDLE,Viktor,Cassiopeia,0.45,40
TOP,Fiora,Varus,0.7692307692307693,13
TOP,Varus,Fiora,0.23076923076923078,13
UTILITY,Velkoz,Karma,0.46875,32
UTILITY,Karma,Velkoz,0.53125,32
BOTTOM,Ezreal,AurelionSol,0.45,40
BOTTOM,AurelionSol,Ezreal,0.55,40
JUNGLE,Zed,LeeSin,0.45,20
JUNGLE,LeeSin,Zed,0.55,20
TOP,Fiora,Jayce,0.4,20
TOP,Jayce,Fiora,0.6,20
UTILITY,Karma,Rakan,0.527027027027027,74
UTILITY,Rakan,Karma,0.47297297297297297,74
BOTTOM,AurelionSol,Ziggs,0.2,10
BOTTOM,Ziggs,AurelionSol,0.8,10
JUNGLE,MasterYi,Qiyana,0.3333333333333333,12
JUNGLE,Qiyana,MasterYi,0.6666666666666666,12
UTILITY,Blitzcrank,Nautilus,0.4583333333333333,48
UTILITY,Nautilus,Blitzcrank,0.5416666666666666,48
MIDDLE,Xerath,Azir,0.45454545454545453,11
MIDDLE,Azir,Xerath,0.5454545454545454,11
TOP,Jax,KSante,0.5641025641025641,39
TOP,KSante,Jax,0.4358974358974359,39
BOTTOM,Yunara,Sivir,0.48,50
BOTTOM,Sivir,Yunara,0.52,50
MIDDLE,Seraphine,Sion,1.0,1
MIDDLE,Sion,Seraphine,0.0,1
TOP,Yorick,Ambessa,0.4444444444444444,9
TOP,Ambessa,Yorick,0.5555555555555556,9
BOTTOM,AurelionSol,Lucian,0.5882352941176471,17
BOTTOM,Lucian,AurelionSol,0.4117647058823529,17
MIDDLE,Irelia,Ekko,0.2727272727272727,11
MIDDLE,Ekko,Irelia,0.7272727272727273,11
TOP,Urgot,Gangplank,0.125,8
TOP,Gangplank,Urgot,0.875,8
MIDDLE,Anivia,Irelia,0.625,16
MIDDLE,Irelia,Anivia,0.375,16
BOTTOM,Caitlyn,Kaisa,0.5416666666666666,72
BOTTOM,Kaisa,Caitlyn,0.4583333333333333,72
MIDDLE,Hwei,Akali,0.5,12
MIDDLE,Akali,Hwei,0.5,12
TOP,Ekko,Riven,0.5714285714285714,7
TOP,Riven,Ekko,0.42857142857142855,7
MIDDLE,Renekton,KSante,1.0,1
MIDDLE,KSante,Renekton,0.0,1
TOP,Galio,Yone,1.0,1
TOP,Yone,Galio,0.0,1
UTILITY,Blitzcrank,Seraphine,0.4722222222222222,36
UTILITY,Seraphine,Blitzcrank,0.5277777777777778,36
JUNGLE,Ekko,Qiyana,0.7142857142857143,14
JUNGLE,Qiyana,Ekko,0.2857142857142857,14
MIDDLE,Anivia,Malzahar,0.6,10
MIDDLE,Malzahar,Anivia,0.4,10
TOP,Warwick,Varus,0.25,4
TOP,Varus,Warwick,0.75,4
UTILITY,Janna,Karma,0.5274725274725275,91
UTILITY,Karma,Janna,0.4725274725274725,91
JUNGLE,Ekko,MonkeyKing,0.5,8
JUNGLE,MonkeyKing,Ekko,0.5,8
MIDDLE,Syndra,AurelionSol,0.7,10
MIDDLE,AurelionSol,Syndra,0.3,10
TOP,Singed,Ornn,0.7,20
TOP,Ornn,Singed,0.3,20
UTILITY,Braum,Karma,0.5,48
UTILITY,Karma,Braum,0.5,48
JUNGLE,Zac,DrMundo,0.0,2
JUNGLE,DrMundo,Zac,1.0,2
TOP,Aatrox,Pantheon,0.5,10
TOP,Pantheon,Aatrox,0.5,10
MIDDLE,Orianna,Anivia,0.42857142857142855,21
MIDDLE,Anivia,Orianna,0.5714285714285714,21
TOP,Ekko,Renekton,0.0,2
TOP,Renekton,Ekko,1.0,2
UTILITY,Taric,Janna,0.45,20
UTILITY,Janna,Taric,0.55,20
BOTTOM,Lucian,Zilean,0.5,2
BOTTOM,Zilean,Lucian,0.5,2
JUNGLE,Morgana,Ekko,0.0,1
JUNGLE,Ekko,Morgana,1.0,1
MIDDLE,Naafiri,Qiyana,0.6666666666666666,6
MIDDLE,Qiyana,Naafiri,0.3333333333333333,6
UTILITY,Taric,Soraka,0.5,14
UTILITY,Soraka,Taric,0.5,14
MIDDLE,Viego,Quinn,0.0,1
MIDDLE,Quinn,Viego,1.0,1
UTILITY,Karma,Neeko,0.5517241379310345,87
UTILITY,Neeko,Karma,0.4482758620689655,87
JUNGLE,Pantheon,XinZhao,0.6875,16
JUNGLE,XinZhao,Pantheon,0.3125,16
MIDDLE,Naafiri,Zoe,0.6,5
MIDDLE,Zoe,Naafiri,0.4,5
TOP,Garen,Camille,0.325,40
TOP,Camille,Garen,0.675,40
JUNGLE,Hecarim,Nidalee,0.3125,32
JUNGLE,Nidalee,Hecarim,0.6875,32
JUNGLE,JarvanIV,Nidalee,0.5192307692307693,52
JUNGLE,Nidalee,JarvanIV,0.4807692307692308,52
MIDDLE,Taliyah,Zoe,0.5294117647058824,17
MIDDLE,Zoe,Taliyah,0.47058823529411764,17
TOP,Vladimir,Zed,0.6666666666666666,6
TOP,Zed,Vladimir,0.3333333333333333,6
JUNGLE,Lillia,Nidalee,0.2857142857142857,14
JUNGLE,Nidalee,Lillia,0.7142857142857143,14
MIDDLE,Zed,Ekko,0.52,25
MIDDLE,Ekko,Zed,0.48,25
TOP,Yunara,Jayce,0.0,1
TOP,Jayce,Yunara,1.0,1
UTILITY,Elise,Leona,0.36363636363636365,22
UTILITY,Leona,Elise,0.6363636363636364,22
MIDDLE,Leblanc,Veigar,0.2,5
MIDDLE,Veigar,Leblanc,0.8,5
TOP,KSante,Naafiri,0.3333333333333333,3
TOP,Naafiri,KSante,0.6666666666666666,3
UTILITY,JarvanIV,Nautilus,0.0,1
UTILITY,Nautilus,JarvanIV,1.0,1
MIDDLE,Ziggs,Viego,1.0,1
MIDDLE,Viego,Ziggs,0.0,1
TOP,Naafiri,Malphite,0.5,6
TOP,Malphite,Naafiri,0.5,6
JUNGLE,Viego,RekSai,0.26666666666666666,30
JUNGLE,RekSai,Viego,0.7333333333333333,30
MIDDLE,Ryze,Akali,0.5675675675675675,37
MIDDLE,Akali,Ryze,0.43243243243243246,37
UTILITY,Elise,Nautilus,0.5348837209302325,43
UTILITY,Nautilus,Elise,0.46511627906976744,43
MIDDLE,Katarina,Naafiri,0.42857142857142855,7
MIDDLE,Naafiri,Katarina,0.5714285714285714,7
JUNGLE,Nunu,Ekko,0.46153846153846156,13
JUNGLE,Ekko,Nunu,0.5384615384615384,13
MIDDLE,Aurora,Kayle,0.5,4
MIDDLE,Kayle,Aurora,0.5,4
TOP,Aatrox,Jayce,0.5555555555555556,27
TOP,Jayce,Aatrox,0.4444444444444444,27
UTILITY,Neeko,Rell,0.5,22
UTILITY,Rell,Neeko,0.5,22
MIDDLE,Twitch,Ryze,1.0,1
MIDDLE,Ryze,Twitch,0.0,1
TOP,Singed,Olaf,0.5161290322580645,31
TOP,Olaf,Singed,0.4838709677419355,31
UTILITY,Karma,Pyke,0.47058823529411764,85
UTILITY,Pyke,Karma,0.5294117647058824,85
UTILITY,Pyke,Rakan,0.45652173913043476,92
UTILITY,Rakan,Pyke,0.5434782608695652,92
JUNGLE,Ekko,Naafiri,0.5,18
JUNGLE,Naafiri,Ekko,0.5,18
MIDDLE,Taliyah,Cassiopeia,0.2631578947368421,19
MIDDLE,Cassiopeia,Taliyah,0.7368421052631579,19
TOP,Jayce,Annie,0.6,10
TOP,Annie,Jayce,0.4,10
UTILITY,Blitzcrank,Poppy,0.5,10
UTILITY,Poppy,Blitzcrank,0.5,10
MIDDLE,Viktor,Twitch,0.0,2
MIDDLE,Twitch,Viktor,1.0,2
TOP,Malphite,DrMundo,0.3333333333333333,24
TOP,DrMundo,Malphite,0.6666666666666666,24
UTILITY,Poppy,Braum,0.4,10
UTILITY,Braum,Poppy,0.6,10
MIDDLE,Mel,Vladimir,0.0,6
MIDDLE,Vladimir,Mel,1.0,6
TOP,Irelia,Gangplank,0.6,15
TOP,Gangplank,Irelia,0.4,15
UTILITY,Rell,Janna,0.41935483870967744,62
UTILITY,Janna,Rell,0.5806451612903226,62
JUNGLE,LeeSin,Nidalee,0.5454545454545454,55
JUNGLE,Nidalee,LeeSin,0.45454545454545453,55
MIDDLE,TwistedFate,Irelia,0.5,8
MIDDLE,Irelia,TwistedFate,0.5,8
TOP,Ekko,Jax,0.0,1
TOP,Jax,Ekko,1.0,1
TOP,Gragas,Garen,0.3333333333333333,9
TOP,Garen,Gragas,0.6666666666666666,9
BOTTOM,MissFortune,Kalista,0.38095238095238093,21
BOTTOM,Kalista,MissFortune,0.6190476190476191,21
MIDDLE,Zoe,Vladimir,0.5555555555555556,9
MIDDLE,Vladimir,Zoe,0.4444444444444444,9
UTILITY,Kennen,Renata,1.0,1
UTILITY,Renata,Kennen,0.0,1
JUNGLE,Graves,Chogath,0.4444444444444444,9
JUNGLE,Chogath,Graves,0.5555555555555556,9
MIDDLE,Ekko,Leblanc,0.4827586206896552,29
MIDDLE,Leblanc,Ekko,0.5172413793103449,29
TOP,Gragas,Jayce,0.5238095238095238,21
TOP,Jayce,Gragas,0.47619047619047616,21
UTILITY,Leona,Pyke,0.5348837209302325,43
UTILITY,Pyke,Leona,0.46511627906976744,43
BOTTOM,Lucian,MissFortune,0.5,8
BOTTOM,MissFortune,Lucian,0.5,8
JUNGLE,Ekko,Nasus,0.75,4
JUNGLE,Nasus,Ekko,0.25,4
TOP,Aatrox,Darius,0.21052631578947367,19
TOP,Darius,Aatrox,0.7894736842105263,19
UTILITY,Taric,Alistar,0.5454545454545454,22
UTILITY,Alistar,Taric,0.45454545454545453,22
BOTTOM,Swain,Smolder,0.52,25
BOTTOM,Smolder,Swain,0.48,25
JUNGLE,Aatrox,Nasus,1.0,2
JUNGLE,Nasus,Aatrox,0.0,2
MIDDLE,Kayle,Taliyah,0.6666666666666666,3
MIDDLE,Taliyah,Kayle,0.3333333333333333,3
UTILITY,Nami,Ekko,0.25,4
UTILITY,Ekko,Nami,0.75,4
MIDDLE,Mel,Quinn,0.5714285714285714,7
MIDDLE,Quinn,Mel,0.42857142857142855,7
TOP,Ambessa,Zaahen,0.40540540540540543,37
TOP,Zaahen,Ambessa,0.5945945945945946,37
UTILITY,Taric,Rakan,0.47619047619047616,21
UTILITY,Rakan,Taric,0.5238095238095238,21
MIDDLE,Malzahar,Aurora,0.07692307692307693,13
MIDDLE,Aurora,Malzahar,0.9230769230769231,13
UTILITY,Sona,Neeko,0.4444444444444444,9
UTILITY,Neeko,Sona,0.5555555555555556,9
JUNGLE,Zac,Urgot,1.0,1
JUNGLE,Urgot,Zac,0.0,1
MIDDLE,Syndra,Azir,0.75,12
MIDDLE,Azir,Syndra,0.25,12
TOP,Zaahen,Aatrox,0.6,10
TOP,Aatrox,Zaahen,0.4,10
JUNGLE,Sylas,Chogath,0.6666666666666666,3
JUNGLE,Chogath,Sylas,0.3333333333333333,3
TOP,Zaahen,KSante,0.45454545454545453,22
TOP,KSante,Zaahen,0.5454545454545454,22
UTILITY,Braum,Zoe,0.7142857142857143,7
UTILITY,Zoe,Braum,0.2857142857142857,7
JUNGLE,Chogath,Jayce,0.3333333333333333,3
JUNGLE,Jayce,Chogath,0.6666666666666666,3
MIDDLE,Cassiopeia,Zed,0.3333333333333333,24
MIDDLE,Zed,Cassiopeia,0.6666666666666666,24
TOP,Zaahen,Gangplank,0.6666666666666666,12
TOP,Gangplank,Zaahen,0.3333333333333333,12
JUNGLE,DrMundo,Talon,0.45,20
JUNGLE,Talon,DrMundo,0.55,20
MIDDLE,Orianna,Taliyah,0.3939393939393939,33
MIDDLE,Taliyah,Orianna,0.6060606060606061,33
TOP,Zaahen,Udyr,0.25,4
TOP,Udyr,Zaahen,0.75,4
BOTTOM,Tristana,Jhin,0.5636363636363636,55
BOTTOM,Jhin,Tristana,0.43636363636363634,55
JUNGLE,Nocturne,Nidalee,0.2777777777777778,18
JUNGLE,Nidalee,Nocturne,0.7222222222222222,18
TOP,Akali,Galio,0.4444444444444444,9
TOP,Galio,Akali,0.5555555555555556,9
JUNGLE,Ambessa,Aatrox,0.6206896551724138,29
JUNGLE,Aatrox,Ambessa,0.3793103448275862,29
TOP,Riven,Kennen,0.35714285714285715,14
TOP,Kennen,Riven,0.6428571428571429,14
UTILITY,Karma,Camille,0.5384615384615384,26
UTILITY,Camille,Karma,0.46153846153846156,26
BOTTOM,Cassiopeia,Smolder,0.5833333333333334,12
BOTTOM,Smolder,Cassiopeia,0.4166666666666667,12
JUNGLE,LeeSin,DrMundo,0.5882352941176471,17
JUNGLE,DrMundo,LeeSin,0.4117647058823529,17
MIDDLE,Orianna,Hwei,0.4827586206896552,29
MIDDLE,Hwei,Orianna,0.5172413793103449,29
JUNGLE,Ambessa,Chogath,0.3333333333333333,3
JUNGLE,Chogath,Ambessa,0.6666666666666666,3
TOP,Vayne,Gangplank,0.47058823529411764,17
TOP,Gangplank,Vayne,0.5294117647058824,17
BOTTOM,Yunara,Caitlyn,0.4166666666666667,180
BOTTOM,Caitlyn,Yunara,0.5833333333333334,180
JUNGLE,Belveth,Ekko,0.16666666666666666,6
JUNGLE,Ekko,Belveth,0.8333333333333334,6
MIDDLE,Syndra,Malzahar,0.5909090909090909,22
MIDDLE,Malzahar,Syndra,0.4090909090909091,22
TOP,Tryndamere,Zaahen,0.5,6
TOP,Zaahen,Tryndamere,0.5,6
UTILITY,Nidalee,Karma,0.5,6
UTILITY,Karma,Nidalee,0.5,6
BOTTOM,Jhin,Zeri,0.48214285714285715,56
BOTTOM,Zeri,Jhin,0.5178571428571429,56
JUNGLE,Aatrox,Fizz,0.0,2
JUNGLE,Fizz,Aatrox,1.0,2
MIDDLE,Galio,Syndra,0.4666666666666667,30
MIDDLE,Syndra,Galio,0.5333333333333333,30
BOTTOM,Zeri,Caitlyn,0.36363636363636365,55
BOTTOM,Caitlyn,Zeri,0.6363636363636364,55
JUNGLE,Jayce,Volibear,0.0,2
JUNGLE,Volibear,Jayce,1.0,2
MIDDLE,Malzahar,Zilean,0.5,4
MIDDLE,Zilean,Malzahar,0.5,4
UTILITY,Rell,Senna,0.5081967213114754,61
UTILITY,Senna,Rell,0.4918032786885246,61
JUNGLE,Aatrox,Nidalee,0.42857142857142855,21
JUNGLE,Nidalee,Aatrox,0.5714285714285714,21
MIDDLE,Vladimir,Ekko,0.4166666666666667,12
MIDDLE,Ekko,Vladimir,0.5833333333333334,12
TOP,Sion,Ornn,0.41304347826086957,46
TOP,Ornn,Sion,0.5869565217391305,46
UTILITY,Gragas,Pyke,1.0,1
UTILITY,Pyke,Gragas,0.0,1
BOTTOM,Kalista,Taliyah,0.6666666666666666,3
BOTTOM,Taliyah,Kalista,0.3333333333333333,3
TOP,Jax,Rumble,0.6551724137931034,29
TOP,Rumble,Jax,0.3448275862068966,29
JUNGLE,Zed,MonkeyKing,0.2,10
JUNGLE,MonkeyKing,Zed,0.8,10
MIDDLE,Malzahar,TwistedFate,0.5454545454545454,11
MIDDLE,TwistedFate,Malzahar,0.45454545454545453,11
TOP,Rumble,Aatrox,0.5833333333333334,24
TOP,Aatrox,Rumble,0.4166666666666667,24
BOTTOM,Olaf,Kalista,0.3333333333333333,3
BOTTOM,Kalista,Olaf,0.6666666666666666,3
JUNGLE,Sylas,Aatrox,0.5,26
JUNGLE,Aatrox,Sylas,0.5,26
MIDDLE,Neeko,Aurora,0.75,4
MIDDLE,Aurora,Neeko,0.25,4
TOP,Riven,Karma,0.5,2
TOP,Karma,Riven,0.5,2
UTILITY,Sona,Soraka,0.5185185185185185,27
UTILITY,Soraka,Sona,0.48148148148148145,27
JUNGLE,Sylas,Fizz,0.6666666666666666,3
JUNGLE,Fizz,Sylas,0.3333333333333333,3
MIDDLE,Zaahen,Taliyah,1.0,1
MIDDLE,Taliyah,Zaahen,0.0,1
BOTTOM,AurelionSol,Yasuo,0.5,6
BOTTOM,Yasuo,AurelionSol,0.5,6
JUNGLE,XinZhao,Diana,0.3888888888888889,18
JUNGLE,Diana,XinZhao,0.6111111111111112,18
TOP,Sylas,Sion,0.5,12
TOP,Sion,Sylas,0.5,12
UTILITY,Poppy,Taric,0.8,5
UTILITY,Taric,Poppy,0.2,5
JUNGLE,Zaahen,Ekko,0.5,8
JUNGLE,Ekko,Zaahen,0.5,8
TOP,Vladimir,Jax,0.5625,16
TOP,Jax,Vladimir,0.4375,16
UTILITY,Karma,Leona,0.6557377049180327,61
UTILITY,Leona,Karma,0.3442622950819672,61
BOTTOM,Sivir,Vayne,0.5,18
BOTTOM,Vayne,Sivir,0.5,18
JUNGLE,Kindred,Khazix,0.4,35
JUNGLE,Khazix,Kindred,0.6,35
MIDDLE,Vladimir,Syndra,0.35,20
MIDDLE,Syndra,Vladimir,0.65,20
TOP,Irelia,Sylas,0.75,8
TOP,Sylas,Irelia,0.25,8
JUNGLE,Malphite,Talon,0.0,2
JUNGLE,Talon,Malphite,1.0,2
MIDDLE,Yone,Anivia,0.4444444444444444,27
MIDDLE,Anivia,Yone,0.5555555555555556,27
TOP,Singed,Rumble,0.3103448275862069,29
TOP,Rumble,Singed,0.6896551724137931,29
UTILITY,Xerath,Nami,0.42857142857142855,7
UTILITY,Nami,Xerath,0.5714285714285714,7
JUNGLE,Jayce,Nidalee,0.4117647058823529,17
JUNGLE,Nidalee,Jayce,0.5882352941176471,17
MIDDLE,Akali,Irelia,0.35,20
MIDDLE,Irelia,Akali,0.65,20
TOP,Ekko,Sion,0.3,10
TOP,Sion,Ekko,0.7,10
UTILITY,Alistar,Thresh,0.46808510638297873,47
UTILITY,Thresh,Alistar,0.5319148936170213,47
BOTTOM,AurelionSol,Tristana,0.47058823529411764,17
BOTTOM,Tristana,AurelionSol,0.5294117647058824,17
JUNGLE,Aatrox,Karthus,0.3333333333333333,12
JUNGLE,Karthus,Aatrox,0.6666666666666666,12
MIDDLE,Jayce,Syndra,0.38461538461538464,13
MIDDLE,Syndra,Jayce,0.6153846153846154,13
JUNGLE,Shaco,Neeko,0.5,2
JUNGLE,Neeko,Shaco,0.5,2
UTILITY,Bard,Janna,0.5588235294117647,136
UTILITY,Janna,Bard,0.4411764705882353,136
MIDDLE,Malzahar,Vladimir,0.4,15
MIDDLE,Vladimir,Malzahar,0.6,15
TOP,Anivia,Cassiopeia,0.4,15
TOP,Cassiopeia,Anivia,0.6,15
MIDDLE,Malzahar,Jayce,0.5,6
MIDDLE,Jayce,Malzahar,0.5,6
TOP,Irelia,Malphite,0.36363636363636365,22
TOP,Malphite,Irelia,0.6363636363636364,22
BOTTOM,Swain,Jhin,0.6,20
BOTTOM,Jhin,Swain,0.4,20
JUNGLE,Sylas,Malphite,0.75,4
JUNGLE,Malphite,Sylas,0.25,4
MIDDLE,Yasuo,Gwen,0.5,2
MIDDLE,Gwen,Yasuo,0.5,2
TOP,Zaahen,Irelia,0.5555555555555556,9
TOP,Irelia,Zaahen,0.4444444444444444,9
BOTTOM,Yunara,Zeri,0.5606060606060606,66
BOTTOM,Zeri,Yunara,0.4393939393939394,66
JUNGLE,Nidalee,Zed,0.5555555555555556,9
JUNGLE,Zed,Nidalee,0.4444444444444444,9
MIDDLE,Smolder,Mel,0.4,5
MIDDLE,Mel,Smolder,0.6,5
UTILITY,Zoe,Yuumi,0.0,4
UTILITY,Yuumi,Zoe,1.0,4
BOTTOM,Kaisa,Twitch,0.53125,32
BOTTOM,Twitch,Kaisa,0.46875,32
JUNGLE,Ambessa,Khazix,0.5588235294117647,34
JUNGLE,Khazix,Ambessa,0.4411764705882353,34
TOP,Sion,Nidalee,1.0,4
TOP,Nidalee,Sion,0.0,4
UTILITY,Blitzcrank,Zoe,0.5,6
UTILITY,Zoe,Blitzcrank,0.5,6
BOTTOM,Ezreal,Hwei,0.5217391304347826,23
BOTTOM,Hwei,Ezreal,0.4782608695652174,23
TOP,Heimerdinger,Fiora,0.6666666666666666,3
TOP,Fiora,Heimerdinger,0.3333333333333333,3
BOTTOM,Kalista,KogMaw,0.4166666666666667,24
BOTTOM,KogMaw,Kalista,0.5833333333333334,24
MIDDLE,Taliyah,Yasuo,0.45161290322580644,31
MIDDLE,Yasuo,Taliyah,0.5483870967741935,31
TOP,Darius,Aurora,0.4666666666666667,15
TOP,Aurora,Darius,0.5333333333333333,15
UTILITY,Taric,Pantheon,0.8333333333333334,6
UTILITY,Pantheon,Taric,0.16666666666666666,6
JUNGLE,Zaahen,Nidalee,0.25,4
JUNGLE,Nidalee,Zaahen,0.75,4
MIDDLE,Ahri,Teemo,0.5,2
MIDDLE,Teemo,Ahri,0.5,2
TOP,Heimerdinger,Yone,0.0,2
TOP,Yone,Heimerdinger,1.0,2
JUNGLE,Talon,Ambessa,0.5161290322580645,31
JUNGLE,Ambessa,Talon,0.4838709677419355,31
MIDDLE,Ryze,Malzahar,0.5,18
MIDDLE,Malzahar,Ryze,0.5,18
JUNGLE,Ivern,Diana,0.4666666666666667,15
JUNGLE,Diana,Ivern,0.5333333333333333,15
JUNGLE,Ivern,Sylas,0.5882352941176471,17
JUNGLE,Sylas,Ivern,0.4117647058823529,17
TOP,Gangplank,Aatrox,0.5217391304347826,23
TOP,Aatrox,Gangplank,0.4782608695652174,23
BOTTOM,Taliyah,Jhin,0.75,4
BOTTOM,Jhin,Taliyah,0.25,4
JUNGLE,Sylas,Karthus,0.5454545454545454,11
JUNGLE,Karthus,Sylas,0.45454545454545453,11
MIDDLE,Varus,Vladimir,1.0,1
MIDDLE,Vladimir,Varus,0.0,1
JUNGLE,Sylas,Zaahen,0.125,8
JUNGLE,Zaahen,Sylas,0.875,8
MIDDLE,Ambessa,Akali,0.0,8
MIDDLE,Akali,Ambessa,1.0,8
TOP,Tryndamere,Gangplank,0.6,10
TOP,Gangplank,Tryndamere,0.4,10
BOTTOM,Taliyah,Yasuo,0.5,2
BOTTOM,Yasuo,Taliyah,0.5,2
JUNGLE,Kindred,RekSai,0.5384615384615384,13
JUNGLE,RekSai,Kindred,0.46153846153846156,13
MIDDLE,Ryze,Neeko,0.8,5
MIDDLE,Neeko,Ryze,0.2,5
TOP,Aatrox,Yunara,0.5,2
TOP,Yunara,Aatrox,0.5,2
JUNGLE,Qiyana,Zaahen,0.5,8
JUNGLE,Zaahen,Qiyana,0.5,8
TOP,Aurora,Gangplank,0.3333333333333333,6
TOP,Gangplank,Aurora,0.6666666666666666,6
UTILITY,Vi,Pyke,1.0,1
UTILITY,Pyke,Vi,0.0,1
BOTTOM,Mel,Yasuo,0.5714285714285714,7
BOTTOM,Yasuo,Mel,0.42857142857142855,7
JUNGLE,LeeSin,Diana,0.4883720930232558,43
JUNGLE,Diana,LeeSin,0.5116279069767442,43
TOP,Fiora,Urgot,0.6,5
TOP,Urgot,Fiora,0.4,5
BOTTOM,MissFortune,Draven,0.5333333333333333,15
BOTTOM,Draven,MissFortune,0.4666666666666667,15
JUNGLE,Jax,Viego,0.36363636363636365,11
JUNGLE,Viego,Jax,0.6363636363636364,11
MIDDLE,Ryze,Syndra,0.5098039215686274,51
MIDDLE,Syndra,Ryze,0.49019607843137253,51
BOTTOM,Aphelios,Ziggs,0.25,8
BOTTOM,Ziggs,Aphelios,0.75,8
MIDDLE,Ryze,Quinn,0.3333333333333333,15
MIDDLE,Quinn,Ryze,0.6666666666666666,15
TOP,Irelia,Sett,0.14285714285714285,7
TOP,Sett,Irelia,0.8571428571428571,7
UTILITY,JarvanIV,Pyke,1.0,1
UTILITY,Pyke,JarvanIV,0.0,1
BOTTOM,Heimerdinger,Kaisa,0.6666666666666666,3
BOTTOM,Kaisa,Heimerdinger,0.3333333333333333,3
TOP,Jayce,Yorick,0.42105263157894735,76
TOP,Yorick,Jayce,0.5789473684210527,76
JUNGLE,Ekko,Ambessa,0.5882352941176471,17
JUNGLE,Ambessa,Ekko,0.4117647058823529,17
TOP,Zaahen,Fiora,0.35,20
TOP,Fiora,Zaahen,0.65,20
UTILITY,Leona,Janna,0.46153846153846156,39
UTILITY,Janna,Leona,0.5384615384615384,39
MIDDLE,Orianna,Tristana,0.6666666666666666,9
MIDDLE,Tristana,Orianna,0.3333333333333333,9
TOP,Sion,Malphite,0.6444444444444445,45
TOP,Malphite,Sion,0.35555555555555557,45
JUNGLE,XinZhao,Ekko,0.43478260869565216,23
JUNGLE,Ekko,XinZhao,0.5652173913043478,23
MIDDLE,TwistedFate,Gwen,0.6666666666666666,3
MIDDLE,Gwen,TwistedFate,0.3333333333333333,3
TOP,Riven,Urgot,0.5555555555555556,9
TOP,Urgot,Riven,0.4444444444444444,9
TOP,Zilean,Zaahen,1.0,1
TOP,Zaahen,Zilean,0.0,1
UTILITY,Pantheon,Pyke,0.6896551724137931,29
UTILITY,Pyke,Pantheon,0.3103448275862069,29
BOTTOM,Veigar,Yunara,0.625,8
BOTTOM,Yunara,Veigar,0.375,8
MIDDLE,Yasuo,Ryze,0.6410256410256411,39
MIDDLE,Ryze,Yasuo,0.358974358974359,39
UTILITY,Alistar,Milio,0.625,16
UTILITY,Milio,Alistar,0.375,16
BOTTOM,Draven,Sivir,0.7777777777777778,18
BOTTOM,Sivir,Draven,0.2222222222222222,18
JUNGLE,Fizz,Ekko,0.4,5
JUNGLE,Ekko,Fizz,0.6,5
JUNGLE,Shaco,JarvanIV,0.55,40
JUNGLE,JarvanIV,Shaco,0.45,40
TOP,Darius,Cassiopeia,0.18181818181818182,11
TOP,Cassiopeia,Darius,0.8181818181818182,11
BOTTOM,Seraphine,Yasuo,0.42857142857142855,7
BOTTOM,Yasuo,Seraphine,0.5714285714285714,7
MIDDLE,Yone,Viktor,0.46511627906976744,43
MIDDLE,Viktor,Yone,0.5348837209302325,43
TOP,Kayle,Zaahen,0.6666666666666666,3
TOP,Zaahen,Kayle,0.3333333333333333,3
UTILITY,Alistar,Sylas,0.3,10
UTILITY,Sylas,Alistar,0.7,10
JUNGLE,Olaf,Karthus,0.0,1
JUNGLE,Karthus,Olaf,1.0,1
TOP,Urgot,Jayce,0.6363636363636364,11
TOP,Jayce,Urgot,0.36363636363636365,11
BOTTOM,Jhin,Yunara,0.3565217391304348,115
BOTTOM,Yunara,Jhin,0.6434782608695652,115
JUNGLE,Karthus,Nidalee,0.6666666666666666,6
JUNGLE,Nidalee,Karthus,0.3333333333333333,6
TOP,Jax,Zaahen,0.52,25
TOP,Zaahen,Jax,0.48,25
UTILITY,Karma,Nautilus,0.4521452145214521,303
UTILITY,Nautilus,Karma,0.5478547854785478,303
BOTTOM,Smolder,Zeri,0.46938775510204084,49
BOTTOM,Zeri,Smolder,0.5306122448979592,49
JUNGLE,Zyra,Chogath,0.0,1
JUNGLE,Chogath,Zyra,1.0,1
JUNGLE,XinZhao,Sylas,0.5227272727272727,44
JUNGLE,Sylas,XinZhao,0.4772727272727273,44
MIDDLE,Ekko,Azir,0.4,10
MIDDLE,Azir,Ekko,0.6,10
MIDDLE,Graves,Ryze,0.0,2
MIDDLE,Ryze,Graves,1.0,2
UTILITY,Nidalee,Elise,0.0,2
UTILITY,Elise,Nidalee,1.0,2
BOTTOM,Sivir,Ziggs,0.36363636363636365,11
BOTTOM,Ziggs,Sivir,0.6363636363636364,11
TOP,Cassiopeia,Irelia,0.6842105263157895,19
TOP,Irelia,Cassiopeia,0.3157894736842105,19
MIDDLE,Tristana,Vladimir,0.5,4
MIDDLE,Vladimir,Tristana,0.5,4
TOP,Zaahen,Sylas,0.8,5
TOP,Sylas,Zaahen,0.2,5
JUNGLE,Karthus,DrMundo,0.5,10
JUNGLE,DrMundo,Karthus,0.5,10
MIDDLE,Taliyah,Viktor,0.5217391304347826,23
MIDDLE,Viktor,Taliyah,0.4782608695652174,23
TOP,Zaahen,Rumble,0.3684210526315789,19
TOP,Rumble,Zaahen,0.631578947368421,19
UTILITY,Amumu,Pyke,0.5,4
UTILITY,Pyke,Amumu,0.5,4
BOTTOM,Yunara,Xayah,0.5416666666666666,24
BOTTOM,Xayah,Yunara,0.4583333333333333,24
UTILITY,Neeko,Rakan,0.5277777777777778,36
UTILITY,Rakan,Neeko,0.4722222222222222,36
JUNGLE,Ekko,Sylas,0.5185185185185185,27
JUNGLE,Sylas,Ekko,0.48148148148148145,27
MIDDLE,Mel,Jayce,0.5,6
MIDDLE,Jayce,Mel,0.5,6
JUNGLE,Fizz,Viego,0.5,2
JUNGLE,Viego,Fizz,0.5,2
MIDDLE,Viktor,Ornn,1.0,1
MIDDLE,Ornn,Viktor,0.0,1
TOP,Ambessa,Cassiopeia,0.5,6
TOP,Cassiopeia,Ambessa,0.5,6
UTILITY,Lux,Nautilus,0.5526315789473685,38
UTILITY,Nautilus,Lux,0.4473684210526316,38
BOTTOM,Cassiopeia,KogMaw,0.3333333333333333,3
BOTTOM,KogMaw,Cassiopeia,0.6666666666666666,3
JUNGLE,Nidalee,Fizz,0.0,2
JUNGLE,Fizz,Nidalee,1.0,2
MIDDLE,Yasuo,Irelia,0.7692307692307693,13
MIDDLE,Irelia,Yasuo,0.23076923076923078,13
UTILITY,Zilean,Camille,0.8571428571428571,7
UTILITY,Camille,Zilean,0.14285714285714285,7
JUNGLE,Naafiri,Aatrox,0.5,32
JUNGLE,Aatrox,Naafiri,0.5,32
MIDDLE,Anivia,Cassiopeia,0.5294117647058824,34
MIDDLE,Cassiopeia,Anivia,0.47058823529411764,34
TOP,Ambessa,Gwen,0.625,8
TOP,Gwen,Ambessa,0.375,8
UTILITY,Lulu,Nidalee,0.5,6
UTILITY,Nidalee,Lulu,0.5,6
BOTTOM,Yunara,Draven,0.5932203389830508,59
BOTTOM,Draven,Yunara,0.4067796610169492,59
TOP,Ornn,Darius,0.7333333333333333,15
TOP,Darius,Ornn,0.26666666666666666,15
UTILITY,Soraka,Rakan,0.34782608695652173,23
UTILITY,Rakan,Soraka,0.6521739130434783,23
MIDDLE,Viktor,Sylas,0.34210526315789475,38
MIDDLE,Sylas,Viktor,0.6578947368421053,38
UTILITY,Alistar,Lux,0.42857142857142855,7
UTILITY,Lux,Alistar,0.5714285714285714,7
MIDDLE,Taliyah,Corki,1.0,2
MIDDLE,Corki,Taliyah,0.0,2
BOTTOM,Vayne,Aphelios,0.5714285714285714,14
BOTTOM,Aphelios,Vayne,0.42857142857142855,14
JUNGLE,Sylas,Nunu,0.38461538461538464,26
JUNGLE,Nunu,Sylas,0.6153846153846154,26
MIDDLE,Syndra,Corki,0.25,4
MIDDLE,Corki,Syndra,0.75,4
TOP,Zaahen,Teemo,0.625,8
TOP,Teemo,Zaahen,0.375,8
JUNGLE,Aatrox,Hecarim,0.6363636363636364,22
JUNGLE,Hecarim,Aatrox,0.36363636363636365,22
MIDDLE,Ryze,Ekko,0.5106382978723404,47
MIDDLE,Ekko,Ryze,0.48936170212765956,47
TOP,Zaahen,Aurora,0.7,10
TOP,Aurora,Zaahen,0.3,10
UTILITY,Alistar,Lulu,0.4745762711864407,59
UTILITY,Lulu,Alistar,0.5254237288135594,59
JUNGLE,Jax,Aatrox,0.75,4
JUNGLE,Aatrox,Jax,0.25,4
MIDDLE,Jayce,Neeko,1.0,2
MIDDLE,Neeko,Jayce,0.0,2
MIDDLE,Leblanc,Hwei,0.3684210526315789,19
MIDDLE,Hwei,Leblanc,0.631578947368421,19
JUNGLE,MonkeyKing,Ambessa,0.5,14
JUNGLE,Ambessa,MonkeyKing,0.5,14
MIDDLE,Vayne,Xerath,0.5,2
MIDDLE,Xerath,Vayne,0.5,2
JUNGLE,Ambessa,Qiyana,0.32142857142857145,28
JUNGLE,Qiyana,Ambessa,0.6785714285714286,28
MIDDLE,Hwei,Vladimir,0.4166666666666667,12
MIDDLE,Vladimir,Hwei,0.5833333333333334,12
BOTTOM,Kaisa,Samira,0.48148148148148145,27
BOTTOM,Samira,Kaisa,0.5185185185185185,27
MIDDLE,Qiyana,Mel,0.5,12
MIDDLE,Mel,Qiyana,0.5,12
TOP,Quinn,Kennen,0.6666666666666666,3
TOP,Kennen,Quinn,0.3333333333333333,3
UTILITY,Pantheon,Leona,0.23529411764705882,17
UTILITY,Leona,Pantheon,0.7647058823529411,17
BOTTOM,Zyra,Seraphine,0.2,5
BOTTOM,Seraphine,Zyra,0.8,5
TOP,Jayce,Naafiri,0.5,2
TOP,Naafiri,Jayce,0.5,2
BOTTOM,Corki,Sivir,0.7647058823529411,17
BOTTOM,Sivir,Corki,0.23529411764705882,17
MIDDLE,Ekko,Katarina,0.3793103448275862,29
MIDDLE,Katarina,Ekko,0.6206896551724138,29
TOP,KSante,Aatrox,0.46153846153846156,26
TOP,Aatrox,KSante,0.5384615384615384,26
MIDDLE,Neeko,Sylas,0.4,5
MIDDLE,Sylas,Neeko,0.6,5
TOP,Malphite,Tryndamere,0.3181818181818182,22
TOP,Tryndamere,Malphite,0.6818181818181818,22
BOTTOM,Kaisa,Quinn,0.5,2
BOTTOM,Quinn,Kaisa,0.5,2
JUNGLE,Aatrox,Diana,0.46153846153846156,13
JUNGLE,Diana,Aatrox,0.5384615384615384,13
MIDDLE,Mel,Naafiri,0.0,2
MIDDLE,Naafiri,Mel,1.0,2
TOP,Aurora,Akshan,0.25,4
TOP,Akshan,Aurora,0.75,4
JUNGLE,Jayce,Nunu,0.875,8
JUNGLE,Nunu,Jayce,0.125,8
TOP,Udyr,Malphite,1.0,2
TOP,Malphite,Udyr,0.0,2
BOTTOM,Karthus,Aphelios,0.6,10
BOTTOM,Aphelios,Karthus,0.4,10
MIDDLE,Ambessa,Sion,1.0,2
MIDDLE,Sion,Ambessa,0.0,2
TOP,Jayce,Renekton,0.4411764705882353,34
TOP,Renekton,Jayce,0.5588235294117647,34
UTILITY,Lux,Nunu,0.5,2
UTILITY,Nunu,Lux,0.5,2
JUNGLE,Aatrox,Ekko,0.4444444444444444,9
JUNGLE,Ekko,Aatrox,0.5555555555555556,9
JUNGLE,Ambessa,Diana,0.6666666666666666,15
JUNGLE,Diana,Ambessa,0.3333333333333333,15
TOP,Jax,Shen,0.6,15
TOP,Shen,Jax,0.4,15
UTILITY,Galio,Soraka,0.8333333333333334,6
UTILITY,Soraka,Galio,0.16666666666666666,6
MIDDLE,Zoe,Yasuo,0.6111111111111112,18
MIDDLE,Yasuo,Zoe,0.3888888888888889,18
TOP,Tryndamere,Rumble,0.5454545454545454,11
TOP,Rumble,Tryndamere,0.45454545454545453,11
BOTTOM,Jhin,Aphelios,0.45161290322580644,31
BOTTOM,Aphelios,Jhin,0.5483870967741935,31
JUNGLE,Aatrox,Ivern,0.2,10
JUNGLE,Ivern,Aatrox,0.8,10
TOP,KSante,Garen,0.5,40
TOP,Garen,KSante,0.5,40
UTILITY,Sylas,Nautilus,0.42105263157894735,19
UTILITY,Nautilus,Sylas,0.5789473684210527,19
JUNGLE,Hecarim,JarvanIV,0.5344827586206896,58
JUNGLE,JarvanIV,Hecarim,0.46551724137931033,58
TOP,Rumble,Gwen,0.8,5
TOP,Gwen,Rumble,0.2,5
JUNGLE,Rengar,Sylas,0.47619047619047616,21
JUNGLE,Sylas,Rengar,0.5238095238095238,21
MIDDLE,Gwen,Zilean,0.0,1
MIDDLE,Zilean,Gwen,1.0,1
TOP,Mordekaiser,Jax,0.5,8
TOP,Jax,Mordekaiser,0.5,8
UTILITY,Karma,Poppy,0.3125,16
UTILITY,Poppy,Karma,0.6875,16
JUNGLE,Malphite,JarvanIV,0.5,4
JUNGLE,JarvanIV,Malphite,0.5,4
TOP,Ornn,Swain,0.0,2
TOP,Swain,Ornn,1.0,2
UTILITY,Zoe,Nami,0.29411764705882354,17
UTILITY,Nami,Zoe,0.7058823529411765,17
MIDDLE,LeeSin,Aurora,0.0,1
MIDDLE,Aurora,LeeSin,1.0,1
MIDDLE,Taliyah,Ekko,0.625,24
MIDDLE,Ekko,Taliyah,0.375,24
TOP,Nasus,Olaf,0.0,2
TOP,Olaf,Nasus,1.0,2
BOTTOM,Tristana,Yunara,0.4444444444444444,63
BOTTOM,Yunara,Tristana,0.5555555555555556,63
JUNGLE,Ekko,Kayn,0.3,10
JUNGLE,Kayn,Ekko,0.7,10
MIDDLE,Katarina,Ryze,0.5142857142857142,35
MIDDLE,Ryze,Katarina,0.4857142857142857,35
UTILITY,Zilean,Pantheon,0.5454545454545454,11
UTILITY,Pantheon,Zilean,0.45454545454545453,11
BOTTOM,Kalista,Tristana,0.5806451612903226,31
BOTTOM,Tristana,Kalista,0.41935483870967744,31
MIDDLE,Zed,Orianna,0.45454545454545453,33
MIDDLE,Orianna,Zed,0.5454545454545454,33
TOP,Rumble,Yasuo,0.6,5
TOP,Yasuo,Rumble,0.4,5
BOTTOM,Zeri,AurelionSol,0.5454545454545454,11
BOTTOM,AurelionSol,Zeri,0.45454545454545453,11
JUNGLE,Naafiri,Khazix,0.6097560975609756,41
JUNGLE,Khazix,Naafiri,0.3902439024390244,41
MIDDLE,Zoe,Tristana,0.0,4
MIDDLE,Tristana,Zoe,1.0,4
TOP,Aatrox,Nidalee,0.5,2
TOP,Nidalee,Aatrox,0.5,2
JUNGLE,Talon,Jayce,0.2727272727272727,11
JUNGLE,Jayce,Talon,0.7272727272727273,11
UTILITY,Pyke,Elise,0.5555555555555556,18
UTILITY,Elise,Pyke,0.4444444444444444,18
MIDDLE,Jayce,Taliyah,0.4444444444444444,9
MIDDLE,Taliyah,Jayce,0.5555555555555556,9
TOP,Akali,Zaahen,0.375,8
TOP,Zaahen,Akali,0.625,8
UTILITY,Leblanc,Senna,0.375,8
UTILITY,Senna,Leblanc,0.625,8
JUNGLE,Udyr,Skarner,0.3333333333333333,9
JUNGLE,Skarner,Udyr,0.6666666666666666,9
TOP,Zaahen,Illaoi,0.25,4
TOP,Illaoi,Zaahen,0.75,4
JUNGLE,Malphite,XinZhao,0.6666666666666666,3
JUNGLE,XinZhao,Malphite,0.3333333333333333,3
TOP,Kennen,Gragas,0.5714285714285714,7
TOP,Gragas,Kennen,0.42857142857142855,7
BOTTOM,Yunara,Ziggs,0.6818181818181818,22
BOTTOM,Ziggs,Yunara,0.3181818181818182,22
JUNGLE,RekSai,Zaahen,0.5,18
JUNGLE,Zaahen,RekSai,0.5,18
UTILITY,Karma,Taric,0.4583333333333333,24
UTILITY,Taric,Karma,0.5416666666666666,24
JUNGLE,Qiyana,Elise,0.6,10
JUNGLE,Elise,Qiyana,0.4,10
MIDDLE,Malzahar,Cassiopeia,0.2,5
MIDDLE,Cassiopeia,Malzahar,0.8,5
UTILITY,Leona,Yuumi,0.8,5
UTILITY,Yuumi,Leona,0.2,5
MIDDLE,Azir,Corki,0.5,4
MIDDLE,Corki,Azir,0.5,4
UTILITY,Neeko,Lux,0.7777777777777778,9
UTILITY,Lux,Neeko,0.2222222222222222,9
BOTTOM,Malzahar,MissFortune,0.0,1
BOTTOM,MissFortune,Malzahar,1.0,1
JUNGLE,Naafiri,Jayce,0.35714285714285715,14
JUNGLE,Jayce,Naafiri,0.6428571428571429,14
MIDDLE,Kennen,Veigar,0.0,2
MIDDLE,Veigar,Kennen,1.0,2
JUNGLE,Ambessa,Sylas,0.3793103448275862,29
JUNGLE,Sylas,Ambessa,0.6206896551724138,29
TOP,Jax,Irelia,0.6666666666666666,18
TOP,Irelia,Jax,0.3333333333333333,18
UTILITY,Shaco,Velkoz,0.3333333333333333,3
UTILITY,Velkoz,Shaco,0.6666666666666666,3
BOTTOM,AurelionSol,Aphelios,0.5454545454545454,11
BOTTOM,Aphelios,AurelionSol,0.45454545454545453,11
MIDDLE,Anivia,Viktor,0.5945945945945946,37
MIDDLE,Viktor,Anivia,0.40540540540540543,37
TOP,Zaahen,Vayne,0.2857142857142857,28
TOP,Vayne,Zaahen,0.7142857142857143,28
UTILITY,Karma,Riven,1.0,1
UTILITY,Riven,Karma,0.0,1
MIDDLE,Karma,Cassiopeia,0.0,1
MIDDLE,Cassiopeia,Karma,1.0,1
TOP,Akali,Darius,0.0,7
TOP,Darius,Akali,1.0,7
UTILITY,Thresh,Milio,0.4,30
UTILITY,Milio,Thresh,0.6,30
BOTTOM,Tristana,Aphelios,0.5238095238095238,21
BOTTOM,Aphelios,Tristana,0.47619047619047616,21
JUNGLE,Zyra,LeeSin,0.5,14
JUNGLE,LeeSin,Zyra,0.5,14
MIDDLE,Zed,Ryze,0.6521739130434783,23
MIDDLE,Ryze,Zed,0.34782608695652173,23
BOTTOM,Samira,Smolder,0.4473684210526316,38
BOTTOM,Smolder,Samira,0.5526315789473685,38
JUNGLE,Zed,Hecarim,0.6,10
JUNGLE,Hecarim,Zed,0.4,10
TOP,Ryze,Yorick,0.6666666666666666,3
TOP,Yorick,Ryze,0.3333333333333333,3
BOTTOM,MissFortune,KogMaw,0.5555555555555556,9
BOTTOM,KogMaw,MissFortune,0.4444444444444444,9
JUNGLE,Hecarim,MonkeyKing,0.4375,16
JUNGLE,MonkeyKing,Hecarim,0.5625,16
TOP,Sylas,Kennen,0.4,5
TOP,Kennen,Sylas,0.6,5
BOTTOM,Kayle,Veigar,0.0,1
BOTTOM,Veigar,Kayle,1.0,1
MIDDLE,Orianna,Ahri,0.4470588235294118,85
MIDDLE,Ahri,Orianna,0.5529411764705883,85
TOP,Tryndamere,Cassiopeia,0.3333333333333333,6
TOP,Cassiopeia,Tryndamere,0.6666666666666666,6
TOP,Yorick,Zaahen,0.75,4
TOP,Zaahen,Yorick,0.25,4
TOP,Ambessa,Kayn,0.0,1
TOP,Kayn,Ambessa,1.0,1
BOTTOM,Varus,Zilean,0.6666666666666666,3
BOTTOM,Zilean,Varus,0.3333333333333333,3
JUNGLE,Qiyana,JarvanIV,0.5365853658536586,41
JUNGLE,JarvanIV,Qiyana,0.4634146341463415,41
TOP,Yorick,Zeri,0.0,1
TOP,Zeri,Yorick,1.0,1
JUNGLE,Ambessa,Zaahen,0.43478260869565216,23
JUNGLE,Zaahen,Ambessa,0.5652173913043478,23
TOP,Jax,Swain,0.6,5
TOP,Swain,Jax,0.4,5
UTILITY,Sylas,Shaco,0.3333333333333333,3
UTILITY,Shaco,Sylas,0.6666666666666666,3
BOTTOM,Ashe,Nilah,0.25,8
BOTTOM,Nilah,Ashe,0.75,8
MIDDLE,Ryze,Zoe,0.3888888888888889,18
MIDDLE,Zoe,Ryze,0.6111111111111112,18
TOP,Yasuo,Yone,0.5294117647058824,17
TOP,Yone,Yasuo,0.47058823529411764,17
UTILITY,Lulu,Blitzcrank,0.45652173913043476,46
UTILITY,Blitzcrank,Lulu,0.5434782608695652,46
JUNGLE,JarvanIV,Belveth,0.5789473684210527,19
JUNGLE,Belveth,JarvanIV,0.42105263157894735,19
BOTTOM,Sivir,Chogath,0.0,1
BOTTOM,Chogath,Sivir,1.0,1
JUNGLE,Aatrox,Qiyana,0.5,14
JUNGLE,Qiyana,Aatrox,0.5,14
TOP,Swain,Fiora,0.25,4
TOP,Fiora,Swain,0.75,4
UTILITY,Elise,Braum,0.38461538461538464,13
UTILITY,Braum,Elise,0.6153846153846154,13
BOTTOM,Swain,Ashe,0.48,25
BOTTOM,Ashe,Swain,0.52,25
JUNGLE,Jayce,LeeSin,0.5161290322580645,31
JUNGLE,LeeSin,Jayce,0.4838709677419355,31
TOP,Corki,Kennen,0.0,2
TOP,Kennen,Corki,1.0,2
MIDDLE,Mel,Anivia,0.5,14
MIDDLE,Anivia,Mel,0.5,14
UTILITY,Janna,Ashe,0.4,5
UTILITY,Ashe,Janna,0.6,5
JUNGLE,Poppy,Qiyana,0.3333333333333333,3
JUNGLE,Qiyana,Poppy,0.6666666666666666,3
MIDDLE,Zilean,Orianna,0.2857142857142857,7
MIDDLE,Orianna,Zilean,0.7142857142857143,7
BOTTOM,Zyra,Jayce,1.0,1
BOTTOM,Jayce,Zyra,0.0,1
TOP,Zaahen,Sion,0.525,40
TOP,Sion,Zaahen,0.475,40
BOTTOM,Corki,Zyra,0.0,4
BOTTOM,Zyra,Corki,1.0,4
MIDDLE,Galio,Mel,0.625,8
MIDDLE,Mel,Galio,0.375,8
BOTTOM,Ziggs,Tristana,0.5714285714285714,7
BOTTOM,Tristana,Ziggs,0.42857142857142855,7
TOP,Ambessa,Illaoi,0.3333333333333333,6
TOP,Illaoi,Ambessa,0.6666666666666666,6
BOTTOM,Pantheon,MissFortune,1.0,2
BOTTOM,MissFortune,Pantheon,0.0,2
MIDDLE,Corki,Yone,0.5,4
MIDDLE,Yone,Corki,0.5,4
MIDDLE,KSante,Akali,0.5,2
MIDDLE,Akali,KSante,0.5,2
BOTTOM,Vayne,Jhin,0.4583333333333333,24
BOTTOM,Jhin,Vayne,0.5416666666666666,24
MIDDLE,AurelionSol,Yone,0.7272727272727273,11
MIDDLE,Yone,AurelionSol,0.2727272727272727,11
TOP,Jax,Teemo,0.5,10
TOP,Teemo,Jax,0.5,10
BOTTOM,Aphelios,Corki,0.42857142857142855,21
BOTTOM,Corki,Aphelios,0.5714285714285714,21
JUNGLE,Riven,Ekko,0.2,5
JUNGLE,Ekko,Riven,0.8,5
MIDDLE,Orianna,Irelia,0.26666666666666666,15
MIDDLE,Irelia,Orianna,0.7333333333333333,15
TOP,Galio,Elise,0.0,2
TOP,Elise,Galio,1.0,2
BOTTOM,AurelionSol,Corki,0.4583333333333333,24
BOTTOM,Corki,AurelionSol,0.5416666666666666,24
JUNGLE,Ekko,Ivern,0.4166666666666667,12
JUNGLE,Ivern,Ekko,0.5833333333333334,12
MIDDLE,Orianna,Ryze,0.5185185185185185,54
MIDDLE,Ryze,Orianna,0.48148148148148145,54
TOP,Zaahen,Renekton,0.6666666666666666,15
TOP,Renekton,Zaahen,0.3333333333333333,15
BOTTOM,Zeri,Aphelios,0.5588235294117647,34
BOTTOM,Aphelios,Zeri,0.4411764705882353,34
JUNGLE,Jayce,Viego,0.375,24
JUNGLE,Viego,Jayce,0.625,24
MIDDLE,Fizz,Ekko,0.45454545454545453,11
MIDDLE,Ekko,Fizz,0.5454545454545454,11
MIDDLE,Viktor,Syndra,0.4444444444444444,63
MIDDLE,Syndra,Viktor,0.5555555555555556,63
TOP,Sion,Yasuo,0.30434782608695654,23
TOP,Yasuo,Sion,0.6956521739130435,23
BOTTOM,Draven,Jhin,0.5111111111111111,45
BOTTOM,Jhin,Draven,0.4888888888888889,45
JUNGLE,Elise,Shyvana,0.4,5
JUNGLE,Shyvana,Elise,0.6,5
TOP,Camille,Riven,0.5,14
TOP,Riven,Camille,0.5,14
UTILITY,Nami,Milio,0.5087719298245614,57
UTILITY,Milio,Nami,0.49122807017543857,57
BOTTOM,Mel,Jhin,0.48717948717948717,39
BOTTOM,Jhin,Mel,0.5128205128205128,39
MIDDLE,Syndra,Karthus,1.0,1
MIDDLE,Karthus,Syndra,0.0,1
BOTTOM,Aphelios,Mel,0.625,8
BOTTOM,Mel,Aphelios,0.375,8
MIDDLE,Lulu,Akshan,1.0,1
MIDDLE,Akshan,Lulu,0.0,1
TOP,Gragas,Yorick,0.625,8
TOP,Yorick,Gragas,0.375,8
MIDDLE,Akshan,Zaahen,0.5,2
MIDDLE,Zaahen,Akshan,0.5,2
TOP,Ivern,Kled,0.0,1
TOP,Kled,Ivern,1.0,1
UTILITY,Bard,Milio,0.574468085106383,47
UTILITY,Milio,Bard,0.425531914893617,47
BOTTOM,Corki,Anivia,0.5,4
BOTTOM,Anivia,Corki,0.5,4
TOP,Ekko,Zaahen,0.0,3
TOP,Zaahen,Ekko,1.0,3
UTILITY,Nami,Ivern,0.0,2
UTILITY,Ivern,Nami,1.0,2
BOTTOM,Samira,Jinx,0.35714285714285715,14
BOTTOM,Jinx,Samira,0.6428571428571429,14
UTILITY,Soraka,Nami,0.4852941176470588,68
UTILITY,Nami,Soraka,0.5147058823529411,68
BOTTOM,Ashe,Yunara,0.5514018691588785,107
BOTTOM,Yunara,Ashe,0.4485981308411215,107
MIDDLE,Zed,Karma,1.0,1
MIDDLE,Karma,Zed,0.0,1
UTILITY,Milio,Neeko,0.25,12
UTILITY,Neeko,Milio,0.75,12
JUNGLE,DrMundo,Ekko,0.5,10
JUNGLE,Ekko,DrMundo,0.5,10
JUNGLE,Ambessa,Ivern,0.6428571428571429,14
JUNGLE,Ivern,Ambessa,0.35714285714285715,14
UTILITY,Thresh,Karma,0.53125,96
UTILITY,Karma,Thresh,0.46875,96
TOP,Aurora,Sylas,0.2222222222222222,9
TOP,Sylas,Aurora,0.7777777777777778,9
BOTTOM,Tristana,Vayne,0.36363636363636365,11
BOTTOM,Vayne,Tristana,0.6363636363636364,11
JUNGLE,Nunu,RekSai,0.34782608695652173,23
JUNGLE,RekSai,Nunu,0.6521739130434783,23
MIDDLE,Orianna,Mel,0.09090909090909091,11
MIDDLE,Mel,Orianna,0.9090909090909091,11
TOP,KSante,Ekko,0.0,2
TOP,Ekko,KSante,1.0,2
JUNGLE,JarvanIV,Diana,0.6176470588235294,34
JUNGLE,Diana,JarvanIV,0.38235294117647056,34
MIDDLE,Akali,Cassiopeia,0.6111111111111112,18
MIDDLE,Cassiopeia,Akali,0.3888888888888889,18
TOP,Naafiri,Renekton,0.6666666666666666,3
TOP,Renekton,Naafiri,0.3333333333333333,3
UTILITY,Nami,Pantheon,0.45454545454545453,22
UTILITY,Pantheon,Nami,0.5454545454545454,22
BOTTOM,Zilean,Ezreal,0.2222222222222222,9
BOTTOM,Ezreal,Zilean,0.7777777777777778,9
JUNGLE,Hecarim,LeeSin,0.5660377358490566,53
JUNGLE,LeeSin,Hecarim,0.4339622641509434,53
MIDDLE,Sion,Azir,0.6666666666666666,6
MIDDLE,Azir,Sion,0.3333333333333333,6
TOP,Akali,KSante,0.3333333333333333,9
TOP,KSante,Akali,0.6666666666666666,9
TOP,Swain,Shen,0.0,2
TOP,Shen,Swain,1.0,2
UTILITY,Lux,Taric,0.1111111111111111,9
UTILITY,Taric,Lux,0.8888888888888888,9
BOTTOM,Jhin,Xayah,0.5555555555555556,18
BOTTOM,Xayah,Jhin,0.4444444444444444,18
JUNGLE,Zed,Nunu,0.5,6
JUNGLE,Nunu,Zed,0.5,6
MIDDLE,Anivia,Sion,0.6666666666666666,6
MIDDLE,Sion,Anivia,0.3333333333333333,6
TOP,Shen,LeeSin,0.0,2
TOP,LeeSin,Shen,1.0,2
UTILITY,Leblanc,Rakan,0.0,3
UTILITY,Rakan,Leblanc,1.0,3
JUNGLE,Zed,DrMundo,0.4,5
JUNGLE,DrMundo,Zed,0.6,5
MIDDLE,Cassiopeia,Akshan,0.5789473684210527,19
MIDDLE,Akshan,Cassiopeia,0.42105263157894735,19
TOP,LeeSin,Yasuo,0.6666666666666666,3
TOP,Yasuo,LeeSin,0.3333333333333333,3
UTILITY,Bard,KSante,0.75,4
UTILITY,KSante,Bard,0.25,4
BOTTOM,Jhin,Sivir,0.4117647058823529,51
BOTTOM,Sivir,Jhin,0.5882352941176471,51
JUNGLE,Karthus,Elise,0.5,6
JUNGLE,Elise,Karthus,0.5,6
MIDDLE,Yone,LeeSin,1.0,1
MIDDLE,LeeSin,Yone,0.0,1
UTILITY,Alistar,Rakan,0.425531914893617,47
UTILITY,Rakan,Alistar,0.574468085106383,47
BOTTOM,Sivir,Velkoz,0.19047619047619047,21
BOTTOM,Velkoz,Sivir,0.8095238095238095,21
JUNGLE,LeeSin,Udyr,0.6428571428571429,14
JUNGLE,Udyr,LeeSin,0.35714285714285715,14
TOP,Sylas,Aatrox,0.0,3
TOP,Aatrox,Sylas,1.0,3
JUNGLE,Aatrox,MonkeyKing,0.30434782608695654,23
JUNGLE,MonkeyKing,Aatrox,0.6956521739130435,23
MIDDLE,Katarina,Sylas,0.46875,32
MIDDLE,Sylas,Katarina,0.53125,32
TOP,Warwick,Kennen,0.0,1
TOP,Kennen,Warwick,1.0,1
BOTTOM,Aphelios,Varus,0.5,26
BOTTOM,Varus,Aphelios,0.5,26
JUNGLE,Jayce,DrMundo,0.2777777777777778,18
JUNGLE,DrMundo,Jayce,0.7222222222222222,18
MIDDLE,Anivia,Syndra,0.42857142857142855,28
MIDDLE,Syndra,Anivia,0.5714285714285714,28
TOP,Vayne,XinZhao,0.5454545454545454,11
TOP,XinZhao,Vayne,0.45454545454545453,11
JUNGLE,Zed,Qiyana,0.5,6
JUNGLE,Qiyana,Zed,0.5,6
TOP,Sion,Vladimir,0.5,14
TOP,Vladimir,Sion,0.5,14
TOP,Gwen,Ornn,0.5135135135135135,37
TOP,Ornn,Gwen,0.4864864864864865,37
JUNGLE,Karthus,Jayce,0.5,14
JUNGLE,Jayce,Karthus,0.5,14
MIDDLE,Sion,Syndra,0.2222222222222222,9
MIDDLE,Syndra,Sion,0.7777777777777778,9
TOP,Fiora,Yone,0.7142857142857143,14
TOP,Yone,Fiora,0.2857142857142857,14
UTILITY,Rumble,Orianna,0.0,1
UTILITY,Orianna,Rumble,1.0,1
BOTTOM,Mel,Zeri,0.36363636363636365,11
BOTTOM,Zeri,Mel,0.6363636363636364,11
JUNGLE,Lillia,Diana,0.42857142857142855,7
JUNGLE,Diana,Lillia,0.5714285714285714,7
MIDDLE,Garen,Akali,0.6666666666666666,3
MIDDLE,Akali,Garen,0.3333333333333333,3
MIDDLE,DrMundo,Tristana,0.5,2
MIDDLE,Tristana,DrMundo,0.5,2
JUNGLE,Kayn,Jayce,0.7142857142857143,7
JUNGLE,Jayce,Kayn,0.2857142857142857,7
MIDDLE,Veigar,Akali,0.6428571428571429,14
MIDDLE,Akali,Veigar,0.35714285714285715,14
JUNGLE,Malphite,Jayce,0.6,5
JUNGLE,Jayce,Malphite,0.4,5
TOP,Rumble,Sylas,0.3333333333333333,3
TOP,Sylas,Rumble,0.6666666666666666,3
MIDDLE,Sylas,Nunu,0.5,6
MIDDLE,Nunu,Sylas,0.5,6
TOP,Sion,Jax,0.34615384615384615,26
TOP,Jax,Sion,0.6538461538461539,26
MIDDLE,Brand,Katarina,0.42857142857142855,7
MIDDLE,Katarina,Brand,0.5714285714285714,7
TOP,Sion,Kayle,0.23076923076923078,13
TOP,Kayle,Sion,0.7692307692307693,13
JUNGLE,MasterYi,Ambessa,0.5625,16
JUNGLE,Ambessa,MasterYi,0.4375,16
MIDDLE,Ahri,Mel,0.5783132530120482,83
MIDDLE,Mel,Ahri,0.42168674698795183,83
JUNGLE,Gwen,JarvanIV,0.4444444444444444,9
JUNGLE,JarvanIV,Gwen,0.5555555555555556,9
MIDDLE,Mel,Kassadin,0.625,8
MIDDLE,Kassadin,Mel,0.375,8
TOP,Ambessa,Sylas,0.2857142857142857,7
TOP,Sylas,Ambessa,0.7142857142857143,7
UTILITY,Alistar,Karma,0.6,55
UTILITY,Karma,Alistar,0.4,55
JUNGLE,Diana,Belveth,0.7142857142857143,7
JUNGLE,Belveth,Diana,0.2857142857142857,7
TOP,Rumble,Ryze,0.4444444444444444,18
TOP,Ryze,Rumble,0.5555555555555556,18
TOP,MonkeyKing,Kennen,0.5,2
TOP,Kennen,MonkeyKing,0.5,2
JUNGLE,Belveth,RekSai,0.4,15
JUNGLE,RekSai,Belveth,0.6,15
TOP,Rumble,Aurora,0.5555555555555556,36
TOP,Aurora,Rumble,0.4444444444444444,36
JUNGLE,Viego,Ambessa,0.4444444444444444,27
JUNGLE,Ambessa,Viego,0.5555555555555556,27
UTILITY,Bard,Velkoz,0.525,40
UTILITY,Velkoz,Bard,0.475,40
BOTTOM,Vladimir,Corki,0.6,5
BOTTOM,Corki,Vladimir,0.4,5
JUNGLE,Pantheon,MasterYi,0.42857142857142855,7
JUNGLE,MasterYi,Pantheon,0.5714285714285714,7
JUNGLE,MasterYi,Karthus,0.8333333333333334,6
JUNGLE,Karthus,MasterYi,0.16666666666666666,6
MIDDLE,Ahri,Tristana,0.5217391304347826,23
MIDDLE,Tristana,Ahri,0.4782608695652174,23
JUNGLE,MasterYi,Shen,0.75,4
JUNGLE,Shen,MasterYi,0.25,4
MIDDLE,Morgana,Zoe,0.5,2
MIDDLE,Zoe,Morgana,0.5,2
TOP,Darius,Ryze,0.8,5
TOP,Ryze,Darius,0.2,5
BOTTOM,Swain,Tristana,0.4,5
BOTTOM,Tristana,Swain,0.6,5
JUNGLE,Jayce,Gwen,0.6666666666666666,3
JUNGLE,Gwen,Jayce,0.3333333333333333,3
MIDDLE,Orianna,Zac,0.5,2
MIDDLE,Zac,Orianna,0.5,2
TOP,Pantheon,Garen,0.08333333333333333,12
TOP,Garen,Pantheon,0.9166666666666666,12
BOTTOM,Ezreal,Anivia,0.5,4
BOTTOM,Anivia,Ezreal,0.5,4
JUNGLE,Naafiri,JarvanIV,0.5147058823529411,68
JUNGLE,JarvanIV,Naafiri,0.4852941176470588,68
UTILITY,Bard,Pantheon,0.42592592592592593,54
UTILITY,Pantheon,Bard,0.5740740740740741,54
MIDDLE,Anivia,Akali,0.6428571428571429,28
MIDDLE,Akali,Anivia,0.35714285714285715,28
TOP,Jax,Ryze,0.5384615384615384,13
TOP,Ryze,Jax,0.46153846153846156,13
JUNGLE,Diana,Briar,1.0,3
JUNGLE,Briar,Diana,0.0,3
MIDDLE,Vladimir,Akali,0.6,15
MIDDLE,Akali,Vladimir,0.4,15
TOP,Sion,Irelia,0.32142857142857145,28
TOP,Irelia,Sion,0.6785714285714286,28
UTILITY,Renata,Bard,0.47368421052631576,19
UTILITY,Bard,Renata,0.5263157894736842,19
JUNGLE,Naafiri,Belveth,0.5,22
JUNGLE,Belveth,Naafiri,0.5,22
MIDDLE,Qiyana,Kennen,1.0,1
MIDDLE,Kennen,Qiyana,0.0,1
TOP,Aurora,KSante,0.7142857142857143,21
TOP,KSante,Aurora,0.2857142857142857,21
BOTTOM,Yunara,Ezreal,0.5,236
BOTTOM,Ezreal,Yunara,0.5,236
MIDDLE,Jax,Kassadin,0.5714285714285714,7
MIDDLE,Kassadin,Jax,0.42857142857142855,7
TOP,Mel,Aurora,0.5,2
TOP,Aurora,Mel,0.5,2
BOTTOM,Aphelios,Sivir,0.4117647058823529,17
BOTTOM,Sivir,Aphelios,0.5882352941176471,17
MIDDLE,Sion,Katarina,0.5,4
MIDDLE,Katarina,Sion,0.5,4
TOP,Ryze,Vayne,0.42857142857142855,7
TOP,Vayne,Ryze,0.5714285714285714,7
BOTTOM,Viktor,Jhin,0.6,10
BOTTOM,Jhin,Viktor,0.4,10
JUNGLE,Jayce,Zed,0.375,8
JUNGLE,Zed,Jayce,0.625,8
MIDDLE,Leblanc,Azir,0.5,14
MIDDLE,Azir,Leblanc,0.5,14
BOTTOM,Swain,Caitlyn,0.46153846153846156,13
BOTTOM,Caitlyn,Swain,0.5384615384615384,13
JUNGLE,Diana,Jayce,0.5714285714285714,14
JUNGLE,Jayce,Diana,0.42857142857142855,14
UTILITY,Senna,Elise,0.5625,16
UTILITY,Elise,Senna,0.4375,16
BOTTOM,Twitch,Jhin,0.42857142857142855,14
BOTTOM,Jhin,Twitch,0.5714285714285714,14
JUNGLE,Shaco,Karthus,0.4375,16
JUNGLE,Karthus,Shaco,0.5625,16
MIDDLE,Ahri,Akshan,0.5102040816326531,49
MIDDLE,Akshan,Ahri,0.4897959183673469,49
JUNGLE,Rumble,Shaco,0.5,2
JUNGLE,Shaco,Rumble,0.5,2
TOP,Zed,DrMundo,0.6,5
TOP,DrMundo,Zed,0.4,5
JUNGLE,Qiyana,Gwen,0.3333333333333333,3
JUNGLE,Gwen,Qiyana,0.6666666666666666,3
TOP,Malphite,Jax,0.3793103448275862,29
TOP,Jax,Malphite,0.6206896551724138,29
UTILITY,Yuumi,Sona,0.1111111111111111,9
UTILITY,Sona,Yuumi,0.8888888888888888,9
JUNGLE,Shaco,Ambessa,0.6086956521739131,23
JUNGLE,Ambessa,Shaco,0.391304347826087,23
TOP,Gangplank,Singed,0.72,25
TOP,Singed,Gangplank,0.28,25
UTILITY,Pantheon,Alistar,0.45,20
UTILITY,Alistar,Pantheon,0.55,20
TOP,Ornn,Aurora,0.5454545454545454,22
TOP,Aurora,Ornn,0.45454545454545453,22
JUNGLE,Zed,Elise,0.5,4
JUNGLE,Elise,Zed,0.5,4
MIDDLE,Fizz,Ahri,0.48717948717948717,39
MIDDLE,Ahri,Fizz,0.5128205128205128,39
TOP,Sejuani,Ornn,0.6666666666666666,3
TOP,Ornn,Sejuani,0.3333333333333333,3
BOTTOM,AurelionSol,Ashe,0.4375,16
BOTTOM,Ashe,AurelionSol,0.5625,16
JUNGLE,Qiyana,Jayce,0.4666666666666667,15
JUNGLE,Jayce,Qiyana,0.5333333333333333,15
JUNGLE,Viego,Warwick,0.75,4
JUNGLE,Warwick,Viego,0.25,4
MIDDLE,Ryze,Akshan,0.4074074074074074,27
MIDDLE,Akshan,Ryze,0.5925925925925926,27
TOP,Jax,Fiora,0.41379310344827586,29
TOP,Fiora,Jax,0.5862068965517241,29
UTILITY,Janna,Seraphine,0.4,40
UTILITY,Seraphine,Janna,0.6,40
BOTTOM,Jhin,Olaf,0.0,2
BOTTOM,Olaf,Jhin,1.0,2
MIDDLE,Ahri,Velkoz,0.4117647058823529,17
MIDDLE,Velkoz,Ahri,0.5882352941176471,17
TOP,Zaahen,Riven,0.6153846153846154,13
TOP,Riven,Zaahen,0.38461538461538464,13
UTILITY,Bard,Sona,0.5423728813559322,59
UTILITY,Sona,Bard,0.4576271186440678,59
BOTTOM,Smolder,Yunara,0.5492957746478874,71
BOTTOM,Yunara,Smolder,0.4507042253521127,71
JUNGLE,Kayn,Nidalee,0.3333333333333333,15
JUNGLE,Nidalee,Kayn,0.6666666666666666,15
MIDDLE,Ryze,Taliyah,0.41304347826086957,46
MIDDLE,Taliyah,Ryze,0.5869565217391305,46
BOTTOM,Karthus,Yunara,0.3793103448275862,29
BOTTOM,Yunara,Karthus,0.6206896551724138,29
JUNGLE,Khazix,Neeko,0.5,2
JUNGLE,Neeko,Khazix,0.5,2
MIDDLE,Varus,Akshan,1.0,3
MIDDLE,Akshan,Varus,0.0,3
TOP,Jax,TahmKench,0.3333333333333333,3
TOP,TahmKench,Jax,0.6666666666666666,3
JUNGLE,Aatrox,LeeSin,0.48717948717948717,39
JUNGLE,LeeSin,Aatrox,0.5128205128205128,39
MIDDLE,Ryze,Kennen,0.0,1
MIDDLE,Kennen,Ryze,1.0,1
TOP,Ornn,Katarina,0.0,2
TOP,Katarina,Ornn,1.0,2
BOTTOM,Kayle,Ezreal,1.0,2
BOTTOM,Ezreal,Kayle,0.0,2
JUNGLE,Naafiri,Rumble,1.0,1
JUNGLE,Rumble,Naafiri,0.0,1
TOP,KSante,Nasus,0.75,8
TOP,Nasus,KSante,0.25,8
JUNGLE,Ekko,Sejuani,0.5,4
JUNGLE,Sejuani,Ekko,0.5,4
TOP,Sion,Rumble,0.5121951219512195,41
TOP,Rumble,Sion,0.4878048780487805,41
UTILITY,Nautilus,Pantheon,0.47619047619047616,42
UTILITY,Pantheon,Nautilus,0.5238095238095238,42
MIDDLE,Taliyah,Quinn,0.46153846153846156,13
MIDDLE,Quinn,Taliyah,0.5384615384615384,13
BOTTOM,Kaisa,Fiora,0.5714285714285714,7
BOTTOM,Fiora,Kaisa,0.42857142857142855,7
JUNGLE,Shaco,Qiyana,0.6875,16
JUNGLE,Qiyana,Shaco,0.3125,16
MIDDLE,Ryze,Elise,1.0,1
MIDDLE,Elise,Ryze,0.0,1
UTILITY,Nautilus,Pyke,0.514018691588785,107
UTILITY,Pyke,Nautilus,0.48598130841121495,107
MIDDLE,KogMaw,Ahri,0.18181818181818182,11
MIDDLE,Ahri,KogMaw,0.8181818181818182,11
TOP,Elise,DrMundo,0.0,1
TOP,DrMundo,Elise,1.0,1
UTILITY,Anivia,Bard,0.3793103448275862,29
UTILITY,Bard,Anivia,0.6206896551724138,29
JUNGLE,Shaco,Malphite,0.75,4
JUNGLE,Malphite,Shaco,0.25,4
MIDDLE,Kennen,Ekko,1.0,1
MIDDLE,Ekko,Kennen,0.0,1
TOP,Jax,Taliyah,1.0,2
TOP,Taliyah,Jax,0.0,2
MIDDLE,Ekko,Syndra,0.5833333333333334,24
MIDDLE,Syndra,Ekko,0.4166666666666667,24
TOP,Aatrox,Gwen,0.35714285714285715,14
TOP,Gwen,Aatrox,0.6428571428571429,14
BOTTOM,Taliyah,Mel,1.0,1
BOTTOM,Mel,Taliyah,0.0,1
JUNGLE,Qiyana,XinZhao,0.5,16
JUNGLE,XinZhao,Qiyana,0.5,16
BOTTOM,Lux,Olaf,1.0,1
BOTTOM,Olaf,Lux,0.0,1
MIDDLE,Yone,Leblanc,0.5294117647058824,17
MIDDLE,Leblanc,Yone,0.47058823529411764,17
TOP,Pantheon,Jayce,0.5217391304347826,23
TOP,Jayce,Pantheon,0.4782608695652174,23
UTILITY,Zoe,Sona,0.6666666666666666,3
UTILITY,Sona,Zoe,0.3333333333333333,3
MIDDLE,Cassiopeia,Nunu,1.0,1
MIDDLE,Nunu,Cassiopeia,0.0,1
MIDDLE,Vladimir,Azir,0.42857142857142855,7
MIDDLE,Azir,Vladimir,0.5714285714285714,7
TOP,Riven,Cassiopeia,0.3125,16
TOP,Cassiopeia,Riven,0.6875,16
JUNGLE,Ambessa,Jayce,0.5384615384615384,26
JUNGLE,Jayce,Ambessa,0.46153846153846156,26
BOTTOM,Vladimir,Kaisa,0.4,20
BOTTOM,Kaisa,Vladimir,0.6,20
MIDDLE,Cassiopeia,Orianna,0.41379310344827586,29
MIDDLE,Orianna,Cassiopeia,0.5862068965517241,29
BOTTOM,Yunara,Corki,0.53125,128
BOTTOM,Corki,Yunara,0.46875,128
TOP,Cassiopeia,Varus,0.5,24
TOP,Varus,Cassiopeia,0.5,24
UTILITY,Renata,Thresh,0.4666666666666667,15
UTILITY,Thresh,Renata,0.5333333333333333,15
TOP,Ryze,DrMundo,0.6666666666666666,3
TOP,DrMundo,Ryze,0.3333333333333333,3
BOTTOM,Syndra,KogMaw,0.6666666666666666,3
BOTTOM,KogMaw,Syndra,0.3333333333333333,3
UTILITY,Annie,Camille,0.0,1
UTILITY,Camille,Annie,1.0,1
JUNGLE,Shaco,Gwen,0.6,5
JUNGLE,Gwen,Shaco,0.4,5
MIDDLE,Anivia,Qiyana,0.8666666666666667,15
MIDDLE,Qiyana,Anivia,0.13333333333333333,15
JUNGLE,Belveth,MasterYi,0.16666666666666666,6
JUNGLE,MasterYi,Belveth,0.8333333333333334,6
MIDDLE,Zac,Aatrox,0.0,1
MIDDLE,Aatrox,Zac,1.0,1
JUNGLE,Rammus,Jayce,0.3333333333333333,3
JUNGLE,Jayce,Rammus,0.6666666666666666,3
MIDDLE,Nunu,Chogath,0.0,2
MIDDLE,Chogath,Nunu,1.0,2
TOP,Malphite,Nasus,0.5,6
TOP,Nasus,Malphite,0.5,6
JUNGLE,Vi,MasterYi,0.5909090909090909,22
JUNGLE,MasterYi,Vi,0.4090909090909091,22
TOP,Jayce,KSante,0.4126984126984127,63
TOP,KSante,Jayce,0.5873015873015873,63
UTILITY,Leblanc,Zilean,0.5,2
UTILITY,Zilean,Leblanc,0.5,2
JUNGLE,Ambessa,Kayn,0.4444444444444444,9
JUNGLE,Kayn,Ambessa,0.5555555555555556,9
MIDDLE,Taliyah,Azir,0.6153846153846154,13
MIDDLE,Azir,Taliyah,0.38461538461538464,13
TOP,Jax,Aatrox,0.38095238095238093,21
TOP,Aatrox,Jax,0.6190476190476191,21
BOTTOM,Xayah,KogMaw,0.6,10
BOTTOM,KogMaw,Xayah,0.4,10
TOP,Akali,Jayce,0.52,25
TOP,Jayce,Akali,0.48,25
JUNGLE,Ivern,XinZhao,0.26666666666666666,15
JUNGLE,XinZhao,Ivern,0.7333333333333333,15
MIDDLE,Cassiopeia,Aurora,0.6086956521739131,23
MIDDLE,Aurora,Cassiopeia,0.391304347826087,23
TOP,Rumble,Kaisa,1.0,1
TOP,Kaisa,Rumble,0.0,1
JUNGLE,Qiyana,Sejuani,0.5,2
JUNGLE,Sejuani,Qiyana,0.5,2
TOP,Varus,LeeSin,0.75,4
TOP,LeeSin,Varus,0.25,4
JUNGLE,Gwen,Zaahen,1.0,2
JUNGLE,Zaahen,Gwen,0.0,2
MIDDLE,Zed,Annie,0.6,20
MIDDLE,Annie,Zed,0.4,20
TOP,TahmKench,Anivia,0.5,2
TOP,Anivia,TahmKench,0.5,2
TOP,Kennen,Ambessa,0.42857142857142855,7
TOP,Ambessa,Kennen,0.5714285714285714,7
JUNGLE,Shaco,Nidalee,0.6129032258064516,31
JUNGLE,Nidalee,Shaco,0.3870967741935484,31
TOP,KSante,Galio,1.0,1
TOP,Galio,KSante,0.0,1
UTILITY,Blitzcrank,Karma,0.49019607843137253,51
UTILITY,Karma,Blitzcrank,0.5098039215686274,51
JUNGLE,Sylas,Diana,0.5,22
JUNGLE,Diana,Sylas,0.5,22
MIDDLE,Yone,Warwick,1.0,2
MIDDLE,Warwick,Yone,0.0,2
TOP,Pantheon,Gragas,0.5714285714285714,7
TOP,Gragas,Pantheon,0.42857142857142855,7
MIDDLE,Akali,Zoe,0.5,12
MIDDLE,Zoe,Akali,0.5,12
TOP,Samira,Sion,0.0,1
TOP,Sion,Samira,1.0,1
TOP,KSante,Smolder,0.5,8
TOP,Smolder,KSante,0.5,8
BOTTOM,Varus,Zeri,0.5384615384615384,26
BOTTOM,Zeri,Varus,0.46153846153846156,26
JUNGLE,Jayce,Belveth,0.4,5
JUNGLE,Belveth,Jayce,0.6,5
MIDDLE,Kayle,Ahri,0.4444444444444444,18
MIDDLE,Ahri,Kayle,0.5555555555555556,18
TOP,Gangplank,Malphite,0.7333333333333333,15
TOP,Malphite,Gangplank,0.26666666666666666,15
UTILITY,Karma,Qiyana,0.5,2
UTILITY,Qiyana,Karma,0.5,2
MIDDLE,Qiyana,Lissandra,0.5263157894736842,19
MIDDLE,Lissandra,Qiyana,0.47368421052631576,19
TOP,Malphite,Sylas,0.4925373134328358,67
TOP,Sylas,Malphite,0.5074626865671642,67
BOTTOM,Rengar,Xayah,1.0,1
BOTTOM,Xayah,Rengar,0.0,1
JUNGLE,MasterYi,JarvanIV,0.5757575757575758,33
JUNGLE,JarvanIV,MasterYi,0.42424242424242425,33
UTILITY,Ivern,Nautilus,0.4,5
UTILITY,Nautilus,Ivern,0.6,5
JUNGLE,Aatrox,Nunu,0.4166666666666667,24
JUNGLE,Nunu,Aatrox,0.5833333333333334,24
TOP,Singed,Galio,0.5,4
TOP,Galio,Singed,0.5,4
JUNGLE,Darius,Qiyana,1.0,2
JUNGLE,Qiyana,Darius,0.0,2
MIDDLE,Morgana,Sylas,0.6666666666666666,3
MIDDLE,Sylas,Morgana,0.3333333333333333,3
TOP,Cassiopeia,Rumble,0.7647058823529411,17
TOP,Rumble,Cassiopeia,0.23529411764705882,17
BOTTOM,Kaisa,AurelionSol,0.6842105263157895,19
BOTTOM,AurelionSol,Kaisa,0.3157894736842105,19
TOP,Corki,Jax,1.0,1
TOP,Jax,Corki,0.0,1
BOTTOM,Seraphine,Smolder,0.7222222222222222,18
BOTTOM,Smolder,Seraphine,0.2777777777777778,18
JUNGLE,RekSai,JarvanIV,0.5,24
JUNGLE,JarvanIV,RekSai,0.5,24
TOP,Ahri,Jax,1.0,2
TOP,Jax,Ahri,0.0,2
UTILITY,Bard,Yuumi,0.6538461538461539,26
UTILITY,Yuumi,Bard,0.34615384615384615,26
JUNGLE,Shaco,DrMundo,0.6153846153846154,13
JUNGLE,DrMundo,Shaco,0.38461538461538464,13
JUNGLE,Nidalee,Rengar,0.5,14
JUNGLE,Rengar,Nidalee,0.5,14
TOP,Renekton,Yasuo,0.4666666666666667,15
TOP,Yasuo,Renekton,0.5333333333333333,15
BOTTOM,Aphelios,Caitlyn,0.4117647058823529,34
BOTTOM,Caitlyn,Aphelios,0.5882352941176471,34
TOP,Kennen,Jax,0.3333333333333333,24
TOP,Jax,Kennen,0.6666666666666666,24
UTILITY,Sona,Rell,0.35714285714285715,28
UTILITY,Rell,Sona,0.6428571428571429,28
BOTTOM,Draven,Fiora,0.42857142857142855,7
BOTTOM,Fiora,Draven,0.5714285714285714,7
JUNGLE,LeeSin,Ambessa,0.5121951219512195,41
JUNGLE,Ambessa,LeeSin,0.4878048780487805,41
MIDDLE,Lux,Kassadin,0.2,5
MIDDLE,Kassadin,Lux,0.8,5
TOP,Vayne,Tristana,0.5714285714285714,7
TOP,Tristana,Vayne,0.42857142857142855,7
JUNGLE,Jax,JarvanIV,0.5,8
JUNGLE,JarvanIV,Jax,0.5,8
MIDDLE,Anivia,Taliyah,0.6428571428571429,14
MIDDLE,Taliyah,Anivia,0.35714285714285715,14
BOTTOM,MissFortune,Naafiri,0.0,1
BOTTOM,Naafiri,MissFortune,1.0,1
MIDDLE,Zed,Malzahar,0.625,16
MIDDLE,Malzahar,Zed,0.375,16
TOP,Yasuo,Riven,0.3333333333333333,6
TOP,Riven,Yasuo,0.6666666666666666,6
JUNGLE,Zac,Nidalee,0.5,8
JUNGLE,Nidalee,Zac,0.5,8
TOP,Urgot,Ambessa,0.42857142857142855,7
TOP,Ambessa,Urgot,0.5714285714285714,7
BOTTOM,Zoe,Yunara,0.0,1
BOTTOM,Yunara,Zoe,1.0,1
JUNGLE,Jayce,Warwick,0.5,2
JUNGLE,Warwick,Jayce,0.5,2
BOTTOM,Yunara,Nilah,0.5,12
BOTTOM,Nilah,Yunara,0.5,12
UTILITY,Elise,Sona,0.5,10
UTILITY,Sona,Elise,0.5,10
JUNGLE,Ambessa,Zed,0.42857142857142855,7
JUNGLE,Zed,Ambessa,0.5714285714285714,7
MIDDLE,Viktor,Zoe,0.3684210526315789,19
MIDDLE,Zoe,Viktor,0.631578947368421,19
TOP,Varus,Olaf,0.6111111111111112,18
TOP,Olaf,Varus,0.3888888888888889,18
UTILITY,Taric,Yuumi,0.2,5
UTILITY,Yuumi,Taric,0.8,5
MIDDLE,Katarina,Vladimir,0.3333333333333333,12
MIDDLE,Vladimir,Katarina,0.6666666666666666,12
JUNGLE,FiddleSticks,Ambessa,0.75,8
JUNGLE,Ambessa,FiddleSticks,0.25,8
TOP,Renekton,Rumble,0.46153846153846156,26
TOP,Rumble,Renekton,0.5384615384615384,26
UTILITY,Neeko,Nautilus,0.49122807017543857,57
UTILITY,Nautilus,Neeko,0.5087719298245614,57
TOP,Yasuo,Ornn,0.6,10
TOP,Ornn,Yasuo,0.4,10
UTILITY,Taric,Bard,0.5227272727272727,44
UTILITY,Bard,Taric,0.4772727272727273,44
JUNGLE,DrMundo,MonkeyKing,0.6666666666666666,3
JUNGLE,MonkeyKing,DrMundo,0.3333333333333333,3
MIDDLE,Viktor,Ahri,0.4444444444444444,81
MIDDLE,Ahri,Viktor,0.5555555555555556,81
BOTTOM,Caitlyn,Anivia,1.0,1
BOTTOM,Anivia,Caitlyn,0.0,1
TOP,RekSai,Gnar,0.8,5
TOP,Gnar,RekSai,0.2,5
JUNGLE,Viego,MasterYi,0.5,24
JUNGLE,MasterYi,Viego,0.5,24
TOP,Zaahen,Varus,0.5384615384615384,13
TOP,Varus,Zaahen,0.46153846153846156,13
BOTTOM,Varus,AurelionSol,0.3,10
BOTTOM,AurelionSol,Varus,0.7,10
MIDDLE,Ahri,Syndra,0.5061728395061729,81
MIDDLE,Syndra,Ahri,0.49382716049382713,81
TOP,DrMundo,Zaahen,0.5,6
TOP,Zaahen,DrMundo,0.5,6
UTILITY,Karma,Shaco,0.5384615384615384,13
UTILITY,Shaco,Karma,0.46153846153846156,13
MIDDLE,Katarina,Leblanc,0.5526315789473685,38
MIDDLE,Leblanc,Katarina,0.4473684210526316,38
MIDDLE,Jax,Kayle,0.5,2
MIDDLE,Kayle,Jax,0.5,2
TOP,Udyr,KSante,1.0,2
TOP,KSante,Udyr,0.0,2
UTILITY,Pyke,Neeko,0.56,25
UTILITY,Neeko,Pyke,0.44,25
MIDDLE,Ahri,Neeko,0.6666666666666666,6
MIDDLE,Neeko,Ahri,0.3333333333333333,6
TOP,Renekton,Kennen,0.5,22
TOP,Kennen,Renekton,0.5,22
UTILITY,Karma,Pantheon,0.5454545454545454,33
UTILITY,Pantheon,Karma,0.45454545454545453,33
BOTTOM,AurelionSol,Rengar,1.0,1
BOTTOM,Rengar,AurelionSol,0.0,1
JUNGLE,RekSai,DrMundo,0.3333333333333333,18
JUNGLE,DrMundo,RekSai,0.6666666666666666,18
UTILITY,Elise,Ivern,1.0,1
UTILITY,Ivern,Elise,0.0,1
JUNGLE,JarvanIV,Aatrox,0.3793103448275862,58
JUNGLE,Aatrox,JarvanIV,0.6206896551724138,58
UTILITY,Ashe,Bard,0.0,2
UTILITY,Bard,Ashe,1.0,2
TOP,Volibear,Shen,0.0,2
TOP,Shen,Volibear,1.0,2
TOP,Shen,Varus,0.5,12
TOP,Varus,Shen,0.5,12
JUNGLE,Nunu,Ambessa,0.6086956521739131,23
JUNGLE,Ambessa,Nunu,0.391304347826087,23
TOP,Renekton,FiddleSticks,0.6666666666666666,6
TOP,FiddleSticks,Renekton,0.3333333333333333,6
JUNGLE,Shaco,Hecarim,0.48484848484848486,33
JUNGLE,Hecarim,Shaco,0.5151515151515151,33
TOP,Aurora,Jax,0.3333333333333333,12
TOP,Jax,Aurora,0.6666666666666666,12
JUNGLE,Khazix,Nidalee,0.3611111111111111,36
JUNGLE,Nidalee,Khazix,0.6388888888888888,36
MIDDLE,Lulu,Talon,0.0,1
MIDDLE,Talon,Lulu,1.0,1
JUNGLE,Nidalee,Talon,0.6097560975609756,41
JUNGLE,Talon,Nidalee,0.3902439024390244,41
MIDDLE,Syndra,Mordekaiser,1.0,2
MIDDLE,Mordekaiser,Syndra,0.0,2
TOP,Viktor,Renekton,1.0,2
TOP,Renekton,Viktor,0.0,2
BOTTOM,Sivir,Lux,0.5714285714285714,7
BOTTOM,Lux,Sivir,0.42857142857142855,7
TOP,Sion,Ambessa,0.35555555555555557,45
TOP,Ambessa,Sion,0.6444444444444445,45
MIDDLE,Aurora,Irelia,0.6875,16
MIDDLE,Irelia,Aurora,0.3125,16
TOP,Urgot,Singed,0.5833333333333334,12
TOP,Singed,Urgot,0.4166666666666667,12
JUNGLE,Darius,Shen,1.0,1
JUNGLE,Shen,Darius,0.0,1
JUNGLE,Nidalee,MasterYi,0.7333333333333333,15
JUNGLE,MasterYi,Nidalee,0.26666666666666666,15
MIDDLE,Ryze,Naafiri,0.5,10
MIDDLE,Naafiri,Ryze,0.5,10
TOP,Riven,FiddleSticks,0.25,4
TOP,FiddleSticks,Riven,0.75,4
UTILITY,Senna,Blitzcrank,0.65625,32
UTILITY,Blitzcrank,Senna,0.34375,32
TOP,Vladimir,Renekton,0.6666666666666666,12
TOP,Renekton,Vladimir,0.3333333333333333,12
MIDDLE,Quinn,Kassadin,0.75,8
MIDDLE,Kassadin,Quinn,0.25,8
TOP,Yone,KSante,0.3684210526315789,19
TOP,KSante,Yone,0.631578947368421,19
UTILITY,Shen,Leona,0.5,8
UTILITY,Leona,Shen,0.5,8
MIDDLE,Chogath,Syndra,0.2,5
MIDDLE,Syndra,Chogath,0.8,5
TOP,Fizz,Ahri,0.0,1
TOP,Ahri,Fizz,1.0,1
BOTTOM,Twitch,Tristana,0.4,10
BOTTOM,Tristana,Twitch,0.6,10
JUNGLE,Nidalee,Qiyana,0.5263157894736842,19
JUNGLE,Qiyana,Nidalee,0.47368421052631576,19
MIDDLE,Corki,Akali,0.625,8
MIDDLE,Akali,Corki,0.375,8
UTILITY,Poppy,Maokai,0.4,5
UTILITY,Maokai,Poppy,0.6,5
MIDDLE,Aatrox,Kayle,1.0,1
MIDDLE,Kayle,Aatrox,0.0,1
TOP,Rumble,KSante,0.532258064516129,62
TOP,KSante,Rumble,0.46774193548387094,62
JUNGLE,Khazix,LeeSin,0.4153846153846154,65
JUNGLE,LeeSin,Khazix,0.5846153846153846,65
MIDDLE,Tristana,Qiyana,0.5,2
MIDDLE,Qiyana,Tristana,0.5,2
TOP,Neeko,Ryze,0.0,1
TOP,Ryze,Neeko,1.0,1
BOTTOM,Varus,Yunara,0.49122807017543857,57
BOTTOM,Yunara,Varus,0.5087719298245614,57
JUNGLE,Rumble,Nidalee,1.0,1
JUNGLE,Nidalee,Rumble,0.0,1
MIDDLE,Tryndamere,Cassiopeia,0.3333333333333333,9
MIDDLE,Cassiopeia,Tryndamere,0.6666666666666666,9
TOP,Ambessa,Qiyana,1.0,5
TOP,Qiyana,Ambessa,0.0,5
MIDDLE,Singed,Kayle,0.5,2
MIDDLE,Kayle,Singed,0.5,2
JUNGLE,Jax,DrMundo,0.0,2
JUNGLE,DrMundo,Jax,1.0,2
TOP,Urgot,Rumble,0.5,8
TOP,Rumble,Urgot,0.5,8
UTILITY,Alistar,Gragas,0.42857142857142855,7
UTILITY,Gragas,Alistar,0.5714285714285714,7
TOP,Kennen,Yorick,0.25,12
TOP,Yorick,Kennen,0.75,12
UTILITY,Rakan,Milio,0.8181818181818182,11
UTILITY,Milio,Rakan,0.18181818181818182,11
BOTTOM,Kaisa,Syndra,0.6,5
BOTTOM,Syndra,Kaisa,0.4,5
JUNGLE,Jayce,Shaco,0.23076923076923078,13
JUNGLE,Shaco,Jayce,0.7692307692307693,13
MIDDLE,Viktor,Singed,0.5,4
MIDDLE,Singed,Viktor,0.5,4
TOP,Jax,Akali,0.4827586206896552,29
TOP,Akali,Jax,0.5172413793103449,29
BOTTOM,Rengar,Kaisa,0.0,2
BOTTOM,Kaisa,Rengar,1.0,2
BOTTOM,Xayah,Draven,0.5,6
BOTTOM,Draven,Xayah,0.5,6
MIDDLE,Ryze,Singed,0.3333333333333333,6
MIDDLE,Singed,Ryze,0.6666666666666666,6
TOP,Tryndamere,Jax,0.6470588235294118,17
TOP,Jax,Tryndamere,0.35294117647058826,17
UTILITY,Sona,Leona,0.6190476190476191,21
UTILITY,Leona,Sona,0.38095238095238093,21
JUNGLE,RekSai,Volibear,0.6,5
JUNGLE,Volibear,RekSai,0.4,5
MIDDLE,Cassiopeia,Qiyana,0.4583333333333333,24
MIDDLE,Qiyana,Cassiopeia,0.5416666666666666,24
JUNGLE,XinZhao,Nocturne,0.5185185185185185,27
JUNGLE,Nocturne,XinZhao,0.48148148148148145,27
TOP,Aphelios,Jax,0.5,2
TOP,Jax,Aphelios,0.5,2
UTILITY,Nami,FiddleSticks,0.3,10
UTILITY,FiddleSticks,Nami,0.7,10
JUNGLE,Briar,Jayce,0.75,8
JUNGLE,Jayce,Briar,0.25,8
MIDDLE,Ryze,MasterYi,0.5,2
MIDDLE,MasterYi,Ryze,0.5,2
TOP,Ambessa,Teemo,0.7272727272727273,11
TOP,Teemo,Ambessa,0.2727272727272727,11
UTILITY,Sylas,Zilean,0.6,5
UTILITY,Zilean,Sylas,0.4,5
BOTTOM,Jinx,Malzahar,0.6666666666666666,3
BOTTOM,Malzahar,Jinx,0.3333333333333333,3
JUNGLE,JarvanIV,Jayce,0.3235294117647059,34
JUNGLE,Jayce,JarvanIV,0.6764705882352942,34
MIDDLE,Orianna,Fizz,0.3333333333333333,6
MIDDLE,Fizz,Orianna,0.6666666666666666,6
BOTTOM,Caitlyn,Vladimir,0.8333333333333334,12
BOTTOM,Vladimir,Caitlyn,0.16666666666666666,12
MIDDLE,Orianna,Varus,0.5,2
MIDDLE,Varus,Orianna,0.5,2
TOP,Vayne,KSante,0.6417910447761194,67
TOP,KSante,Vayne,0.3582089552238806,67
BOTTOM,Sivir,Twitch,0.6666666666666666,9
BOTTOM,Twitch,Sivir,0.3333333333333333,9
MIDDLE,Nunu,Syndra,0.25,4
MIDDLE,Syndra,Nunu,0.75,4
TOP,Shen,Vayne,0.4827586206896552,29
TOP,Vayne,Shen,0.5172413793103449,29
BOTTOM,Smolder,Lucian,0.4375,48
BOTTOM,Lucian,Smolder,0.5625,48
JUNGLE,Jayce,Elise,0.5,6
JUNGLE,Elise,Jayce,0.5,6
MIDDLE,Sion,Zoe,0.3,10
MIDDLE,Zoe,Sion,0.7,10
TOP,Jax,Yasuo,0.5714285714285714,7
TOP,Yasuo,Jax,0.42857142857142855,7
BOTTOM,Vayne,Yunara,0.3333333333333333,30
BOTTOM,Yunara,Vayne,0.6666666666666666,30
MIDDLE,Viktor,Orianna,0.48,50
MIDDLE,Orianna,Viktor,0.52,50
MIDDLE,Ekko,Orianna,0.44,25
MIDDLE,Orianna,Ekko,0.56,25
MIDDLE,Veigar,Qiyana,0.5,8
MIDDLE,Qiyana,Veigar,0.5,8
TOP,KSante,Malphite,0.5714285714285714,14
TOP,Malphite,KSante,0.42857142857142855,14
JUNGLE,Jayce,Ekko,0.5,16
JUNGLE,Ekko,Jayce,0.5,16
TOP,Gangplank,Cassiopeia,0.6153846153846154,13
TOP,Cassiopeia,Gangplank,0.38461538461538464,13
BOTTOM,Kalista,Ekko,0.6666666666666666,3
BOTTOM,Ekko,Kalista,0.3333333333333333,3
MIDDLE,Diana,Tristana,0.3333333333333333,3
MIDDLE,Tristana,Diana,0.6666666666666666,3
UTILITY,Rumble,Karma,1.0,2
UTILITY,Karma,Rumble,0.0,2
MIDDLE,Yone,Jax,0.4,5
MIDDLE,Jax,Yone,0.6,5
TOP,Cassiopeia,Ahri,0.6,5
TOP,Ahri,Cassiopeia,0.4,5
MIDDLE,KSante,Varus,1.0,1
MIDDLE,Varus,KSante,0.0,1
JUNGLE,Diana,Taliyah,0.375,8
JUNGLE,Taliyah,Diana,0.625,8
MIDDLE,Yone,Aatrox,1.0,1
MIDDLE,Aatrox,Yone,0.0,1
JUNGLE,Hecarim,Jayce,0.4,15
JUNGLE,Jayce,Hecarim,0.6,15
UTILITY,Rell,Sylas,0.6666666666666666,15
UTILITY,Sylas,Rell,0.3333333333333333,15
BOTTOM,Ziggs,Samira,0.6666666666666666,6
BOTTOM,Samira,Ziggs,0.3333333333333333,6
JUNGLE,Shaco,Elise,0.7,10
JUNGLE,Elise,Shaco,0.3,10
MIDDLE,Syndra,Zed,0.72,25
MIDDLE,Zed,Syndra,0.28,25
JUNGLE,Ekko,Taliyah,0.5833333333333334,12
JUNGLE,Taliyah,Ekko,0.4166666666666667,12
MIDDLE,Jax,Katarina,0.375,8
MIDDLE,Katarina,Jax,0.625,8
JUNGLE,RekSai,Jayce,0.47058823529411764,17
JUNGLE,Jayce,RekSai,0.5294117647058824,17
TOP,Garen,Irelia,0.46153846153846156,13
TOP,Irelia,Garen,0.5384615384615384,13
BOTTOM,Varus,Velkoz,0.25,8
BOTTOM,Velkoz,Varus,0.75,8
JUNGLE,Diana,DrMundo,0.2857142857142857,7
JUNGLE,DrMundo,Diana,0.7142857142857143,7
MIDDLE,Yone,Vladimir,0.43478260869565216,23
MIDDLE,Vladimir,Yone,0.5652173913043478,23
JUNGLE,XinZhao,Aatrox,0.6153846153846154,26
JUNGLE,Aatrox,XinZhao,0.38461538461538464,26
MIDDLE,Viktor,Akali,0.34375,64
MIDDLE,Akali,Viktor,0.65625,64
UTILITY,Renata,Neeko,0.2857142857142857,7
UTILITY,Neeko,Renata,0.7142857142857143,7
JUNGLE,Malphite,Viego,0.5,2
JUNGLE,Viego,Malphite,0.5,2
BOTTOM,Twitch,Yunara,0.44,25
BOTTOM,Yunara,Twitch,0.56,25
MIDDLE,Ryze,Viktor,0.46808510638297873,47
MIDDLE,Viktor,Ryze,0.5319148936170213,47
JUNGLE,DrMundo,Naafiri,0.45454545454545453,11
JUNGLE,Naafiri,DrMundo,0.5454545454545454,11
MIDDLE,Jayce,Azir,0.6666666666666666,3
MIDDLE,Azir,Jayce,0.3333333333333333,3
JUNGLE,Ambessa,Hecarim,0.4838709677419355,31
JUNGLE,Hecarim,Ambessa,0.5161290322580645,31
MIDDLE,Ahri,Annie,0.4246575342465753,73
MIDDLE,Annie,Ahri,0.5753424657534246,73
JUNGLE,Jayce,Aatrox,0.35714285714285715,14
JUNGLE,Aatrox,Jayce,0.6428571428571429,14
MIDDLE,DrMundo,Anivia,0.0,1
MIDDLE,Anivia,DrMundo,1.0,1
JUNGLE,Ambessa,Shen,0.5,2
JUNGLE,Shen,Ambessa,0.5,2
MIDDLE,Ahri,TwistedFate,0.5573770491803278,61
MIDDLE,TwistedFate,Ahri,0.4426229508196721,61
UTILITY,Pantheon,Poppy,0.6363636363636364,11
UTILITY,Poppy,Pantheon,0.36363636363636365,11
MIDDLE,Xerath,Mel,0.75,8
MIDDLE,Mel,Xerath,0.25,8
UTILITY,Fiora,Rell,0.0,1
UTILITY,Rell,Fiora,1.0,1
MIDDLE,Ahri,Ryze,0.5294117647058824,85
MIDDLE,Ryze,Ahri,0.47058823529411764,85
JUNGLE,Ambessa,Taliyah,0.5,16
JUNGLE,Taliyah,Ambessa,0.5,16
TOP,Ahri,Rumble,1.0,1
TOP,Rumble,Ahri,0.0,1
BOTTOM,Lucian,Vladimir,0.6666666666666666,9
BOTTOM,Vladimir,Lucian,0.3333333333333333,9
JUNGLE,Amumu,Qiyana,0.5,2
JUNGLE,Qiyana,Amumu,0.5,2
MIDDLE,Ryze,Anivia,0.547945205479452,73
MIDDLE,Anivia,Ryze,0.4520547945205479,73
UTILITY,Braum,Pantheon,0.5,18
UTILITY,Pantheon,Braum,0.5,18
BOTTOM,Samira,Naafiri,0.5,4
BOTTOM,Naafiri,Samira,0.5,4
MIDDLE,Zed,Qiyana,0.4583333333333333,24
MIDDLE,Qiyana,Zed,0.5416666666666666,24
TOP,Kennen,MasterYi,0.5,2
TOP,MasterYi,Kennen,0.5,2
UTILITY,Pyke,Sylas,0.4444444444444444,9
UTILITY,Sylas,Pyke,0.5555555555555556,9
JUNGLE,Ivern,Morgana,0.0,3
JUNGLE,Morgana,Ivern,1.0,3
MIDDLE,Chogath,Gwen,0.0,1
MIDDLE,Gwen,Chogath,1.0,1
JUNGLE,Skarner,Viego,0.3888888888888889,18
JUNGLE,Viego,Skarner,0.6111111111111112,18
TOP,LeeSin,Renekton,0.6,5
TOP,Renekton,LeeSin,0.4,5
UTILITY,Lulu,Taric,0.5666666666666667,30
UTILITY,Taric,Lulu,0.43333333333333335,30
TOP,Anivia,DrMundo,0.5,8
TOP,DrMundo,Anivia,0.5,8
BOTTOM,Varus,Seraphine,0.0,7
BOTTOM,Seraphine,Varus,1.0,7
MIDDLE,Leblanc,Naafiri,0.0,2
MIDDLE,Naafiri,Leblanc,1.0,2
MIDDLE,Azir,Neeko,0.0,1
MIDDLE,Neeko,Azir,1.0,1
TOP,Volibear,Jax,0.3333333333333333,6
TOP,Jax,Volibear,0.6666666666666666,6
UTILITY,Sylas,Elise,0.0,3
UTILITY,Elise,Sylas,1.0,3
BOTTOM,Yunara,Lucian,0.4375,64
BOTTOM,Lucian,Yunara,0.5625,64
MIDDLE,Leblanc,Zilean,0.0,3
MIDDLE,Zilean,Leblanc,1.0,3
TOP,Jax,Vayne,0.35,20
TOP,Vayne,Jax,0.65,20
JUNGLE,Viego,Poppy,0.3333333333333333,6
JUNGLE,Poppy,Viego,0.6666666666666666,6
MIDDLE,Diana,Ahri,0.38095238095238093,21
MIDDLE,Ahri,Diana,0.6190476190476191,21
TOP,Chogath,Zaahen,0.4,5
TOP,Zaahen,Chogath,0.6,5
UTILITY,Leblanc,Neeko,0.5,2
UTILITY,Neeko,Leblanc,0.5,2
JUNGLE,Briar,Ambessa,0.5,10
JUNGLE,Ambessa,Briar,0.5,10
TOP,Corki,Karma,1.0,1
TOP,Karma,Corki,0.0,1
TOP,Darius,DrMundo,0.6,10
TOP,DrMundo,Darius,0.4,10
BOTTOM,Samira,Varus,0.4666666666666667,15
BOTTOM,Varus,Samira,0.5333333333333333,15
MIDDLE,Akshan,Kassadin,0.5,10
MIDDLE,Kassadin,Akshan,0.5,10
TOP,Cassiopeia,Trundle,0.6666666666666666,3
TOP,Trundle,Cassiopeia,0.3333333333333333,3
MIDDLE,Ryze,Vladimir,0.48,25
MIDDLE,Vladimir,Ryze,0.52,25
TOP,Urgot,Zeri,0.0,1
TOP,Zeri,Urgot,1.0,1
UTILITY,Jax,Zilean,0.0,1
UTILITY,Zilean,Jax,1.0,1
TOP,FiddleSticks,Darius,1.0,1
TOP,Darius,FiddleSticks,0.0,1
UTILITY,Velkoz,Lulu,0.6470588235294118,17
UTILITY,Lulu,Velkoz,0.35294117647058826,17
BOTTOM,Veigar,AurelionSol,1.0,1
BOTTOM,AurelionSol,Veigar,0.0,1
MIDDLE,Katarina,Corki,1.0,6
MIDDLE,Corki,Katarina,0.0,6
BOTTOM,Yunara,Viktor,0.6,5
BOTTOM,Viktor,Yunara,0.4,5
JUNGLE,Nocturne,Ambessa,0.7142857142857143,28
JUNGLE,Ambessa,Nocturne,0.2857142857142857,28
MIDDLE,Akali,AurelionSol,0.5,8
MIDDLE,AurelionSol,Akali,0.5,8
UTILITY,Pantheon,Jax,0.5,2
UTILITY,Jax,Pantheon,0.5,2
JUNGLE,Viego,Rengar,0.5833333333333334,24
JUNGLE,Rengar,Viego,0.4166666666666667,24
TOP,Rumble,Kennen,0.46153846153846156,13
TOP,Kennen,Rumble,0.5384615384615384,13
TOP,Akali,Sion,0.5666666666666667,30
TOP,Sion,Akali,0.43333333333333335,30
UTILITY,Sona,Jax,1.0,2
UTILITY,Jax,Sona,0.0,2
JUNGLE,Gwen,Jax,0.5,2
JUNGLE,Jax,Gwen,0.5,2
JUNGLE,Jax,Rengar,0.42857142857142855,7
JUNGLE,Rengar,Jax,0.5714285714285714,7
MIDDLE,Taliyah,Veigar,0.4,5
MIDDLE,Veigar,Taliyah,0.6,5
UTILITY,JarvanIV,Bard,0.0,1
UTILITY,Bard,JarvanIV,1.0,1
JUNGLE,Khazix,Taliyah,0.5,16
JUNGLE,Taliyah,Khazix,0.5,16
MIDDLE,TwistedFate,Quinn,0.36363636363636365,11
MIDDLE,Quinn,TwistedFate,0.6363636363636364,11
JUNGLE,Taliyah,LeeSin,0.8,20
JUNGLE,LeeSin,Taliyah,0.2,20
JUNGLE,Jayce,Nocturne,0.3333333333333333,9
JUNGLE,Nocturne,Jayce,0.6666666666666666,9
TOP,Vayne,Akali,0.4642857142857143,28
TOP,Akali,Vayne,0.5357142857142857,28
TOP,KSante,Zed,0.125,8
TOP,Zed,KSante,0.875,8
BOTTOM,Varus,Twitch,0.8181818181818182,11
BOTTOM,Twitch,Varus,0.18181818181818182,11
JUNGLE,Taliyah,Qiyana,0.45454545454545453,11
JUNGLE,Qiyana,Taliyah,0.5454545454545454,11
TOP,Fiora,Aatrox,0.47368421052631576,19
TOP,Aatrox,Fiora,0.5263157894736842,19
JUNGLE,Pantheon,DrMundo,0.7272727272727273,11
JUNGLE,DrMundo,Pantheon,0.2727272727272727,11
JUNGLE,Nidalee,Gwen,0.75,4
JUNGLE,Gwen,Nidalee,0.25,4
MIDDLE,Qiyana,Kassadin,0.25,8
MIDDLE,Kassadin,Qiyana,0.75,8
UTILITY,Sona,Pantheon,0.4444444444444444,9
UTILITY,Pantheon,Sona,0.5555555555555556,9
JUNGLE,Ambessa,Elise,0.5,10
JUNGLE,Elise,Ambessa,0.5,10
TOP,KSante,Kayle,0.5416666666666666,24
TOP,Kayle,KSante,0.4583333333333333,24
UTILITY,Taric,Nautilus,0.7272727272727273,22
UTILITY,Nautilus,Taric,0.2727272727272727,22
MIDDLE,Ambessa,Taliyah,0.5,4
MIDDLE,Taliyah,Ambessa,0.5,4
TOP,Rumble,Darius,0.5238095238095238,21
TOP,Darius,Rumble,0.47619047619047616,21
JUNGLE,Nocturne,Taliyah,0.5333333333333333,15
JUNGLE,Taliyah,Nocturne,0.4666666666666667,15
MIDDLE,Zyra,Yone,0.0,1
MIDDLE,Yone,Zyra,1.0,1
MIDDLE,Varus,Tristana,1.0,1
MIDDLE,Tristana,Varus,0.0,1
TOP,Rumble,Irelia,0.6666666666666666,15
TOP,Irelia,Rumble,0.3333333333333333,15
BOTTOM,Twitch,Viktor,0.5,2
BOTTOM,Viktor,Twitch,0.5,2
JUNGLE,Qiyana,FiddleSticks,0.5,4
JUNGLE,FiddleSticks,Qiyana,0.5,4
BOTTOM,Nilah,Velkoz,0.0,1
BOTTOM,Velkoz,Nilah,1.0,1
JUNGLE,Rammus,MasterYi,0.6666666666666666,6
JUNGLE,MasterYi,Rammus,0.3333333333333333,6
MIDDLE,Orianna,Akshan,0.5,24
MIDDLE,Akshan,Orianna,0.5,24
MIDDLE,Jax,Irelia,0.6666666666666666,3
MIDDLE,Irelia,Jax,0.3333333333333333,3
TOP,Akshan,Rumble,1.0,3
TOP,Rumble,Akshan,0.0,3
UTILITY,Alistar,Trundle,1.0,2
UTILITY,Trundle,Alistar,0.0,2
BOTTOM,AurelionSol,Caitlyn,0.38461538461538464,26
BOTTOM,Caitlyn,AurelionSol,0.6153846153846154,26
JUNGLE,RekSai,FiddleSticks,0.6,5
JUNGLE,FiddleSticks,RekSai,0.4,5
MIDDLE,Cassiopeia,Naafiri,0.3333333333333333,9
MIDDLE,Naafiri,Cassiopeia,0.6666666666666666,9
UTILITY,Kennen,Elise,0.0,1
UTILITY,Elise,Kennen,1.0,1
MIDDLE,Varus,Katarina,0.0,3
MIDDLE,Katarina,Varus,1.0,3
TOP,Corki,Ezreal,0.0,1
TOP,Ezreal,Corki,1.0,1
MIDDLE,Varus,Syndra,0.4,5
MIDDLE,Syndra,Varus,0.6,5
JUNGLE,Udyr,Rengar,0.4,10
JUNGLE,Rengar,Udyr,0.6,10
MIDDLE,Tristana,Ekko,0.5,6
MIDDLE,Ekko,Tristana,0.5,6
JUNGLE,Talon,Sejuani,0.6666666666666666,3
JUNGLE,Sejuani,Talon,0.3333333333333333,3
TOP,Nasus,Jax,0.6666666666666666,6
TOP,Jax,Nasus,0.3333333333333333,6
UTILITY,Zac,Neeko,1.0,1
UTILITY,Neeko,Zac,0.0,1
TOP,Aatrox,Malphite,0.5652173913043478,23
TOP,Malphite,Aatrox,0.43478260869565216,23
BOTTOM,Varus,Swain,0.3333333333333333,6
BOTTOM,Swain,Varus,0.6666666666666666,6
JUNGLE,Nocturne,Diana,0.38095238095238093,21
JUNGLE,Diana,Nocturne,0.6190476190476191,21
MIDDLE,Zac,Karma,0.0,1
MIDDLE,Karma,Zac,1.0,1
TOP,Darius,Pantheon,0.3333333333333333,12
TOP,Pantheon,Darius,0.6666666666666666,12
JUNGLE,Diana,Riven,0.0,3
JUNGLE,Riven,Diana,1.0,3
MIDDLE,Zoe,Kassadin,0.3333333333333333,6
MIDDLE,Kassadin,Zoe,0.6666666666666666,6
BOTTOM,Corki,Fiora,0.3333333333333333,3
BOTTOM,Fiora,Corki,0.6666666666666666,3
JUNGLE,Riven,Talon,0.6666666666666666,3
JUNGLE,Talon,Riven,0.3333333333333333,3
MIDDLE,Kassadin,Swain,0.6666666666666666,3
MIDDLE,Swain,Kassadin,0.3333333333333333,3
JUNGLE,DrMundo,Taliyah,0.42857142857142855,14
JUNGLE,Taliyah,DrMundo,0.5714285714285714,14
MIDDLE,Syndra,Akshan,0.5348837209302325,43
MIDDLE,Akshan,Syndra,0.46511627906976744,43
BOTTOM,Varus,Ziggs,0.2727272727272727,11
BOTTOM,Ziggs,Varus,0.7272727272727273,11
JUNGLE,Viego,Aatrox,0.46153846153846156,26
JUNGLE,Aatrox,Viego,0.5384615384615384,26
MIDDLE,Qiyana,Orianna,0.5384615384615384,26
MIDDLE,Orianna,Qiyana,0.46153846153846156,26
MIDDLE,Sion,Vayne,0.5,2
MIDDLE,Vayne,Sion,0.5,2
JUNGLE,Diana,Shen,1.0,1
JUNGLE,Shen,Diana,0.0,1
MIDDLE,Viego,Varus,1.0,1
MIDDLE,Varus,Viego,0.0,1
JUNGLE,Morgana,Diana,0.5,2
JUNGLE,Diana,Morgana,0.5,2
MIDDLE,Zed,Olaf,0.0,1
MIDDLE,Olaf,Zed,1.0,1
BOTTOM,Xayah,Aphelios,0.4,10
BOTTOM,Aphelios,Xayah,0.6,10
MIDDLE,Olaf,Aurora,0.6666666666666666,3
MIDDLE,Aurora,Olaf,0.3333333333333333,3
JUNGLE,Ambessa,DrMundo,0.5,24
JUNGLE,DrMundo,Ambessa,0.5,24
TOP,Aurora,Swain,0.0,1
TOP,Swain,Aurora,1.0,1
BOTTOM,Hwei,Varus,0.2857142857142857,7
BOTTOM,Varus,Hwei,0.7142857142857143,7
MIDDLE,Jax,Jayce,0.6666666666666666,3
MIDDLE,Jayce,Jax,0.3333333333333333,3
TOP,Qiyana,Akali,0.5,4
TOP,Akali,Qiyana,0.5,4
MIDDLE,Diana,Zed,0.25,8
MIDDLE,Zed,Diana,0.75,8
UTILITY,Taric,Sona,0.42857142857142855,14
UTILITY,Sona,Taric,0.5714285714285714,14
MIDDLE,Akali,Yasuo,0.3181818181818182,44
MIDDLE,Yasuo,Akali,0.6818181818181818,44
TOP,Varus,Jax,0.38461538461538464,26
TOP,Jax,Varus,0.6153846153846154,26
UTILITY,Leona,Thresh,0.515625,64
UTILITY,Thresh,Leona,0.484375,64
BOTTOM,Samira,Zilean,0.5,2
BOTTOM,Zilean,Samira,0.5,2
BOTTOM,Yunara,Samira,0.45714285714285713,35
BOTTOM,Samira,Yunara,0.5428571428571428,35
MIDDLE,Zed,Katarina,0.45454545454545453,22
MIDDLE,Katarina,Zed,0.5454545454545454,22
BOTTOM,Mel,Nilah,0.16666666666666666,6
BOTTOM,Nilah,Mel,0.8333333333333334,6
JUNGLE,Vi,Jayce,0.6363636363636364,11
JUNGLE,Jayce,Vi,0.36363636363636365,11
JUNGLE,Shaco,RekSai,0.5714285714285714,28
JUNGLE,RekSai,Shaco,0.42857142857142855,28
JUNGLE,Shaco,Aatrox,0.6470588235294118,17
JUNGLE,Aatrox,Shaco,0.35294117647058826,17
MIDDLE,Ahri,Anivia,0.6530612244897959,49
MIDDLE,Anivia,Ahri,0.3469387755102041,49
BOTTOM,Kaisa,Kalista,0.35294117647058826,51
BOTTOM,Kalista,Kaisa,0.6470588235294118,51
JUNGLE,RekSai,Talon,0.42857142857142855,35
JUNGLE,Talon,RekSai,0.5714285714285714,35
JUNGLE,Diana,Darius,0.3333333333333333,3
JUNGLE,Darius,Diana,0.6666666666666666,3
TOP,Anivia,Zilean,0.0,2
TOP,Zilean,Anivia,1.0,2
MIDDLE,Viktor,Leblanc,0.5,26
MIDDLE,Leblanc,Viktor,0.5,26
JUNGLE,Diana,Khazix,0.5357142857142857,28
JUNGLE,Khazix,Diana,0.4642857142857143,28
MIDDLE,Yasuo,Ahri,0.4536082474226804,97
MIDDLE,Ahri,Yasuo,0.5463917525773195,97
TOP,Kennen,FiddleSticks,1.0,2
TOP,FiddleSticks,Kennen,0.0,2
MIDDLE,Zaahen,Kassadin,1.0,1
MIDDLE,Kassadin,Zaahen,0.0,1
UTILITY,Velkoz,Janna,0.5625,16
UTILITY,Janna,Velkoz,0.4375,16
JUNGLE,Aatrox,Malphite,1.0,2
JUNGLE,Malphite,Aatrox,0.0,2
TOP,Gragas,Vladimir,0.25,8
TOP,Vladimir,Gragas,0.75,8
MIDDLE,Akshan,Kaisa,1.0,1
MIDDLE,Kaisa,Akshan,0.0,1
TOP,Singed,Vladimir,0.6,10
TOP,Vladimir,Singed,0.4,10
JUNGLE,Rengar,Aatrox,0.5,28
JUNGLE,Aatrox,Rengar,0.5,28
TOP,FiddleSticks,KSante,0.5,4
TOP,KSante,FiddleSticks,0.5,4
BOTTOM,Yasuo,Yunara,0.43478260869565216,23
BOTTOM,Yunara,Yasuo,0.5652173913043478,23
JUNGLE,Pantheon,Malphite,1.0,2
JUNGLE,Malphite,Pantheon,0.0,2
TOP,Sylas,Cassiopeia,0.25,4
TOP,Cassiopeia,Sylas,0.75,4
MIDDLE,Katarina,Olaf,0.2,5
MIDDLE,Olaf,Katarina,0.8,5
TOP,Garen,Zaahen,0.35714285714285715,14
TOP,Zaahen,Garen,0.6428571428571429,14
JUNGLE,FiddleSticks,Kindred,0.2857142857142857,7
JUNGLE,Kindred,FiddleSticks,0.7142857142857143,7
MIDDLE,Syndra,Katarina,0.4782608695652174,23
MIDDLE,Katarina,Syndra,0.5217391304347826,23
JUNGLE,FiddleSticks,Kayn,1.0,4
JUNGLE,Kayn,FiddleSticks,0.0,4
TOP,Kled,Vayne,0.5555555555555556,9
TOP,Vayne,Kled,0.4444444444444444,9
BOTTOM,Lucian,Kalista,0.6333333333333333,30
BOTTOM,Kalista,Lucian,0.36666666666666664,30
MIDDLE,Taliyah,Fizz,0.4,10
MIDDLE,Fizz,Taliyah,0.6,10
TOP,FiddleSticks,Varus,1.0,2
TOP,Varus,FiddleSticks,0.0,2
JUNGLE,Neeko,LeeSin,0.0,1
JUNGLE,LeeSin,Neeko,1.0,1
TOP,Zed,Ornn,0.4,5
TOP,Ornn,Zed,0.6,5
TOP,Jax,Gwen,0.6153846153846154,13
TOP,Gwen,Jax,0.38461538461538464,13
UTILITY,FiddleSticks,Bard,0.16666666666666666,6
UTILITY,Bard,FiddleSticks,0.8333333333333334,6
JUNGLE,Gwen,DrMundo,0.7777777777777778,9
JUNGLE,DrMundo,Gwen,0.2222222222222222,9
MIDDLE,Qiyana,Aurora,0.56,25
MIDDLE,Aurora,Qiyana,0.44,25
UTILITY,FiddleSticks,Pyke,0.3333333333333333,3
UTILITY,Pyke,FiddleSticks,0.6666666666666666,3
MIDDLE,Taliyah,Diana,0.75,8
MIDDLE,Diana,Taliyah,0.25,8
TOP,Zilean,Aurora,0.6666666666666666,3
TOP,Aurora,Zilean,0.3333333333333333,3
BOTTOM,Yunara,Brand,0.5,18
BOTTOM,Brand,Yunara,0.5,18
JUNGLE,Diana,Shaco,0.5714285714285714,28
JUNGLE,Shaco,Diana,0.42857142857142855,28
TOP,Viego,Jax,0.5,2
TOP,Jax,Viego,0.5,2
JUNGLE,Vi,Viego,0.5833333333333334,36
JUNGLE,Viego,Vi,0.4166666666666667,36
UTILITY,Nautilus,Jax,0.5,2
UTILITY,Jax,Nautilus,0.5,2
MIDDLE,Ryze,Sion,0.4444444444444444,9
MIDDLE,Sion,Ryze,0.5555555555555556,9
MIDDLE,Akshan,Yunara,0.0,1
MIDDLE,Yunara,Akshan,1.0,1
TOP,Cassiopeia,Jax,0.3076923076923077,13
TOP,Jax,Cassiopeia,0.6923076923076923,13
TOP,Sion,Ryze,0.5454545454545454,11
TOP,Ryze,Sion,0.45454545454545453,11
MIDDLE,Zoe,Vayne,0.5,2
MIDDLE,Vayne,Zoe,0.5,2
TOP,Naafiri,Varus,0.7272727272727273,11
TOP,Varus,Naafiri,0.2727272727272727,11
JUNGLE,DrMundo,Aatrox,0.53125,32
JUNGLE,Aatrox,DrMundo,0.46875,32
MIDDLE,Singed,Taliyah,1.0,1
MIDDLE,Taliyah,Singed,0.0,1
BOTTOM,Anivia,Xayah,1.0,1
BOTTOM,Xayah,Anivia,0.0,1
JUNGLE,Naafiri,Neeko,1.0,1
JUNGLE,Neeko,Naafiri,0.0,1
MIDDLE,Ekko,Yasuo,0.6470588235294118,34
MIDDLE,Yasuo,Ekko,0.35294117647058826,34
TOP,FiddleSticks,Zilean,1.0,2
TOP,Zilean,FiddleSticks,0.0,2
BOTTOM,Xayah,AurelionSol,0.09090909090909091,11
BOTTOM,AurelionSol,Xayah,0.9090909090909091,11
JUNGLE,Taliyah,Talon,0.5,18
JUNGLE,Talon,Taliyah,0.5,18
TOP,Sion,Qiyana,0.3125,16
TOP,Qiyana,Sion,0.6875,16
TOP,Garen,Kayle,0.4,15
TOP,Kayle,Garen,0.6,15
UTILITY,Lulu,KSante,0.0,1
UTILITY,KSante,Lulu,1.0,1
JUNGLE,Aatrox,Elise,0.5333333333333333,15
JUNGLE,Elise,Aatrox,0.4666666666666667,15
UTILITY,Neeko,Braum,0.7,20
UTILITY,Braum,Neeko,0.3,20
JUNGLE,Pantheon,Vex,1.0,1
JUNGLE,Vex,Pantheon,0.0,1
MIDDLE,Viktor,Aatrox,1.0,1
MIDDLE,Aatrox,Viktor,0.0,1
TOP,Zoe,Tryndamere,1.0,2
TOP,Tryndamere,Zoe,0.0,2
JUNGLE,Aatrox,Taliyah,0.6153846153846154,13
JUNGLE,Taliyah,Aatrox,0.38461538461538464,13
MIDDLE,Gragas,Ryze,0.0,1
MIDDLE,Ryze,Gragas,1.0,1
MIDDLE,Vladimir,LeeSin,0.0,2
MIDDLE,LeeSin,Vladimir,1.0,2
TOP,Sion,RekSai,0.16666666666666666,12
TOP,RekSai,Sion,0.8333333333333334,12
MIDDLE,Akshan,Ekko,0.5833333333333334,24
MIDDLE,Ekko,Akshan,0.4166666666666667,24
UTILITY,Nami,Seraphine,0.4339622641509434,106
UTILITY,Seraphine,Nami,0.5660377358490566,106
MIDDLE,Smolder,Ryze,0.25,4
MIDDLE,Ryze,Smolder,0.75,4
TOP,Aurora,Malphite,0.4090909090909091,22
TOP,Malphite,Aurora,0.5909090909090909,22
MIDDLE,Taliyah,Ahri,0.5070422535211268,71
MIDDLE,Ahri,Taliyah,0.49295774647887325,71
TOP,Renekton,Varus,0.7222222222222222,36
TOP,Varus,Renekton,0.2777777777777778,36
MIDDLE,Anivia,Swain,0.3333333333333333,9
MIDDLE,Swain,Anivia,0.6666666666666666,9
BOTTOM,Varus,Kayle,0.0,1
BOTTOM,Kayle,Varus,1.0,1
BOTTOM,Hwei,Nilah,0.5,6
BOTTOM,Nilah,Hwei,0.5,6
MIDDLE,Yasuo,Orianna,0.42857142857142855,35
MIDDLE,Orianna,Yasuo,0.5714285714285714,35
JUNGLE,LeeSin,Nocturne,0.546875,64
JUNGLE,Nocturne,LeeSin,0.453125,64
MIDDLE,Azir,Mel,0.4,5
MIDDLE,Mel,Azir,0.6,5
BOTTOM,Varus,Zed,1.0,1
BOTTOM,Zed,Varus,0.0,1
JUNGLE,Vi,Zaahen,0.5,28
JUNGLE,Zaahen,Vi,0.5,28
JUNGLE,Vi,MonkeyKing,0.5,22
JUNGLE,MonkeyKing,Vi,0.5,22
TOP,Orianna,Zaahen,1.0,1
TOP,Zaahen,Orianna,0.0,1
BOTTOM,Jinx,Yunara,0.4731182795698925,93
BOTTOM,Yunara,Jinx,0.5268817204301075,93
MIDDLE,Ahri,Lux,0.5454545454545454,22
MIDDLE,Lux,Ahri,0.45454545454545453,22
BOTTOM,Varus,Riven,0.0,2
BOTTOM,Riven,Varus,1.0,2
MIDDLE,Kassadin,Ryze,0.4,15
MIDDLE,Ryze,Kassadin,0.6,15
BOTTOM,Caitlyn,MissFortune,0.64,25
BOTTOM,MissFortune,Caitlyn,0.36,25
TOP,Aurora,Urgot,0.4444444444444444,9
TOP,Urgot,Aurora,0.5555555555555556,9
JUNGLE,Zed,Aatrox,0.5,6
JUNGLE,Aatrox,Zed,0.5,6
MIDDLE,Kassadin,Akali,0.6153846153846154,13
MIDDLE,Akali,Kassadin,0.38461538461538464,13
TOP,Zaahen,Gragas,0.42857142857142855,7
TOP,Gragas,Zaahen,0.5714285714285714,7
BOTTOM,Aphelios,Twitch,0.7777777777777778,9
BOTTOM,Twitch,Aphelios,0.2222222222222222,9
MIDDLE,Ryze,Karma,0.6,5
MIDDLE,Karma,Ryze,0.4,5
TOP,Teemo,Vayne,0.4838709677419355,31
TOP,Vayne,Teemo,0.5161290322580645,31
UTILITY,FiddleSticks,Taric,0.6666666666666666,3
UTILITY,Taric,FiddleSticks,0.3333333333333333,3
BOTTOM,Yunara,Syndra,0.16666666666666666,6
BOTTOM,Syndra,Yunara,0.8333333333333334,6
MIDDLE,Orianna,Quinn,0.5,16
MIDDLE,Quinn,Orianna,0.5,16
TOP,Ornn,Yunara,1.0,1
TOP,Yunara,Ornn,0.0,1
MIDDLE,Yone,Kennen,0.5,2
MIDDLE,Kennen,Yone,0.5,2
TOP,Elise,Jax,1.0,2
TOP,Jax,Elise,0.0,2
BOTTOM,Jinx,Yasuo,0.5555555555555556,9
BOTTOM,Yasuo,Jinx,0.4444444444444444,9
MIDDLE,Pantheon,Syndra,0.14285714285714285,7
MIDDLE,Syndra,Pantheon,0.8571428571428571,7
UTILITY,Alistar,Jax,1.0,2
UTILITY,Jax,Alistar,0.0,2
JUNGLE,Graves,Nidalee,0.49333333333333335,75
JUNGLE,Nidalee,Graves,0.5066666666666667,75
MIDDLE,Hwei,Veigar,0.42857142857142855,7
MIDDLE,Veigar,Hwei,0.5714285714285714,7
TOP,Sylas,Riven,0.3333333333333333,9
TOP,Riven,Sylas,0.6666666666666666,9
JUNGLE,RekSai,Chogath,0.75,4
JUNGLE,Chogath,RekSai,0.25,4
TOP,Darius,Warwick,0.8,5
TOP,Warwick,Darius,0.2,5
BOTTOM,Elise,Yunara,0.0,1
BOTTOM,Yunara,Elise,1.0,1
UTILITY,Nami,Jax,0.0,1
UTILITY,Jax,Nami,1.0,1
JUNGLE,Shaco,MasterYi,0.7,10
JUNGLE,MasterYi,Shaco,0.3,10
MIDDLE,Ekko,Anivia,0.6666666666666666,9
MIDDLE,Anivia,Ekko,0.3333333333333333,9
TOP,Orianna,Vayne,1.0,2
TOP,Vayne,Orianna,0.0,2
UTILITY,Zac,Zilean,1.0,1
UTILITY,Zilean,Zac,0.0,1
MIDDLE,Xerath,Taliyah,0.8571428571428571,7
MIDDLE,Taliyah,Xerath,0.14285714285714285,7
TOP,Sion,Cassiopeia,0.32,25
TOP,Cassiopeia,Sion,0.68,25
JUNGLE,RekSai,Gwen,0.0,2
JUNGLE,Gwen,RekSai,1.0,2
UTILITY,Jax,Taric,0.0,1
UTILITY,Taric,Jax,1.0,1
UTILITY,Jax,Rakan,0.6666666666666666,3
UTILITY,Rakan,Jax,0.3333333333333333,3
BOTTOM,Veigar,Karthus,1.0,2
BOTTOM,Karthus,Veigar,0.0,2
MIDDLE,Neeko,TwistedFate,0.3333333333333333,3
MIDDLE,TwistedFate,Neeko,0.6666666666666666,3
BOTTOM,Ziggs,Karthus,0.75,8
BOTTOM,Karthus,Ziggs,0.25,8
MIDDLE,Smolder,Naafiri,1.0,2
MIDDLE,Naafiri,Smolder,0.0,2
JUNGLE,Poppy,MasterYi,0.3333333333333333,3
JUNGLE,MasterYi,Poppy,0.6666666666666666,3
TOP,Rumble,Anivia,0.4375,16
TOP,Anivia,Rumble,0.5625,16
UTILITY,Alistar,Zilean,0.75,12
UTILITY,Zilean,Alistar,0.25,12
BOTTOM,KogMaw,Tristana,0.6666666666666666,9
BOTTOM,Tristana,KogMaw,0.3333333333333333,9
JUNGLE,Talon,FiddleSticks,0.5,14
JUNGLE,FiddleSticks,Talon,0.5,14
MIDDLE,Ryze,Cassiopeia,0.3611111111111111,36
MIDDLE,Cassiopeia,Ryze,0.6388888888888888,36
UTILITY,Pyke,Braum,0.40816326530612246,49
UTILITY,Braum,Pyke,0.5918367346938775,49
TOP,KSante,Varus,0.6785714285714286,28
TOP,Varus,KSante,0.32142857142857145,28
MIDDLE,KogMaw,TwistedFate,0.75,4
MIDDLE,TwistedFate,KogMaw,0.25,4
TOP,Varus,Rumble,0.5666666666666667,30
TOP,Rumble,Varus,0.43333333333333335,30
MIDDLE,Ezreal,Zoe,1.0,2
MIDDLE,Zoe,Ezreal,0.0,2
TOP,Kled,Velkoz,0.0,1
TOP,Velkoz,Kled,1.0,1
BOTTOM,AurelionSol,Smolder,0.6842105263157895,19
BOTTOM,Smolder,AurelionSol,0.3157894736842105,19
TOP,Singed,Camille,0.5581395348837209,43
TOP,Camille,Singed,0.4418604651162791,43
JUNGLE,Ivern,DrMundo,0.875,8
JUNGLE,DrMundo,Ivern,0.125,8
MIDDLE,Olaf,Ryze,1.0,2
MIDDLE,Ryze,Olaf,0.0,2
JUNGLE,Chogath,Nunu,0.75,4
JUNGLE,Nunu,Chogath,0.25,4
MIDDLE,Fizz,Ryze,0.8461538461538461,13
MIDDLE,Ryze,Fizz,0.15384615384615385,13
BOTTOM,Zyra,Samira,0.0,2
BOTTOM,Samira,Zyra,1.0,2
JUNGLE,Malphite,Diana,0.0,1
JUNGLE,Diana,Malphite,1.0,1
MIDDLE,Sylas,KogMaw,0.4,5
MIDDLE,KogMaw,Sylas,0.6,5
TOP,Jax,Warwick,0.375,8
TOP,Warwick,Jax,0.625,8
JUNGLE,Jayce,Taliyah,0.5,10
JUNGLE,Taliyah,Jayce,0.5,10
BOTTOM,KogMaw,Varus,0.4,10
BOTTOM,Varus,KogMaw,0.6,10
JUNGLE,Aatrox,Lillia,0.7777777777777778,9
JUNGLE,Lillia,Aatrox,0.2222222222222222,9
TOP,XinZhao,Taliyah,0.0,1
TOP,Taliyah,XinZhao,1.0,1
MIDDLE,Kassadin,Orianna,0.46153846153846156,13
MIDDLE,Orianna,Kassadin,0.5384615384615384,13
TOP,Singed,DrMundo,0.65,20
TOP,DrMundo,Singed,0.35,20
JUNGLE,Gwen,Malphite,0.5,2
JUNGLE,Malphite,Gwen,0.5,2
TOP,Jax,Pantheon,0.3333333333333333,9
TOP,Pantheon,Jax,0.6666666666666666,9
MIDDLE,Lulu,Ahri,0.5,2
MIDDLE,Ahri,Lulu,0.5,2
JUNGLE,Zyra,Taliyah,0.5,8
JUNGLE,Taliyah,Zyra,0.5,8
UTILITY,Taric,Nasus,0.0,2
UTILITY,Nasus,Taric,1.0,2
BOTTOM,Karthus,Ezreal,0.6029411764705882,68
BOTTOM,Ezreal,Karthus,0.39705882352941174,68
JUNGLE,Rengar,Nunu,0.5833333333333334,12
JUNGLE,Nunu,Rengar,0.4166666666666667,12
TOP,Kennen,Irelia,0.4444444444444444,9
TOP,Irelia,Kennen,0.5555555555555556,9
JUNGLE,Vi,Diana,0.4,15
JUNGLE,Diana,Vi,0.6,15
TOP,Katarina,Yasuo,0.5,2
TOP,Yasuo,Katarina,0.5,2
BOTTOM,Katarina,Cassiopeia,1.0,2
BOTTOM,Cassiopeia,Katarina,0.0,2
MIDDLE,Ekko,Yone,0.5384615384615384,26
MIDDLE,Yone,Ekko,0.46153846153846156,26
TOP,Irelia,Heimerdinger,0.5,2
TOP,Heimerdinger,Irelia,0.5,2
BOTTOM,Cassiopeia,Varus,0.5714285714285714,7
BOTTOM,Varus,Cassiopeia,0.42857142857142855,7
UTILITY,Mel,Sona,0.3333333333333333,3
UTILITY,Sona,Mel,0.6666666666666666,3
JUNGLE,Rengar,DrMundo,0.75,12
JUNGLE,DrMundo,Rengar,0.25,12
MIDDLE,Yone,Velkoz,0.6,5
MIDDLE,Velkoz,Yone,0.4,5
TOP,Rumble,Volibear,0.6666666666666666,3
TOP,Volibear,Rumble,0.3333333333333333,3
UTILITY,Nautilus,Swain,0.6,5
UTILITY,Swain,Nautilus,0.4,5
MIDDLE,Nunu,Katarina,0.5,2
MIDDLE,Katarina,Nunu,0.5,2
BOTTOM,Caitlyn,Syndra,0.6666666666666666,12
BOTTOM,Syndra,Caitlyn,0.3333333333333333,12
MIDDLE,Katarina,Yone,0.48484848484848486,33
MIDDLE,Yone,Katarina,0.5151515151515151,33
TOP,Vladimir,KSante,0.6666666666666666,6
TOP,KSante,Vladimir,0.3333333333333333,6
UTILITY,Jax,Janna,1.0,1
UTILITY,Janna,Jax,0.0,1
BOTTOM,Aphelios,KogMaw,0.5,10
BOTTOM,KogMaw,Aphelios,0.5,10
TOP,Karthus,LeeSin,1.0,2
TOP,LeeSin,Karthus,0.0,2
MIDDLE,Vladimir,Leblanc,0.3333333333333333,12
MIDDLE,Leblanc,Vladimir,0.6666666666666666,12
TOP,Kayn,Varus,0.5,2
TOP,Varus,Kayn,0.5,2
UTILITY,Jax,Bard,0.0,5
UTILITY,Bard,Jax,1.0,5
BOTTOM,Kaisa,Cassiopeia,0.4,10
BOTTOM,Cassiopeia,Kaisa,0.6,10
BOTTOM,Sivir,AurelionSol,0.6666666666666666,9
BOTTOM,AurelionSol,Sivir,0.3333333333333333,9
MIDDLE,Anivia,Aurora,0.5,30
MIDDLE,Aurora,Anivia,0.5,30
BOTTOM,AurelionSol,Jhin,0.3684210526315789,19
BOTTOM,Jhin,AurelionSol,0.631578947368421,19
TOP,Varus,Sylas,0.2857142857142857,7
TOP,Sylas,Varus,0.7142857142857143,7
UTILITY,Jax,Poppy,0.0,1
UTILITY,Poppy,Jax,1.0,1
BOTTOM,Zilean,Senna,1.0,1
BOTTOM,Senna,Zilean,0.0,1
UTILITY,Poppy,Swain,1.0,1
UTILITY,Swain,Poppy,0.0,1
BOTTOM,Sivir,Mel,0.6153846153846154,13
BOTTOM,Mel,Sivir,0.38461538461538464,13
MIDDLE,Kassadin,Irelia,0.5,6
MIDDLE,Irelia,Kassadin,0.5,6
TOP,Singed,Ryze,0.625,8
TOP,Ryze,Singed,0.375,8
UTILITY,Pyke,Nidalee,0.2857142857142857,7
UTILITY,Nidalee,Pyke,0.7142857142857143,7
TOP,Kennen,Sion,0.5714285714285714,14
TOP,Sion,Kennen,0.42857142857142855,14
BOTTOM,Zilean,Karthus,0.0,1
BOTTOM,Karthus,Zilean,1.0,1
JUNGLE,RekSai,Rengar,0.6842105263157895,19
JUNGLE,Rengar,RekSai,0.3157894736842105,19
MIDDLE,Katarina,Kennen,0.0,3
MIDDLE,Kennen,Katarina,1.0,3
UTILITY,Nautilus,Camille,0.4444444444444444,18
UTILITY,Camille,Nautilus,0.5555555555555556,18
UTILITY,FiddleSticks,Leona,0.8333333333333334,6
UTILITY,Leona,FiddleSticks,0.16666666666666666,6
BOTTOM,Kaisa,Zoe,1.0,3
BOTTOM,Zoe,Kaisa,0.0,3
BOTTOM,Ekko,Sion,1.0,1
BOTTOM,Sion,Ekko,0.0,1
MIDDLE,Ezreal,Ryze,0.4,5
MIDDLE,Ryze,Ezreal,0.6,5
TOP,Irelia,Aatrox,0.7692307692307693,13
TOP,Aatrox,Irelia,0.23076923076923078,13
BOTTOM,Yasuo,Karthus,0.2222222222222222,9
BOTTOM,Karthus,Yasuo,0.7777777777777778,9
MIDDLE,Ezreal,Tryndamere,0.3333333333333333,3
MIDDLE,Tryndamere,Ezreal,0.6666666666666666,3
TOP,Ryze,Jayce,0.45454545454545453,11
TOP,Jayce,Ryze,0.5454545454545454,11
UTILITY,Singed,Pyke,0.0,2
UTILITY,Pyke,Singed,1.0,2
BOTTOM,Brand,Jhin,0.48717948717948717,39
BOTTOM,Jhin,Brand,0.5128205128205128,39
TOP,Kennen,Naafiri,1.0,1
TOP,Naafiri,Kennen,0.0,1
UTILITY,Nami,Braum,0.525,40
UTILITY,Braum,Nami,0.475,40
BOTTOM,Brand,Ziggs,0.42857142857142855,7
BOTTOM,Ziggs,Brand,0.5714285714285714,7
MIDDLE,Tryndamere,Garen,1.0,1
MIDDLE,Garen,Tryndamere,0.0,1
UTILITY,TahmKench,Seraphine,0.75,4
UTILITY,Seraphine,TahmKench,0.25,4
JUNGLE,Ambessa,Rengar,0.5652173913043478,23
JUNGLE,Rengar,Ambessa,0.43478260869565216,23
MIDDLE,Brand,Gangplank,1.0,1
MIDDLE,Gangplank,Brand,0.0,1
UTILITY,Senna,Janna,0.3968253968253968,63
UTILITY,Janna,Senna,0.6031746031746031,63
MIDDLE,Brand,Viktor,0.3888888888888889,18
MIDDLE,Viktor,Brand,0.6111111111111112,18
TOP,Aatrox,Ryze,0.6666666666666666,3
TOP,Ryze,Aatrox,0.3333333333333333,3
MIDDLE,Malphite,Vladimir,0.0,1
MIDDLE,Vladimir,Malphite,1.0,1
BOTTOM,Vladimir,Yunara,0.4666666666666667,15
BOTTOM,Yunara,Vladimir,0.5333333333333333,15
JUNGLE,Qiyana,Chogath,0.3333333333333333,3
JUNGLE,Chogath,Qiyana,0.6666666666666666,3
UTILITY,Jax,Milio,0.0,1
UTILITY,Milio,Jax,1.0,1
JUNGLE,DrMundo,Viego,0.4166666666666667,12
JUNGLE,Viego,DrMundo,0.5833333333333334,12
MIDDLE,Leblanc,Taliyah,0.6153846153846154,13
MIDDLE,Taliyah,Leblanc,0.38461538461538464,13
MIDDLE,Lux,TwistedFate,0.4,10
MIDDLE,TwistedFate,Lux,0.6,10
MIDDLE,Lux,Akshan,0.42857142857142855,7
MIDDLE,Akshan,Lux,0.5714285714285714,7
TOP,Pantheon,Ornn,0.4666666666666667,15
TOP,Ornn,Pantheon,0.5333333333333333,15
JUNGLE,Volibear,Aatrox,0.5,2
JUNGLE,Aatrox,Volibear,0.5,2
TOP,Trundle,Varus,0.4444444444444444,9
TOP,Varus,Trundle,0.5555555555555556,9
TOP,LeeSin,Ornn,0.0,2
TOP,Ornn,LeeSin,1.0,2
MIDDLE,Cassiopeia,Kassadin,0.3333333333333333,6
MIDDLE,Kassadin,Cassiopeia,0.6666666666666666,6
TOP,Illaoi,Vayne,0.5555555555555556,9
TOP,Vayne,Illaoi,0.4444444444444444,9
TOP,LeeSin,RekSai,1.0,1
TOP,RekSai,LeeSin,0.0,1
UTILITY,Bard,Soraka,0.5789473684210527,57
UTILITY,Soraka,Bard,0.42105263157894735,57
UTILITY,Pantheon,Zoe,0.42857142857142855,7
UTILITY,Zoe,Pantheon,0.5714285714285714,7
JUNGLE,JarvanIV,Teemo,0.6666666666666666,3
JUNGLE,Teemo,JarvanIV,0.3333333333333333,3
TOP,Rumble,Jayce,0.5909090909090909,44
TOP,Jayce,Rumble,0.4090909090909091,44
BOTTOM,Seraphine,KogMaw,0.5,8
BOTTOM,KogMaw,Seraphine,0.5,8
JUNGLE,XinZhao,Volibear,0.5,4
JUNGLE,Volibear,XinZhao,0.5,4
MIDDLE,Anivia,Hwei,0.4782608695652174,23
MIDDLE,Hwei,Anivia,0.5217391304347826,23
MIDDLE,Kassadin,Yone,0.4782608695652174,23
MIDDLE,Yone,Kassadin,0.5217391304347826,23
BOTTOM,Aphelios,Hwei,0.5,10
BOTTOM,Hwei,Aphelios,0.5,10
MIDDLE,Zac,Taliyah,0.3333333333333333,3
MIDDLE,Taliyah,Zac,0.6666666666666666,3
MIDDLE,Irelia,Camille,0.3333333333333333,3
MIDDLE,Camille,Irelia,0.6666666666666666,3
BOTTOM,Brand,Corki,0.125,8
BOTTOM,Corki,Brand,0.875,8
MIDDLE,Tristana,Leblanc,0.25,4
MIDDLE,Leblanc,Tristana,0.75,4
TOP,Zoe,Rumble,0.0,1
TOP,Rumble,Zoe,1.0,1
MIDDLE,Kayn,Kassadin,1.0,1
MIDDLE,Kassadin,Kayn,0.0,1
TOP,Chogath,Aatrox,0.2857142857142857,7
TOP,Aatrox,Chogath,0.7142857142857143,7
MIDDLE,Ivern,AurelionSol,1.0,1
MIDDLE,AurelionSol,Ivern,0.0,1
TOP,Urgot,Irelia,0.5714285714285714,7
TOP,Irelia,Urgot,0.42857142857142855,7
BOTTOM,Lucian,Lux,0.6666666666666666,6
BOTTOM,Lux,Lucian,0.3333333333333333,6
JUNGLE,Jayce,Graves,0.5,54
JUNGLE,Graves,Jayce,0.5,54
JUNGLE,LeeSin,Chogath,0.42857142857142855,7
JUNGLE,Chogath,LeeSin,0.5714285714285714,7
BOTTOM,Yunara,Ekko,0.5,6
BOTTOM,Ekko,Yunara,0.5,6
JUNGLE,Skarner,Nidalee,0.46153846153846156,13
JUNGLE,Nidalee,Skarner,0.5384615384615384,13
MIDDLE,Velkoz,Smolder,1.0,1
MIDDLE,Smolder,Velkoz,0.0,1
UTILITY,Janna,Zoe,0.7142857142857143,7
UTILITY,Zoe,Janna,0.2857142857142857,7
JUNGLE,Nocturne,FiddleSticks,0.375,8
JUNGLE,FiddleSticks,Nocturne,0.625,8
MIDDLE,Malzahar,KSante,0.5,4
MIDDLE,KSante,Malzahar,0.5,4
TOP,Gragas,Urgot,1.0,2
TOP,Urgot,Gragas,0.0,2
MIDDLE,RekSai,Sion,0.0,2
MIDDLE,Sion,RekSai,1.0,2
BOTTOM,Malzahar,Anivia,1.0,1
BOTTOM,Anivia,Malzahar,0.0,1
JUNGLE,Kayn,RekSai,0.2222222222222222,9
JUNGLE,RekSai,Kayn,0.7777777777777778,9
MIDDLE,Garen,Ahri,0.5,2
MIDDLE,Ahri,Garen,0.5,2
TOP,Urgot,Yone,0.625,8
TOP,Yone,Urgot,0.375,8
MIDDLE,Gwen,Ryze,1.0,1
MIDDLE,Ryze,Gwen,0.0,1
MIDDLE,Kassadin,Yasuo,0.6363636363636364,11
MIDDLE,Yasuo,Kassadin,0.36363636363636365,11
TOP,Zaahen,Sett,0.6666666666666666,3
TOP,Sett,Zaahen,0.3333333333333333,3
MIDDLE,Vladimir,Sylas,0.4482758620689655,29
MIDDLE,Sylas,Vladimir,0.5517241379310345,29
UTILITY,Bard,Xerath,0.5,4
UTILITY,Xerath,Bard,0.5,4
JUNGLE,Volibear,Kayn,0.5,2
JUNGLE,Kayn,Volibear,0.5,2
TOP,Ambessa,Camille,0.18181818181818182,22
TOP,Camille,Ambessa,0.8181818181818182,22
TOP,Cassiopeia,Jayce,0.5217391304347826,23
TOP,Jayce,Cassiopeia,0.4782608695652174,23
TOP,Camille,Darius,0.4583333333333333,24
TOP,Darius,Camille,0.5416666666666666,24
BOTTOM,Zeri,Ezreal,0.5333333333333333,105
BOTTOM,Ezreal,Zeri,0.4666666666666667,105
JUNGLE,LeeSin,RekSai,0.44680851063829785,47
JUNGLE,RekSai,LeeSin,0.5531914893617021,47
MIDDLE,TwistedFate,Shaco,0.0,1
MIDDLE,Shaco,TwistedFate,1.0,1
TOP,Fiora,Vayne,0.3,20
TOP,Vayne,Fiora,0.7,20
TOP,Shen,Darius,0.45,20
TOP,Darius,Shen,0.55,20
BOTTOM,Yasuo,Samira,0.375,8
BOTTOM,Samira,Yasuo,0.625,8
TOP,Ornn,Rumble,0.6363636363636364,33
TOP,Rumble,Ornn,0.36363636363636365,33
BOTTOM,Vladimir,Jhin,0.5,12
BOTTOM,Jhin,Vladimir,0.5,12
MIDDLE,Tristana,Katarina,0.75,4
MIDDLE,Katarina,Tristana,0.25,4
JUNGLE,Viego,Neeko,0.0,2
JUNGLE,Neeko,Viego,1.0,2
JUNGLE,LeeSin,Gwen,0.75,8
JUNGLE,Gwen,LeeSin,0.25,8
MIDDLE,Zoe,Orianna,0.375,16
MIDDLE,Orianna,Zoe,0.625,16
BOTTOM,Yasuo,Lucian,0.625,8
BOTTOM,Lucian,Yasuo,0.375,8
MIDDLE,Hwei,Kassadin,0.5454545454545454,11
MIDDLE,Kassadin,Hwei,0.45454545454545453,11
TOP,XinZhao,Kayn,1.0,1
TOP,Kayn,XinZhao,0.0,1
UTILITY,Poppy,Nami,0.7272727272727273,11
UTILITY,Nami,Poppy,0.2727272727272727,11
MIDDLE,Corki,Smolder,0.5,2
MIDDLE,Smolder,Corki,0.5,2
TOP,Swain,Sylas,1.0,3
TOP,Sylas,Swain,0.0,3
JUNGLE,MonkeyKing,XinZhao,0.7083333333333334,24
JUNGLE,XinZhao,MonkeyKing,0.2916666666666667,24
TOP,Skarner,Gnar,0.5,4
TOP,Gnar,Skarner,0.5,4
UTILITY,Taric,Swain,0.5,2
UTILITY,Swain,Taric,0.5,2
BOTTOM,Karthus,Caitlyn,0.5625,32
BOTTOM,Caitlyn,Karthus,0.4375,32
JUNGLE,Rengar,Jayce,0.6666666666666666,9
JUNGLE,Jayce,Rengar,0.3333333333333333,9
MIDDLE,Ivern,Ryze,0.5,2
MIDDLE,Ryze,Ivern,0.5,2
UTILITY,Pantheon,Elise,0.8888888888888888,9
UTILITY,Elise,Pantheon,0.1111111111111111,9
JUNGLE,Vi,Riven,0.2,5
JUNGLE,Riven,Vi,0.8,5
TOP,Rumble,Yone,0.3888888888888889,18
TOP,Yone,Rumble,0.6111111111111112,18
BOTTOM,Aphelios,Kalista,0.4090909090909091,22
BOTTOM,Kalista,Aphelios,0.5909090909090909,22
MIDDLE,Ryze,Leblanc,0.48148148148148145,27
MIDDLE,Leblanc,Ryze,0.5185185185185185,27
TOP,KSante,Aphelios,1.0,1
TOP,Aphelios,KSante,0.0,1
UTILITY,Velkoz,Rell,0.42857142857142855,14
UTILITY,Rell,Velkoz,0.5714285714285714,14
MIDDLE,Ahri,Naafiri,0.56,25
MIDDLE,Naafiri,Ahri,0.44,25
JUNGLE,Khazix,FiddleSticks,0.5,6
JUNGLE,FiddleSticks,Khazix,0.5,6
MIDDLE,Anivia,Zeri,0.0,1
MIDDLE,Zeri,Anivia,1.0,1
TOP,LeeSin,Urgot,0.0,1
TOP,Urgot,LeeSin,1.0,1
UTILITY,Rakan,Renata,0.42857142857142855,7
UTILITY,Renata,Rakan,0.5714285714285714,7
BOTTOM,Lux,Ashe,0.7692307692307693,13
BOTTOM,Ashe,Lux,0.23076923076923078,13
TOP,Jax,Qiyana,1.0,1
TOP,Qiyana,Jax,0.0,1
UTILITY,Sona,Blitzcrank,0.3888888888888889,18
UTILITY,Blitzcrank,Sona,0.6111111111111112,18
JUNGLE,LeeSin,MasterYi,0.4090909090909091,22
JUNGLE,MasterYi,LeeSin,0.5909090909090909,22
UTILITY,Seraphine,Pyke,0.38596491228070173,57
UTILITY,Pyke,Seraphine,0.6140350877192983,57
MIDDLE,Ahri,Morgana,0.2,5
MIDDLE,Morgana,Ahri,0.8,5
JUNGLE,Naafiri,Nidalee,0.6585365853658537,41
JUNGLE,Nidalee,Naafiri,0.34146341463414637,41
UTILITY,Leona,Rell,0.4594594594594595,74
UTILITY,Rell,Leona,0.5405405405405406,74
JUNGLE,Jayce,MonkeyKing,0.5,8
JUNGLE,MonkeyKing,Jayce,0.5,8
TOP,Zaahen,Kennen,0.6666666666666666,6
TOP,Kennen,Zaahen,0.3333333333333333,6
MIDDLE,TwistedFate,Orianna,0.5384615384615384,26
MIDDLE,Orianna,TwistedFate,0.46153846153846156,26
TOP,DrMundo,Swain,0.8,5
TOP,Swain,DrMundo,0.2,5
UTILITY,Xerath,Karma,0.4444444444444444,9
UTILITY,Karma,Xerath,0.5555555555555556,9
BOTTOM,Ezreal,Ekko,0.3,10
BOTTOM,Ekko,Ezreal,0.7,10
MIDDLE,Sylas,Sion,0.5,12
MIDDLE,Sion,Sylas,0.5,12
TOP,Zaahen,Darius,0.3684210526315789,19
TOP,Darius,Zaahen,0.631578947368421,19
UTILITY,Rumble,Taric,1.0,1
UTILITY,Taric,Rumble,0.0,1
JUNGLE,Vi,LeeSin,0.74,50
JUNGLE,LeeSin,Vi,0.26,50
MIDDLE,Ahri,Malzahar,0.4666666666666667,30
MIDDLE,Malzahar,Ahri,0.5333333333333333,30
TOP,Varus,Yasuo,0.5,36
TOP,Yasuo,Varus,0.5,36
MIDDLE,Zilean,Zed,1.0,4
MIDDLE,Zed,Zilean,0.0,4
TOP,KSante,LeeSin,1.0,2
TOP,LeeSin,KSante,0.0,2
BOTTOM,Kalista,Velkoz,0.4444444444444444,9
BOTTOM,Velkoz,Kalista,0.5555555555555556,9
JUNGLE,Chogath,Diana,0.0,2
JUNGLE,Diana,Chogath,1.0,2
MIDDLE,Sion,Irelia,0.0,1
MIDDLE,Irelia,Sion,1.0,1
JUNGLE,Aatrox,Rumble,0.0,1
JUNGLE,Rumble,Aatrox,1.0,1
MIDDLE,Riven,Syndra,0.3888888888888889,18
MIDDLE,Syndra,Riven,0.6111111111111112,18
MIDDLE,Teemo,Yone,0.0,1
MIDDLE,Yone,Teemo,1.0,1
TOP,Rumble,Gragas,0.42857142857142855,7
TOP,Gragas,Rumble,0.5714285714285714,7
JUNGLE,DrMundo,Sylas,0.47058823529411764,17
JUNGLE,Sylas,DrMundo,0.5294117647058824,17
MIDDLE,Qiyana,Azir,0.4,5
MIDDLE,Azir,Qiyana,0.6,5
MIDDLE,Ryze,Mel,0.6363636363636364,11
MIDDLE,Mel,Ryze,0.36363636363636365,11
JUNGLE,Olaf,Jayce,0.4,5
JUNGLE,Jayce,Olaf,0.6,5
TOP,Ornn,Zac,0.0,2
TOP,Zac,Ornn,1.0,2
MIDDLE,Gragas,Ekko,0.3333333333333333,3
MIDDLE,Ekko,Gragas,0.6666666666666666,3
BOTTOM,Sion,Jhin,0.6666666666666666,3
BOTTOM,Jhin,Sion,0.3333333333333333,3
MIDDLE,Velkoz,Ambessa,1.0,2
MIDDLE,Ambessa,Velkoz,0.0,2
MIDDLE,Xerath,Anivia,0.36363636363636365,11
MIDDLE,Anivia,Xerath,0.6363636363636364,11
BOTTOM,Katarina,Ezreal,0.5625,16
BOTTOM,Ezreal,Katarina,0.4375,16
MIDDLE,Cassiopeia,Varus,0.3333333333333333,3
MIDDLE,Varus,Cassiopeia,0.6666666666666666,3
UTILITY,Taric,Skarner,0.0,1
UTILITY,Skarner,Taric,1.0,1
BOTTOM,Aphelios,Samira,0.3333333333333333,15
BOTTOM,Samira,Aphelios,0.6666666666666666,15
MIDDLE,Katarina,TwistedFate,0.5789473684210527,19
MIDDLE,TwistedFate,Katarina,0.42105263157894735,19
MIDDLE,Ezreal,Cassiopeia,0.5,2
MIDDLE,Cassiopeia,Ezreal,0.5,2
TOP,Zilean,Jax,0.0,3
TOP,Jax,Zilean,1.0,3
MIDDLE,Zaahen,Quinn,1.0,1
MIDDLE,Quinn,Zaahen,0.0,1
TOP,Ambessa,Ekko,0.25,4
TOP,Ekko,Ambessa,0.75,4
JUNGLE,Taliyah,FiddleSticks,1.0,2
JUNGLE,FiddleSticks,Taliyah,0.0,2
MIDDLE,Quinn,Corki,1.0,1
MIDDLE,Corki,Quinn,0.0,1
JUNGLE,LeeSin,Naafiri,0.3492063492063492,63
JUNGLE,Naafiri,LeeSin,0.6507936507936508,63
BOTTOM,Velkoz,MissFortune,0.3333333333333333,12
BOTTOM,MissFortune,Velkoz,0.6666666666666666,12
TOP,Ezreal,Vladimir,0.5,2
TOP,Vladimir,Ezreal,0.5,2
MIDDLE,Taliyah,Neeko,1.0,2
MIDDLE,Neeko,Taliyah,0.0,2
UTILITY,Senna,Neeko,0.6206896551724138,29
UTILITY,Neeko,Senna,0.3793103448275862,29
BOTTOM,Aurora,Yunara,0.0,2
BOTTOM,Yunara,Aurora,1.0,2
MIDDLE,Syndra,Zilean,0.6363636363636364,11
MIDDLE,Zilean,Syndra,0.36363636363636365,11
UTILITY,Jax,Thresh,0.0,1
UTILITY,Thresh,Jax,1.0,1
TOP,Gnar,Akshan,0.25,4
TOP,Akshan,Gnar,0.75,4
JUNGLE,RekSai,Lillia,0.36363636363636365,11
JUNGLE,Lillia,RekSai,0.6363636363636364,11
JUNGLE,Nidalee,Zyra,0.5,6
JUNGLE,Zyra,Nidalee,0.5,6
MIDDLE,Varus,Azir,0.3333333333333333,3
MIDDLE,Azir,Varus,0.6666666666666666,3
TOP,Sion,Gnar,0.3541666666666667,48
TOP,Gnar,Sion,0.6458333333333334,48
TOP,Ornn,Varus,0.4782608695652174,23
TOP,Varus,Ornn,0.5217391304347826,23
JUNGLE,MonkeyKing,Qiyana,0.5454545454545454,11
JUNGLE,Qiyana,MonkeyKing,0.45454545454545453,11
MIDDLE,Akshan,Leblanc,0.4166666666666667,12
MIDDLE,Leblanc,Akshan,0.5833333333333334,12
BOTTOM,Velkoz,Aphelios,0.3333333333333333,6
BOTTOM,Aphelios,Velkoz,0.6666666666666666,6
JUNGLE,RekSai,Ambessa,0.46153846153846156,26
JUNGLE,Ambessa,RekSai,0.5384615384615384,26
BOTTOM,Syndra,Twitch,0.5,2
BOTTOM,Twitch,Syndra,0.5,2
JUNGLE,Kindred,DrMundo,0.5,8
JUNGLE,DrMundo,Kindred,0.5,8
MIDDLE,Ekko,KSante,0.75,4
MIDDLE,KSante,Ekko,0.25,4
JUNGLE,Shaco,LeeSin,0.6029411764705882,68
JUNGLE,LeeSin,Shaco,0.39705882352941174,68
MIDDLE,Nunu,Yasuo,1.0,4
MIDDLE,Yasuo,Nunu,0.0,4
TOP,Renekton,Ryze,0.75,4
TOP,Ryze,Renekton,0.25,4
MIDDLE,Briar,Ekko,0.0,1
MIDDLE,Ekko,Briar,1.0,1
BOTTOM,Vayne,AurelionSol,0.75,4
BOTTOM,AurelionSol,Vayne,0.25,4
MIDDLE,Galio,Zaahen,0.5,2
MIDDLE,Zaahen,Galio,0.5,2
JUNGLE,Ekko,Volibear,1.0,2
JUNGLE,Volibear,Ekko,0.0,2
JUNGLE,Volibear,Taliyah,0.3333333333333333,3
JUNGLE,Taliyah,Volibear,0.6666666666666666,3
TOP,Aurora,Yasuo,0.47368421052631576,19
TOP,Yasuo,Aurora,0.5263157894736842,19
JUNGLE,Zac,Ambessa,0.6363636363636364,11
JUNGLE,Ambessa,Zac,0.36363636363636365,11
MIDDLE,Viktor,Kassadin,0.5,12
MIDDLE,Kassadin,Viktor,0.5,12
TOP,Vayne,Darius,0.5384615384615384,26
TOP,Darius,Vayne,0.46153846153846156,26
JUNGLE,Nidalee,Rammus,1.0,1
JUNGLE,Rammus,Nidalee,0.0,1
MIDDLE,Sion,Cassiopeia,0.2857142857142857,7
MIDDLE,Cassiopeia,Sion,0.7142857142857143,7
JUNGLE,Jayce,Sylas,0.5,16
JUNGLE,Sylas,Jayce,0.5,16
TOP,Sion,Aurora,0.5,32
TOP,Aurora,Sion,0.5,32
MIDDLE,Varus,Zoe,0.6666666666666666,3
MIDDLE,Zoe,Varus,0.3333333333333333,3
TOP,Cassiopeia,Camille,0.7777777777777778,9
TOP,Camille,Cassiopeia,0.2222222222222222,9
BOTTOM,KogMaw,Yunara,0.6129032258064516,31
BOTTOM,Yunara,KogMaw,0.3870967741935484,31
MIDDLE,Ryze,Annie,0.15,20
MIDDLE,Annie,Ryze,0.85,20
TOP,Ambessa,LeeSin,0.5,4
TOP,LeeSin,Ambessa,0.5,4
JUNGLE,Chogath,Viego,0.6,5
JUNGLE,Viego,Chogath,0.4,5
JUNGLE,Riven,Taliyah,0.0,3
JUNGLE,Taliyah,Riven,1.0,3
TOP,Aatrox,RekSai,0.6,5
TOP,RekSai,Aatrox,0.4,5
UTILITY,Nami,Camille,0.6,25
UTILITY,Camille,Nami,0.4,25
JUNGLE,Zac,Vi,0.2857142857142857,7
JUNGLE,Vi,Zac,0.7142857142857143,7
UTILITY,Yuumi,Neeko,0.4444444444444444,9
UTILITY,Neeko,Yuumi,0.5555555555555556,9
JUNGLE,Jayce,Khazix,0.6666666666666666,18
JUNGLE,Khazix,Jayce,0.3333333333333333,18
MIDDLE,Gragas,Ahri,0.16666666666666666,6
MIDDLE,Ahri,Gragas,0.8333333333333334,6
TOP,Olaf,Volibear,0.3333333333333333,6
TOP,Volibear,Olaf,0.6666666666666666,6
JUNGLE,LeeSin,Zac,0.8,5
JUNGLE,Zac,LeeSin,0.2,5
MIDDLE,Kassadin,Kayle,0.4,5
MIDDLE,Kayle,Kassadin,0.6,5
JUNGLE,MonkeyKing,Sejuani,0.0,2
JUNGLE,Sejuani,MonkeyKing,1.0,2
JUNGLE,DrMundo,JarvanIV,0.6388888888888888,36
JUNGLE,JarvanIV,DrMundo,0.3611111111111111,36
TOP,Rumble,Vayne,0.5555555555555556,27
TOP,Vayne,Rumble,0.4444444444444444,27
TOP,Garen,Cassiopeia,0.6,15
TOP,Cassiopeia,Garen,0.4,15
BOTTOM,Corki,Senna,0.7241379310344828,29
BOTTOM,Senna,Corki,0.27586206896551724,29
MIDDLE,RekSai,Akali,0.0,1
MIDDLE,Akali,RekSai,1.0,1
JUNGLE,RekSai,Ivern,0.5,12
JUNGLE,Ivern,RekSai,0.5,12
TOP,Riven,Chogath,0.5,6
TOP,Chogath,Riven,0.5,6
MIDDLE,Katarina,Qiyana,0.48,25
MIDDLE,Qiyana,Katarina,0.52,25
JUNGLE,Zyra,JarvanIV,0.5384615384615384,26
JUNGLE,JarvanIV,Zyra,0.46153846153846156,26
MIDDLE,Sion,Smolder,0.75,4
MIDDLE,Smolder,Sion,0.25,4
TOP,Riven,Irelia,0.42857142857142855,7
TOP,Irelia,Riven,0.5714285714285714,7
MIDDLE,Xerath,Viktor,0.4827586206896552,29
MIDDLE,Viktor,Xerath,0.5172413793103449,29
MIDDLE,Sylas,Velkoz,0.5,6
MIDDLE,Velkoz,Sylas,0.5,6
UTILITY,Anivia,Neeko,0.3333333333333333,6
UTILITY,Neeko,Anivia,0.6666666666666666,6
JUNGLE,RekSai,Nidalee,0.6,20
JUNGLE,Nidalee,RekSai,0.4,20
MIDDLE,Lissandra,Yasuo,0.5517241379310345,29
MIDDLE,Yasuo,Lissandra,0.4482758620689655,29
MIDDLE,Syndra,Kled,0.0,1
MIDDLE,Kled,Syndra,1.0,1
TOP,Kayle,Fiora,0.3333333333333333,6
TOP,Fiora,Kayle,0.6666666666666666,6
MIDDLE,Neeko,Katarina,1.0,2
MIDDLE,Katarina,Neeko,0.0,2
MIDDLE,Ryze,Velkoz,0.16666666666666666,6
MIDDLE,Velkoz,Ryze,0.8333333333333334,6
BOTTOM,Ezreal,Velkoz,0.5714285714285714,49
BOTTOM,Velkoz,Ezreal,0.42857142857142855,49
JUNGLE,Jayce,XinZhao,0.47368421052631576,19
JUNGLE,XinZhao,Jayce,0.5263157894736842,19
TOP,Ambessa,FiddleSticks,0.0,1
TOP,FiddleSticks,Ambessa,1.0,1
BOTTOM,Zilean,Yunara,0.6,5
BOTTOM,Yunara,Zilean,0.4,5
JUNGLE,RekSai,Qiyana,0.5294117647058824,17
JUNGLE,Qiyana,RekSai,0.47058823529411764,17
MIDDLE,Pantheon,Sylas,0.6666666666666666,6
MIDDLE,Sylas,Pantheon,0.3333333333333333,6
TOP,Renekton,Volibear,0.5,10
TOP,Volibear,Renekton,0.5,10
BOTTOM,Varus,Karthus,0.2777777777777778,18
BOTTOM,Karthus,Varus,0.7222222222222222,18
TOP,Renekton,Vayne,0.28205128205128205,39
TOP,Vayne,Renekton,0.717948717948718,39
TOP,Vayne,Viktor,0.5,2
TOP,Viktor,Vayne,0.5,2
MIDDLE,Vex,Varus,0.0,2
MIDDLE,Varus,Vex,1.0,2
TOP,Gwen,Olaf,0.3333333333333333,3
TOP,Olaf,Gwen,0.6666666666666666,3
BOTTOM,Aphelios,Zilean,0.5,2
BOTTOM,Zilean,Aphelios,0.5,2
JUNGLE,DrMundo,Briar,0.7142857142857143,7
JUNGLE,Briar,DrMundo,0.2857142857142857,7
MIDDLE,Akali,Annie,0.42857142857142855,28
MIDDLE,Annie,Akali,0.5714285714285714,28
TOP,Swain,LeeSin,1.0,2
TOP,LeeSin,Swain,0.0,2
JUNGLE,RekSai,Taliyah,0.38461538461538464,13
JUNGLE,Taliyah,RekSai,0.6153846153846154,13
MIDDLE,Yasuo,Ezreal,0.75,4
MIDDLE,Ezreal,Yasuo,0.25,4
TOP,Zilean,Sion,0.0,2
TOP,Sion,Zilean,1.0,2
MIDDLE,Anivia,Katarina,0.7142857142857143,7
MIDDLE,Katarina,Anivia,0.2857142857142857,7
TOP,Gwen,DrMundo,0.5789473684210527,19
TOP,DrMundo,Gwen,0.42105263157894735,19
BOTTOM,Kaisa,Ziggs,0.625,16
BOTTOM,Ziggs,Kaisa,0.375,16
MIDDLE,Renekton,Yone,0.3333333333333333,6
MIDDLE,Yone,Renekton,0.6666666666666666,6
TOP,Irelia,LeeSin,0.6666666666666666,3
TOP,LeeSin,Irelia,0.3333333333333333,3
TOP,Sejuani,Gragas,1.0,1
TOP,Gragas,Sejuani,0.0,1
MIDDLE,Galio,Viktor,0.5454545454545454,22
MIDDLE,Viktor,Galio,0.45454545454545453,22
TOP,LeeSin,Cassiopeia,0.5,2
TOP,Cassiopeia,LeeSin,0.5,2
MIDDLE,Swain,Ryze,0.3333333333333333,3
MIDDLE,Ryze,Swain,0.6666666666666666,3
JUNGLE,Elise,DrMundo,0.4,5
JUNGLE,DrMundo,Elise,0.6,5
JUNGLE,Vi,XinZhao,0.5,30
JUNGLE,XinZhao,Vi,0.5,30
UTILITY,Morgana,Rell,0.36363636363636365,11
UTILITY,Rell,Morgana,0.6363636363636364,11
MIDDLE,Velkoz,Tristana,1.0,1
MIDDLE,Tristana,Velkoz,0.0,1
TOP,Rammus,Kayn,1.0,1
TOP,Kayn,Rammus,0.0,1
UTILITY,Shaco,Neeko,0.42857142857142855,7
UTILITY,Neeko,Shaco,0.5714285714285714,7
JUNGLE,Rengar,Vi,0.7272727272727273,22
JUNGLE,Vi,Rengar,0.2727272727272727,22
MIDDLE,Kassadin,Vladimir,0.5,10
MIDDLE,Vladimir,Kassadin,0.5,10
TOP,Ivern,Renekton,0.75,4
TOP,Renekton,Ivern,0.25,4
JUNGLE,Vi,Taliyah,0.7,10
JUNGLE,Taliyah,Vi,0.3,10
TOP,Trundle,Warwick,0.6666666666666666,3
TOP,Warwick,Trundle,0.3333333333333333,3
UTILITY,Neeko,Vladimir,1.0,1
UTILITY,Vladimir,Neeko,0.0,1
BOTTOM,Ekko,Corki,0.0,1
BOTTOM,Corki,Ekko,1.0,1
UTILITY,Swain,Leona,0.2,5
UTILITY,Leona,Swain,0.8,5
JUNGLE,Naafiri,Ambessa,0.5384615384615384,26
JUNGLE,Ambessa,Naafiri,0.46153846153846156,26
TOP,Gangplank,Rengar,1.0,1
TOP,Rengar,Gangplank,0.0,1
JUNGLE,Khazix,Sylas,0.38461538461538464,39
JUNGLE,Sylas,Khazix,0.6153846153846154,39
TOP,Sion,Kled,0.21428571428571427,14
TOP,Kled,Sion,0.7857142857142857,14
JUNGLE,Zaahen,Viego,0.375,8
JUNGLE,Viego,Zaahen,0.625,8
TOP,Rumble,FiddleSticks,0.0,3
TOP,FiddleSticks,Rumble,1.0,3
MIDDLE,Ahri,Jax,0.2,5
MIDDLE,Jax,Ahri,0.8,5
TOP,Jayce,FiddleSticks,0.5714285714285714,7
TOP,FiddleSticks,Jayce,0.42857142857142855,7
BOTTOM,Velkoz,Samira,0.7142857142857143,7
BOTTOM,Samira,Velkoz,0.2857142857142857,7
TOP,Aatrox,FiddleSticks,1.0,4
TOP,FiddleSticks,Aatrox,0.0,4
MIDDLE,Yasuo,Anivia,0.5833333333333334,24
MIDDLE,Anivia,Yasuo,0.4166666666666667,24
UTILITY,Pantheon,Velkoz,0.625,8
UTILITY,Velkoz,Pantheon,0.375,8
TOP,Aurora,Aatrox,0.6666666666666666,12
TOP,Aatrox,Aurora,0.3333333333333333,12
JUNGLE,Gwen,Zac,1.0,1
JUNGLE,Zac,Gwen,0.0,1
MIDDLE,Ryze,LeeSin,1.0,1
MIDDLE,LeeSin,Ryze,0.0,1
MIDDLE,Neeko,KSante,1.0,1
MIDDLE,KSante,Neeko,0.0,1
TOP,Gnar,Quinn,0.16666666666666666,6
TOP,Quinn,Gnar,0.8333333333333334,6
UTILITY,Velkoz,Nami,0.4,20
UTILITY,Nami,Velkoz,0.6,20
JUNGLE,Rammus,Trundle,0.0,2
JUNGLE,Trundle,Rammus,1.0,2
MIDDLE,Veigar,Kayn,0.0,1
MIDDLE,Kayn,Veigar,1.0,1
BOTTOM,Pyke,Corki,1.0,1
BOTTOM,Corki,Pyke,0.0,1
TOP,Sion,Yone,0.48,75
TOP,Yone,Sion,0.52,75
UTILITY,Pantheon,Mel,1.0,2
UTILITY,Mel,Pantheon,0.0,2
TOP,Fiora,Kennen,0.6666666666666666,9
TOP,Kennen,Fiora,0.3333333333333333,9
JUNGLE,RekSai,Hecarim,0.5666666666666667,30
JUNGLE,Hecarim,RekSai,0.43333333333333335,30
MIDDLE,Leblanc,Ziggs,1.0,1
MIDDLE,Ziggs,Leblanc,0.0,1
MIDDLE,Qiyana,Tryndamere,0.0,4
MIDDLE,Tryndamere,Qiyana,1.0,4
MIDDLE,Galio,Taliyah,0.26666666666666666,15
MIDDLE,Taliyah,Galio,0.7333333333333333,15
TOP,Camille,Zaahen,0.75,8
TOP,Zaahen,Camille,0.25,8
JUNGLE,MonkeyKing,Khazix,0.5161290322580645,31
JUNGLE,Khazix,MonkeyKing,0.4838709677419355,31
TOP,Zoe,DrMundo,0.0,2
TOP,DrMundo,Zoe,1.0,2
BOTTOM,Ezreal,Cassiopeia,0.2857142857142857,14
BOTTOM,Cassiopeia,Ezreal,0.7142857142857143,14
TOP,Zaahen,Singed,0.5882352941176471,17
TOP,Singed,Zaahen,0.4117647058823529,17
MIDDLE,Ekko,Sion,0.4,5
MIDDLE,Sion,Ekko,0.6,5
TOP,Pantheon,Talon,0.0,1
TOP,Talon,Pantheon,1.0,1
MIDDLE,Sylas,Tryndamere,0.15384615384615385,13
MIDDLE,Tryndamere,Sylas,0.8461538461538461,13
UTILITY,Zilean,Karma,0.4,40
UTILITY,Karma,Zilean,0.6,40
MIDDLE,Zed,Viktor,0.5,36
MIDDLE,Viktor,Zed,0.5,36
UTILITY,Nami,Blitzcrank,0.3191489361702128,47
UTILITY,Blitzcrank,Nami,0.6808510638297872,47
BOTTOM,Tristana,Sivir,0.4090909090909091,22
BOTTOM,Sivir,Tristana,0.5909090909090909,22
MIDDLE,Ekko,Veigar,0.75,4
MIDDLE,Veigar,Ekko,0.25,4
TOP,Ornn,Jax,0.6111111111111112,18
TOP,Jax,Ornn,0.3888888888888889,18
UTILITY,Alistar,Morgana,0.5714285714285714,7
UTILITY,Morgana,Alistar,0.42857142857142855,7
JUNGLE,Qiyana,Naafiri,0.42105263157894735,19
JUNGLE,Naafiri,Qiyana,0.5789473684210527,19
MIDDLE,Zaahen,Anivia,0.0,1
MIDDLE,Anivia,Zaahen,1.0,1
UTILITY,Nami,Sylas,0.6,5
UTILITY,Sylas,Nami,0.4,5
JUNGLE,Khazix,Nocturne,0.4375,32
JUNGLE,Nocturne,Khazix,0.5625,32
MIDDLE,Taliyah,KogMaw,0.6666666666666666,3
MIDDLE,KogMaw,Taliyah,0.3333333333333333,3
TOP,Zac,Sion,0.5,2
TOP,Sion,Zac,0.5,2
JUNGLE,Zaahen,Rengar,0.5,6
JUNGLE,Rengar,Zaahen,0.5,6
TOP,KogMaw,Cassiopeia,0.6666666666666666,3
TOP,Cassiopeia,KogMaw,0.3333333333333333,3
MIDDLE,Yasuo,Kayle,0.5,6
MIDDLE,Kayle,Yasuo,0.5,6
MIDDLE,Talon,Malzahar,1.0,2
MIDDLE,Malzahar,Talon,0.0,2
TOP,Kennen,Aatrox,0.7777777777777778,9
TOP,Aatrox,Kennen,0.2222222222222222,9
MIDDLE,Jax,Vayne,1.0,1
MIDDLE,Vayne,Jax,0.0,1
TOP,Katarina,Sion,0.75,4
TOP,Sion,Katarina,0.25,4
JUNGLE,XinZhao,Ambessa,0.75,24
JUNGLE,Ambessa,XinZhao,0.25,24
TOP,Aatrox,LeeSin,0.3333333333333333,3
TOP,LeeSin,Aatrox,0.6666666666666666,3
BOTTOM,Velkoz,Karthus,0.8333333333333334,6
BOTTOM,Karthus,Velkoz,0.16666666666666666,6
MIDDLE,Ahri,Talon,0.5,10
MIDDLE,Talon,Ahri,0.5,10
TOP,Zaahen,Nidalee,0.6666666666666666,3
TOP,Nidalee,Zaahen,0.3333333333333333,3
UTILITY,Leblanc,Velkoz,0.5,2
UTILITY,Velkoz,Leblanc,0.5,2
JUNGLE,Qiyana,Nunu,0.5,6
JUNGLE,Nunu,Qiyana,0.5,6
JUNGLE,Khazix,Shaco,0.48,25
JUNGLE,Shaco,Khazix,0.52,25
MIDDLE,Kayle,Nunu,1.0,1
MIDDLE,Nunu,Kayle,0.0,1
TOP,FiddleSticks,Urgot,1.0,2
TOP,Urgot,FiddleSticks,0.0,2
BOTTOM,Ziggs,Lucian,0.5,8
BOTTOM,Lucian,Ziggs,0.5,8
TOP,Gangplank,XinZhao,0.5714285714285714,7
TOP,XinZhao,Gangplank,0.42857142857142855,7
BOTTOM,Seraphine,Ezreal,0.4634146341463415,41
BOTTOM,Ezreal,Seraphine,0.5365853658536586,41
JUNGLE,Talon,Naafiri,0.47619047619047616,42
JUNGLE,Naafiri,Talon,0.5238095238095238,42
MIDDLE,Zac,Neeko,0.0,2
MIDDLE,Neeko,Zac,1.0,2
TOP,Zaahen,Warwick,0.3333333333333333,3
TOP,Warwick,Zaahen,0.6666666666666666,3
MIDDLE,Leblanc,Nunu,0.5,2
MIDDLE,Nunu,Leblanc,0.5,2
TOP,Rumble,Kled,0.6,5
TOP,Kled,Rumble,0.4,5
UTILITY,Velkoz,Soraka,0.7777777777777778,9
UTILITY,Soraka,Velkoz,0.2222222222222222,9
MIDDLE,Veigar,Nunu,1.0,1
MIDDLE,Nunu,Veigar,0.0,1
TOP,DrMundo,FiddleSticks,0.3333333333333333,6
TOP,FiddleSticks,DrMundo,0.6666666666666666,6
MIDDLE,Ryze,Zilean,0.2,5
MIDDLE,Zilean,Ryze,0.8,5
UTILITY,Sona,Maokai,0.4,5
UTILITY,Maokai,Sona,0.6,5
JUNGLE,RekSai,Zac,0.5,4
JUNGLE,Zac,RekSai,0.5,4
MIDDLE,Zoe,Yone,0.6190476190476191,21
MIDDLE,Yone,Zoe,0.38095238095238093,21
UTILITY,Renata,Velkoz,1.0,2
UTILITY,Velkoz,Renata,0.0,2
TOP,Darius,Anivia,0.5454545454545454,11
TOP,Anivia,Darius,0.45454545454545453,11
MIDDLE,Sion,Quinn,1.0,1
MIDDLE,Quinn,Sion,0.0,1
TOP,Yone,Cassiopeia,0.45454545454545453,11
TOP,Cassiopeia,Yone,0.5454545454545454,11
TOP,Gangplank,Ryze,0.7142857142857143,7
TOP,Ryze,Gangplank,0.2857142857142857,7
MIDDLE,Yone,Veigar,0.5,2
MIDDLE,Veigar,Yone,0.5,2
TOP,Anivia,Kassadin,0.75,4
TOP,Kassadin,Anivia,0.25,4
UTILITY,Karma,Elise,0.4411764705882353,34
UTILITY,Elise,Karma,0.5588235294117647,34
JUNGLE,RekSai,Rumble,0.0,1
JUNGLE,Rumble,RekSai,1.0,1
MIDDLE,Leblanc,Qiyana,0.2727272727272727,11
MIDDLE,Qiyana,Leblanc,0.7272727272727273,11
TOP,Anivia,Gangplank,0.7857142857142857,14
TOP,Gangplank,Anivia,0.21428571428571427,14
TOP,Zaahen,Gnar,0.5,10
TOP,Gnar,Zaahen,0.5,10
TOP,Vayne,Qiyana,0.5714285714285714,7
TOP,Qiyana,Vayne,0.42857142857142855,7
UTILITY,FiddleSticks,Elise,1.0,1
UTILITY,Elise,FiddleSticks,0.0,1
BOTTOM,Jhin,Kalista,0.5178571428571429,56
BOTTOM,Kalista,Jhin,0.48214285714285715,56
UTILITY,Leblanc,Sona,1.0,4
UTILITY,Sona,Leblanc,0.0,4
BOTTOM,Kalista,Yunara,0.5068493150684932,73
BOTTOM,Yunara,Kalista,0.4931506849315068,73
JUNGLE,Zaahen,Jax,0.5,2
JUNGLE,Jax,Zaahen,0.5,2
TOP,Chogath,Anivia,0.5454545454545454,11
TOP,Anivia,Chogath,0.45454545454545453,11
JUNGLE,LeeSin,Zaahen,0.38461538461538464,13
JUNGLE,Zaahen,LeeSin,0.6153846153846154,13
MIDDLE,Anivia,Veigar,0.5,6
MIDDLE,Veigar,Anivia,0.5,6
BOTTOM,Yunara,Velkoz,0.3888888888888889,18
BOTTOM,Velkoz,Yunara,0.6111111111111112,18
MIDDLE,Syndra,KogMaw,0.5714285714285714,7
MIDDLE,KogMaw,Syndra,0.42857142857142855,7
TOP,Yone,Jayce,0.5714285714285714,21
TOP,Jayce,Yone,0.42857142857142855,21
JUNGLE,Sejuani,Jayce,0.6666666666666666,3
JUNGLE,Jayce,Sejuani,0.3333333333333333,3
MIDDLE,Sylas,Ziggs,0.5,2
MIDDLE,Ziggs,Sylas,0.5,2
MIDDLE,Yasuo,Qiyana,0.38461538461538464,26
MIDDLE,Qiyana,Yasuo,0.6153846153846154,26
JUNGLE,XinZhao,Naafiri,0.5434782608695652,46
JUNGLE,Naafiri,XinZhao,0.45652173913043476,46
TOP,Gwen,Fizz,0.0,1
TOP,Fizz,Gwen,1.0,1
UTILITY,Yuumi,Rell,0.25,4
UTILITY,Rell,Yuumi,0.75,4
TOP,Aurora,Jayce,0.5151515151515151,33
TOP,Jayce,Aurora,0.48484848484848486,33
UTILITY,Seraphine,Karma,0.5223880597014925,134
UTILITY,Karma,Seraphine,0.47761194029850745,134
MIDDLE,Sylas,Anivia,0.65,20
MIDDLE,Anivia,Sylas,0.35,20
TOP,KSante,Swain,1.0,4
TOP,Swain,KSante,0.0,4
JUNGLE,FiddleSticks,LeeSin,0.4444444444444444,9
JUNGLE,LeeSin,FiddleSticks,0.5555555555555556,9
TOP,Darius,RekSai,1.0,3
TOP,RekSai,Darius,0.0,3
JUNGLE,Zaahen,Nunu,0.18181818181818182,11
JUNGLE,Nunu,Zaahen,0.8181818181818182,11
TOP,Pantheon,Rumble,0.4375,16
TOP,Rumble,Pantheon,0.5625,16
JUNGLE,JarvanIV,Sylas,0.4852941176470588,68
JUNGLE,Sylas,JarvanIV,0.5147058823529411,68
TOP,Kennen,Jayce,0.3684210526315789,19
TOP,Jayce,Kennen,0.631578947368421,19
UTILITY,Pantheon,Trundle,0.5,2
UTILITY,Trundle,Pantheon,0.5,2
BOTTOM,AurelionSol,Twitch,0.625,8
BOTTOM,Twitch,AurelionSol,0.375,8
MIDDLE,Tryndamere,Kassadin,0.8,5
MIDDLE,Kassadin,Tryndamere,0.2,5
UTILITY,Leona,Taric,0.46153846153846156,13
UTILITY,Taric,Leona,0.5384615384615384,13
TOP,RekSai,Renekton,0.25,4
TOP,Renekton,RekSai,0.75,4
JUNGLE,Khazix,Belveth,0.3888888888888889,18
JUNGLE,Belveth,Khazix,0.6111111111111112,18
TOP,Ahri,Kennen,0.5,2
TOP,Kennen,Ahri,0.5,2
JUNGLE,Zyra,Naafiri,0.6363636363636364,11
JUNGLE,Naafiri,Zyra,0.36363636363636365,11
TOP,Gwen,RekSai,1.0,1
TOP,RekSai,Gwen,0.0,1
JUNGLE,Zaahen,JarvanIV,0.6666666666666666,27
JUNGLE,JarvanIV,Zaahen,0.3333333333333333,27
UTILITY,Pyke,Soraka,0.5416666666666666,24
UTILITY,Soraka,Pyke,0.4583333333333333,24
JUNGLE,Zac,Nocturne,0.5384615384615384,13
JUNGLE,Nocturne,Zac,0.46153846153846156,13
MIDDLE,Lissandra,Orianna,0.6923076923076923,13
MIDDLE,Orianna,Lissandra,0.3076923076923077,13
MIDDLE,Chogath,Ahri,0.625,8
MIDDLE,Ahri,Chogath,0.375,8
JUNGLE,Rengar,Kindred,0.3333333333333333,12
JUNGLE,Kindred,Rengar,0.6666666666666666,12
JUNGLE,Khazix,DrMundo,0.5555555555555556,9
JUNGLE,DrMundo,Khazix,0.4444444444444444,9
MIDDLE,Velkoz,Anivia,0.75,8
MIDDLE,Anivia,Velkoz,0.25,8
TOP,Sejuani,Aurora,0.0,1
TOP,Aurora,Sejuani,1.0,1
JUNGLE,Aatrox,Khazix,0.6818181818181818,22
JUNGLE,Khazix,Aatrox,0.3181818181818182,22
TOP,Smolder,DrMundo,0.3333333333333333,3
TOP,DrMundo,Smolder,0.6666666666666666,3
MIDDLE,Malzahar,Neeko,0.0,2
MIDDLE,Neeko,Malzahar,1.0,2
TOP,Ambessa,Anivia,0.5454545454545454,11
TOP,Anivia,Ambessa,0.45454545454545453,11
MIDDLE,Neeko,Syndra,0.0,2
MIDDLE,Syndra,Neeko,1.0,2
TOP,Trundle,Rumble,0.3,10
TOP,Rumble,Trundle,0.7,10
MIDDLE,AurelionSol,Aurora,0.6666666666666666,12
MIDDLE,Aurora,AurelionSol,0.3333333333333333,12
MIDDLE,Aatrox,Galio,0.5,4
MIDDLE,Galio,Aatrox,0.5,4
TOP,Trundle,Akali,0.5,2
TOP,Akali,Trundle,0.5,2
MIDDLE,Leblanc,Vex,0.5,10
MIDDLE,Vex,Leblanc,0.5,10
BOTTOM,MissFortune,Swain,0.3333333333333333,3
BOTTOM,Swain,MissFortune,0.6666666666666666,3
JUNGLE,Sejuani,LeeSin,0.6,5
JUNGLE,LeeSin,Sejuani,0.4,5
MIDDLE,Katarina,Malzahar,0.5,12
MIDDLE,Malzahar,Katarina,0.5,12
TOP,Sylas,Fiora,0.0,6
TOP,Fiora,Sylas,1.0,6
JUNGLE,FiddleSticks,Nidalee,0.4,5
JUNGLE,Nidalee,FiddleSticks,0.6,5
UTILITY,Rakan,Swain,1.0,4
UTILITY,Swain,Rakan,0.0,4
JUNGLE,Aatrox,Pantheon,0.5,14
JUNGLE,Pantheon,Aatrox,0.5,14
TOP,Ezreal,Yasuo,1.0,1
TOP,Yasuo,Ezreal,0.0,1
BOTTOM,Jinx,Fizz,1.0,1
BOTTOM,Fizz,Jinx,0.0,1
MIDDLE,Zoe,Irelia,0.5,8
MIDDLE,Irelia,Zoe,0.5,8
MIDDLE,Yasuo,Singed,0.5,6
MIDDLE,Singed,Yasuo,0.5,6
TOP,Jayce,Nasus,0.5,4
TOP,Nasus,Jayce,0.5,4
UTILITY,Anivia,Nami,0.375,24
UTILITY,Nami,Anivia,0.625,24
MIDDLE,Velkoz,Ziggs,1.0,2
MIDDLE,Ziggs,Velkoz,0.0,2
JUNGLE,DrMundo,XinZhao,0.5217391304347826,23
JUNGLE,XinZhao,DrMundo,0.4782608695652174,23
JUNGLE,Zaahen,DrMundo,0.3076923076923077,13
JUNGLE,DrMundo,Zaahen,0.6923076923076923,13
TOP,Riven,Quinn,0.75,4
TOP,Quinn,Riven,0.25,4
MIDDLE,Tristana,Taliyah,0.16666666666666666,6
MIDDLE,Taliyah,Tristana,0.8333333333333334,6
JUNGLE,Zaahen,Khazix,0.45454545454545453,11
JUNGLE,Khazix,Zaahen,0.5454545454545454,11
TOP,Rumble,Ezreal,1.0,1
TOP,Ezreal,Rumble,0.0,1
TOP,Varus,Tristana,0.125,8
TOP,Tristana,Varus,0.875,8
UTILITY,Braum,Bard,0.4230769230769231,26
UTILITY,Bard,Braum,0.5769230769230769,26
BOTTOM,Twitch,Zoe,0.0,1
BOTTOM,Zoe,Twitch,1.0,1
JUNGLE,Taliyah,Naafiri,0.4666666666666667,15
JUNGLE,Naafiri,Taliyah,0.5333333333333333,15
TOP,Pantheon,Volibear,0.0,3
TOP,Volibear,Pantheon,1.0,3
MIDDLE,Qiyana,Akali,0.5588235294117647,34
MIDDLE,Akali,Qiyana,0.4411764705882353,34
TOP,Kalista,Ornn,0.6,5
TOP,Ornn,Kalista,0.4,5
BOTTOM,Syndra,Kalista,0.4,5
BOTTOM,Kalista,Syndra,0.6,5
MIDDLE,Talon,Ekko,0.5714285714285714,7
MIDDLE,Ekko,Talon,0.42857142857142855,7
TOP,Camille,Renekton,0.5405405405405406,37
TOP,Renekton,Camille,0.4594594594594595,37
BOTTOM,Aphelios,Fiora,0.6666666666666666,3
BOTTOM,Fiora,Aphelios,0.3333333333333333,3
TOP,Poppy,Irelia,0.6666666666666666,6
TOP,Irelia,Poppy,0.3333333333333333,6
MIDDLE,Ryze,KogMaw,0.14285714285714285,7
MIDDLE,KogMaw,Ryze,0.8571428571428571,7
TOP,Aurora,Kennen,0.5,4
TOP,Kennen,Aurora,0.5,4
MIDDLE,Ekko,Lissandra,0.64,25
MIDDLE,Lissandra,Ekko,0.36,25
TOP,Zed,Swain,1.0,1
TOP,Swain,Zed,0.0,1
MIDDLE,Sion,KogMaw,0.0,2
MIDDLE,KogMaw,Sion,1.0,2
TOP,Varus,Aurora,0.5357142857142857,28
TOP,Aurora,Varus,0.4642857142857143,28
JUNGLE,Taliyah,XinZhao,0.625,16
JUNGLE,XinZhao,Taliyah,0.375,16
TOP,Singed,Kayle,0.59375,32
TOP,Kayle,Singed,0.40625,32
JUNGLE,Zaahen,Taliyah,0.6666666666666666,3
JUNGLE,Taliyah,Zaahen,0.3333333333333333,3
TOP,Malphite,Darius,0.36363636363636365,11
TOP,Darius,Malphite,0.6363636363636364,11
TOP,Darius,Jayce,0.4666666666666667,30
TOP,Jayce,Darius,0.5333333333333333,30
MIDDLE,Ahri,Sion,0.38461538461538464,13
MIDDLE,Sion,Ahri,0.6153846153846154,13
TOP,Vayne,Malphite,0.4489795918367347,49
TOP,Malphite,Vayne,0.5510204081632653,49
UTILITY,Rakan,Yuumi,0.7142857142857143,14
UTILITY,Yuumi,Rakan,0.2857142857142857,14
JUNGLE,Sylas,LeeSin,0.4262295081967213,61
JUNGLE,LeeSin,Sylas,0.5737704918032787,61
UTILITY,Rakan,Lux,0.4,10
UTILITY,Lux,Rakan,0.6,10
BOTTOM,Jhin,Velkoz,0.45454545454545453,33
BOTTOM,Velkoz,Jhin,0.5454545454545454,33
TOP,LeeSin,Jax,0.0,2
TOP,Jax,LeeSin,1.0,2
TOP,Naafiri,Velkoz,0.0,1
TOP,Velkoz,Naafiri,1.0,1
BOTTOM,Syndra,Ezreal,0.6363636363636364,22
BOTTOM,Ezreal,Syndra,0.36363636363636365,22
MIDDLE,Ahri,Karma,0.625,8
MIDDLE,Karma,Ahri,0.375,8
MIDDLE,Zoe,Zed,0.6666666666666666,12
MIDDLE,Zed,Zoe,0.3333333333333333,12
JUNGLE,Qiyana,Pantheon,0.2727272727272727,11
JUNGLE,Pantheon,Qiyana,0.7272727272727273,11
JUNGLE,XinZhao,Zaahen,0.4666666666666667,15
JUNGLE,Zaahen,XinZhao,0.5333333333333333,15
MIDDLE,Irelia,Mel,1.0,2
MIDDLE,Mel,Irelia,0.0,2
TOP,Zoe,Jax,0.5,2
TOP,Jax,Zoe,0.5,2
MIDDLE,Mel,Akali,0.375,8
MIDDLE,Akali,Mel,0.625,8
TOP,Olaf,Riven,0.25,4
TOP,Riven,Olaf,0.75,4
UTILITY,Pyke,Milio,0.6363636363636364,11
UTILITY,Milio,Pyke,0.36363636363636365,11
TOP,Renekton,Zed,0.75,4
TOP,Zed,Renekton,0.25,4
MIDDLE,Akali,Akshan,0.5909090909090909,22
MIDDLE,Akshan,Akali,0.4090909090909091,22
MIDDLE,Lissandra,Sylas,0.36,25
MIDDLE,Sylas,Lissandra,0.64,25
UTILITY,Rell,Mel,0.5,2
UTILITY,Mel,Rell,0.5,2
MIDDLE,Smolder,Ahri,0.25,4
MIDDLE,Ahri,Smolder,0.75,4
BOTTOM,Draven,Swain,0.4,10
BOTTOM,Swain,Draven,0.6,10
BOTTOM,Vladimir,Aphelios,0.36363636363636365,11
BOTTOM,Aphelios,Vladimir,0.6363636363636364,11
JUNGLE,Neeko,DrMundo,1.0,2
JUNGLE,DrMundo,Neeko,0.0,2
TOP,Renekton,Chogath,0.6363636363636364,11
TOP,Chogath,Renekton,0.36363636363636365,11
MIDDLE,Ahri,Rumble,1.0,3
MIDDLE,Rumble,Ahri,0.0,3
TOP,Smolder,Sion,0.75,4
TOP,Sion,Smolder,0.25,4
BOTTOM,Caitlyn,Samira,0.6666666666666666,27
BOTTOM,Samira,Caitlyn,0.3333333333333333,27
MIDDLE,Veigar,Ahri,0.5,14
MIDDLE,Ahri,Veigar,0.5,14
JUNGLE,Sejuani,Nidalee,0.5,4
JUNGLE,Nidalee,Sejuani,0.5,4
MIDDLE,AurelionSol,Jayce,0.25,4
MIDDLE,Jayce,AurelionSol,0.75,4
JUNGLE,Naafiri,MonkeyKing,0.34782608695652173,23
JUNGLE,MonkeyKing,Naafiri,0.6521739130434783,23
TOP,Cassiopeia,Leblanc,0.0,1
TOP,Leblanc,Cassiopeia,1.0,1
JUNGLE,Jayce,Pantheon,0.6666666666666666,9
JUNGLE,Pantheon,Jayce,0.3333333333333333,9
MIDDLE,Leblanc,Yasuo,0.6428571428571429,28
MIDDLE,Yasuo,Leblanc,0.35714285714285715,28
TOP,KSante,Sion,0.46875,32
TOP,Sion,KSante,0.53125,32
TOP,Syndra,Cassiopeia,0.5,6
TOP,Cassiopeia,Syndra,0.5,6
JUNGLE,Zyra,Qiyana,0.6666666666666666,6
JUNGLE,Qiyana,Zyra,0.3333333333333333,6
MIDDLE,Malzahar,Taliyah,0.7,10
MIDDLE,Taliyah,Malzahar,0.3,10
BOTTOM,Jhin,Azir,0.5,2
BOTTOM,Azir,Jhin,0.5,2
JUNGLE,Zac,Evelynn,0.75,4
JUNGLE,Evelynn,Zac,0.25,4
BOTTOM,Veigar,Zeri,0.5,2
BOTTOM,Zeri,Veigar,0.5,2
UTILITY,Pyke,Zilean,0.75,12
UTILITY,Zilean,Pyke,0.25,12
BOTTOM,Swain,Kaisa,0.375,24
BOTTOM,Kaisa,Swain,0.625,24
TOP,Gangplank,Garen,0.45454545454545453,11
TOP,Garen,Gangplank,0.5454545454545454,11
MIDDLE,Galio,Annie,0.34782608695652173,23
MIDDLE,Annie,Galio,0.6521739130434783,23
TOP,Shen,Gangplank,0.7142857142857143,7
TOP,Gangplank,Shen,0.2857142857142857,7
BOTTOM,Yunara,Swain,0.3,20
BOTTOM,Swain,Yunara,0.7,20
MIDDLE,Syndra,Gangplank,0.4,5
MIDDLE,Gangplank,Syndra,0.6,5
TOP,Gwen,Teemo,0.5,2
TOP,Teemo,Gwen,0.5,2
UTILITY,Braum,Leblanc,0.0,4
UTILITY,Leblanc,Braum,1.0,4
TOP,Renekton,Anivia,0.8888888888888888,9
TOP,Anivia,Renekton,0.1111111111111111,9
MIDDLE,Zoe,Akshan,0.45454545454545453,11
MIDDLE,Akshan,Zoe,0.5454545454545454,11
MIDDLE,Quinn,Aurora,0.5,10
MIDDLE,Aurora,Quinn,0.5,10
UTILITY,Sylas,Thresh,0.16666666666666666,6
UTILITY,Thresh,Sylas,0.8333333333333334,6
BOTTOM,Lucian,Twitch,0.7142857142857143,14
BOTTOM,Twitch,Lucian,0.2857142857142857,14
TOP,Vayne,Gragas,0.5909090909090909,22
TOP,Gragas,Vayne,0.4090909090909091,22
MIDDLE,Syndra,Fizz,0.375,24
MIDDLE,Fizz,Syndra,0.625,24
TOP,Volibear,Viktor,1.0,1
TOP,Viktor,Volibear,0.0,1
JUNGLE,RekSai,XinZhao,0.5909090909090909,22
JUNGLE,XinZhao,RekSai,0.4090909090909091,22
MIDDLE,Sylas,Akshan,0.5,24
MIDDLE,Akshan,Sylas,0.5,24
TOP,Jayce,Irelia,0.5517241379310345,58
TOP,Irelia,Jayce,0.4482758620689655,58
TOP,Zilean,Jayce,1.0,2
TOP,Jayce,Zilean,0.0,2
MIDDLE,AurelionSol,Orianna,0.4444444444444444,9
MIDDLE,Orianna,AurelionSol,0.5555555555555556,9
JUNGLE,Nidalee,Taliyah,0.4,10
JUNGLE,Taliyah,Nidalee,0.6,10
TOP,Teemo,Fizz,1.0,1
TOP,Fizz,Teemo,0.0,1
UTILITY,Swain,Senna,0.6,5
UTILITY,Senna,Swain,0.4,5
MIDDLE,Sion,Akali,0.6666666666666666,9
MIDDLE,Akali,Sion,0.3333333333333333,9
TOP,Riven,Tryndamere,0.6,15
TOP,Tryndamere,Riven,0.4,15
UTILITY,Ekko,Thresh,1.0,1
UTILITY,Thresh,Ekko,0.0,1
JUNGLE,Kindred,LeeSin,0.35714285714285715,28
JUNGLE,LeeSin,Kindred,0.6428571428571429,28
TOP,Sion,Naafiri,0.5,2
TOP,Naafiri,Sion,0.5,2
JUNGLE,Qiyana,Khazix,0.4583333333333333,24
JUNGLE,Khazix,Qiyana,0.5416666666666666,24
MIDDLE,Zoe,Vex,0.25,4
MIDDLE,Vex,Zoe,0.75,4
TOP,Ornn,Zaahen,0.375,8
TOP,Zaahen,Ornn,0.625,8
TOP,Gangplank,Chogath,0.6,10
TOP,Chogath,Gangplank,0.4,10
TOP,Viego,Riven,0.0,1
TOP,Riven,Viego,1.0,1
TOP,Irelia,Warwick,0.6666666666666666,3
TOP,Warwick,Irelia,0.3333333333333333,3
MIDDLE,Anivia,Nasus,0.6666666666666666,3
MIDDLE,Nasus,Anivia,0.3333333333333333,3
JUNGLE,Sion,Vi,0.0,1
JUNGLE,Vi,Sion,1.0,1
MIDDLE,Yone,Malzahar,0.625,8
MIDDLE,Malzahar,Yone,0.375,8
TOP,Rumble,Vladimir,0.42857142857142855,7
TOP,Vladimir,Rumble,0.5714285714285714,7
TOP,Trundle,Singed,0.2857142857142857,7
TOP,Singed,Trundle,0.7142857142857143,7
JUNGLE,Zyra,Ekko,0.5,8
JUNGLE,Ekko,Zyra,0.5,8
MIDDLE,Naafiri,Morgana,1.0,1
MIDDLE,Morgana,Naafiri,0.0,1
TOP,Zoe,Aatrox,0.5,2
TOP,Aatrox,Zoe,0.5,2
JUNGLE,Jayce,MasterYi,0.36363636363636365,11
JUNGLE,MasterYi,Jayce,0.6363636363636364,11
BOTTOM,KogMaw,AurelionSol,0.5,4
BOTTOM,AurelionSol,KogMaw,0.5,4
TOP,Tryndamere,Varus,0.3333333333333333,6
TOP,Varus,Tryndamere,0.6666666666666666,6
BOTTOM,Vladimir,Ashe,0.631578947368421,19
BOTTOM,Ashe,Vladimir,0.3684210526315789,19
TOP,Yasuo,Gragas,0.0,8
TOP,Gragas,Yasuo,1.0,8
TOP,Camille,Poppy,0.5,2
TOP,Poppy,Camille,0.5,2
TOP,Sett,Malphite,0.3333333333333333,3
TOP,Malphite,Sett,0.6666666666666666,3
TOP,Renekton,Sion,0.7647058823529411,17
TOP,Sion,Renekton,0.23529411764705882,17
MIDDLE,Malzahar,Galio,0.6666666666666666,6
MIDDLE,Galio,Malzahar,0.3333333333333333,6
TOP,Fiora,Malphite,0.3125,16
TOP,Malphite,Fiora,0.6875,16
JUNGLE,Kayn,Zaahen,0.75,4
JUNGLE,Zaahen,Kayn,0.25,4
JUNGLE,Evelynn,LeeSin,0.42857142857142855,7
JUNGLE,LeeSin,Evelynn,0.5714285714285714,7
TOP,Nasus,Aatrox,0.75,4
TOP,Aatrox,Nasus,0.25,4
BOTTOM,Smolder,Ziggs,0.7,10
BOTTOM,Ziggs,Smolder,0.3,10
JUNGLE,Nidalee,Ivern,0.6875,16
JUNGLE,Ivern,Nidalee,0.3125,16
MIDDLE,Chogath,Sylas,0.3333333333333333,3
MIDDLE,Sylas,Chogath,0.6666666666666666,3
TOP,Gnar,Zoe,0.5,4
TOP,Zoe,Gnar,0.5,4
MIDDLE,Diana,AurelionSol,0.5,2
MIDDLE,AurelionSol,Diana,0.5,2
BOTTOM,Veigar,Corki,0.6666666666666666,3
BOTTOM,Corki,Veigar,0.3333333333333333,3
MIDDLE,Zed,Irelia,0.5555555555555556,18
MIDDLE,Irelia,Zed,0.4444444444444444,18
TOP,Katarina,Rumble,0.6666666666666666,3
TOP,Rumble,Katarina,0.3333333333333333,3
MIDDLE,Sylas,Varus,0.75,4
MIDDLE,Varus,Sylas,0.25,4
TOP,Kayle,Fizz,0.0,1
TOP,Fizz,Kayle,1.0,1
JUNGLE,Nocturne,Naafiri,0.6153846153846154,78
JUNGLE,Naafiri,Nocturne,0.38461538461538464,78
MIDDLE,Vladimir,Orianna,0.2727272727272727,11
MIDDLE,Orianna,Vladimir,0.7272727272727273,11
MIDDLE,Orianna,Aurora,0.5161290322580645,31
MIDDLE,Aurora,Orianna,0.4838709677419355,31
TOP,Jayce,Vayne,0.5,36
TOP,Vayne,Jayce,0.5,36
MIDDLE,Akali,Quinn,0.5,4
MIDDLE,Quinn,Akali,0.5,4
TOP,Sion,Gangplank,0.55,20
TOP,Gangplank,Sion,0.45,20
TOP,Sion,Nasus,0.4444444444444444,9
TOP,Nasus,Sion,0.5555555555555556,9
UTILITY,Rengar,Elise,0.0,1
UTILITY,Elise,Rengar,1.0,1
BOTTOM,Akshan,Hwei,1.0,1
BOTTOM,Hwei,Akshan,0.0,1
MIDDLE,LeeSin,Katarina,0.0,2
MIDDLE,Katarina,LeeSin,1.0,2
BOTTOM,Zeri,Xerath,1.0,3
BOTTOM,Xerath,Zeri,0.0,3
JUNGLE,Zyra,Elise,0.45454545454545453,11
JUNGLE,Elise,Zyra,0.5454545454545454,11
MIDDLE,Akshan,Talon,0.6,5
MIDDLE,Talon,Akshan,0.4,5
TOP,Zaahen,Jayce,0.35,20
TOP,Jayce,Zaahen,0.65,20
MIDDLE,Sylas,Jax,0.0,2
MIDDLE,Jax,Sylas,1.0,2
TOP,Vladimir,Swain,0.0,1
TOP,Swain,Vladimir,1.0,1
UTILITY,KSante,Elise,0.3333333333333333,3
UTILITY,Elise,KSante,0.6666666666666666,3
MIDDLE,Tryndamere,Viego,1.0,1
MIDDLE,Viego,Tryndamere,0.0,1
UTILITY,Rakan,Maokai,0.4,5
UTILITY,Maokai,Rakan,0.6,5
JUNGLE,MonkeyKing,Jax,0.5,2
JUNGLE,Jax,MonkeyKing,0.5,2
MIDDLE,Zac,Shen,1.0,1
MIDDLE,Shen,Zac,0.0,1
MIDDLE,Corki,Tristana,1.0,2
MIDDLE,Tristana,Corki,0.0,2
UTILITY,Velkoz,Blitzcrank,0.35714285714285715,14
UTILITY,Blitzcrank,Velkoz,0.6428571428571429,14
TOP,Veigar,Yorick,0.0,1
TOP,Yorick,Veigar,1.0,1
BOTTOM,Ezreal,Mel,0.45098039215686275,51
BOTTOM,Mel,Ezreal,0.5490196078431373,51
MIDDLE,Ahri,Singed,0.5555555555555556,18
MIDDLE,Singed,Ahri,0.4444444444444444,18
TOP,Malphite,Chogath,0.4666666666666667,15
TOP,Chogath,Malphite,0.5333333333333333,15
JUNGLE,Diana,Zyra,0.625,8
JUNGLE,Zyra,Diana,0.375,8
TOP,Gangplank,Zed,0.5,2
TOP,Zed,Gangplank,0.5,2
TOP,Ryze,Yasuo,1.0,2
TOP,Yasuo,Ryze,0.0,2
JUNGLE,Zac,Karthus,1.0,1
JUNGLE,Karthus,Zac,0.0,1
MIDDLE,Neeko,Zed,0.5,2
MIDDLE,Zed,Neeko,0.5,2
MIDDLE,Ryze,Talon,0.3333333333333333,3
MIDDLE,Talon,Ryze,0.6666666666666666,3
TOP,MasterYi,Fiora,0.0,2
TOP,Fiora,MasterYi,1.0,2
MIDDLE,Tryndamere,Katarina,0.3333333333333333,6
MIDDLE,Katarina,Tryndamere,0.6666666666666666,6
UTILITY,Swain,Karma,0.5555555555555556,9
UTILITY,Karma,Swain,0.4444444444444444,9
TOP,KSante,Kennen,0.75,4
TOP,Kennen,KSante,0.25,4
JUNGLE,Vi,Khazix,0.5416666666666666,24
JUNGLE,Khazix,Vi,0.4583333333333333,24
JUNGLE,Karthus,Briar,0.5,2
JUNGLE,Briar,Karthus,0.5,2
MIDDLE,Talon,Anivia,0.0,1
MIDDLE,Anivia,Talon,1.0,1
MIDDLE,XinZhao,Kassadin,0.5,8
MIDDLE,Kassadin,XinZhao,0.5,8
TOP,Sion,Illaoi,0.3333333333333333,6
TOP,Illaoi,Sion,0.6666666666666666,6
BOTTOM,Corki,Katarina,0.25,4
BOTTOM,Katarina,Corki,0.75,4
JUNGLE,Zac,Morgana,1.0,1
JUNGLE,Morgana,Zac,0.0,1
MIDDLE,Nasus,Yone,0.25,4
MIDDLE,Yone,Nasus,0.75,4
TOP,Kayle,Darius,0.8571428571428571,7
TOP,Darius,Kayle,0.14285714285714285,7
MIDDLE,Lissandra,Akshan,0.625,16
MIDDLE,Akshan,Lissandra,0.375,16
BOTTOM,Zyra,Yunara,0.6666666666666666,3
BOTTOM,Yunara,Zyra,0.3333333333333333,3
MIDDLE,Anivia,Jayce,0.8,10
MIDDLE,Jayce,Anivia,0.2,10
TOP,Katarina,Jax,0.0,1
TOP,Jax,Katarina,1.0,1
BOTTOM,Nilah,Varus,0.3333333333333333,9
BOTTOM,Varus,Nilah,0.6666666666666666,9
JUNGLE,Shaco,Chogath,0.5,2
JUNGLE,Chogath,Shaco,0.5,2
MIDDLE,Viego,Kassadin,0.3333333333333333,3
MIDDLE,Kassadin,Viego,0.6666666666666666,3
JUNGLE,Briar,Zac,0.25,4
JUNGLE,Zac,Briar,0.75,4
MIDDLE,Kennen,Azir,0.0,1
MIDDLE,Azir,Kennen,1.0,1
UTILITY,Pyke,Maokai,0.8333333333333334,6
UTILITY,Maokai,Pyke,0.16666666666666666,6
TOP,Naafiri,XinZhao,0.75,4
TOP,XinZhao,Naafiri,0.25,4
MIDDLE,Leblanc,Lissandra,0.5142857142857142,35
MIDDLE,Lissandra,Leblanc,0.4857142857142857,35
TOP,Rumble,Camille,0.5,12
TOP,Camille,Rumble,0.5,12
MIDDLE,Smolder,Zed,0.4,5
MIDDLE,Zed,Smolder,0.6,5
TOP,Teemo,Zac,0.0,1
TOP,Zac,Teemo,1.0,1
UTILITY,Renata,Alistar,0.4,10
UTILITY,Alistar,Renata,0.6,10
MIDDLE,Syndra,Taliyah,0.5833333333333334,36
MIDDLE,Taliyah,Syndra,0.4166666666666667,36
TOP,Zaahen,Vi,1.0,1
TOP,Vi,Zaahen,0.0,1
MIDDLE,Olaf,Azir,0.0,1
MIDDLE,Azir,Olaf,1.0,1
TOP,Singed,Gnar,0.5434782608695652,46
TOP,Gnar,Singed,0.45652173913043476,46
UTILITY,Lulu,Taliyah,0.0,3
UTILITY,Taliyah,Lulu,1.0,3
JUNGLE,Sylas,Gwen,0.3333333333333333,3
JUNGLE,Gwen,Sylas,0.6666666666666666,3
MIDDLE,Malphite,Akshan,0.625,8
MIDDLE,Akshan,Malphite,0.375,8
TOP,Riven,Jayce,0.8421052631578947,19
TOP,Jayce,Riven,0.15789473684210525,19
MIDDLE,Galio,Akshan,0.5833333333333334,12
MIDDLE,Akshan,Galio,0.4166666666666667,12
TOP,Akali,Naafiri,0.0,1
TOP,Naafiri,Akali,1.0,1
TOP,Irelia,Fiora,0.5625,16
TOP,Fiora,Irelia,0.4375,16
BOTTOM,Kaisa,Veigar,0.6666666666666666,12
BOTTOM,Veigar,Kaisa,0.3333333333333333,12
MIDDLE,Irelia,Ahri,0.34375,32
MIDDLE,Ahri,Irelia,0.65625,32
BOTTOM,Lucian,Draven,0.4,30
BOTTOM,Draven,Lucian,0.6,30
JUNGLE,Talon,Olaf,0.75,4
JUNGLE,Olaf,Talon,0.25,4
BOTTOM,Veigar,Caitlyn,0.6,5
BOTTOM,Caitlyn,Veigar,0.4,5
TOP,Teemo,Sett,0.2,5
TOP,Sett,Teemo,0.8,5
MIDDLE,Ahri,Tryndamere,0.42857142857142855,7
MIDDLE,Tryndamere,Ahri,0.5714285714285714,7
JUNGLE,Zac,Jayce,0.5,2
JUNGLE,Jayce,Zac,0.5,2
UTILITY,Leblanc,Alistar,0.0,4
UTILITY,Alistar,Leblanc,1.0,4
MIDDLE,Akshan,Taliyah,0.47368421052631576,19
MIDDLE,Taliyah,Akshan,0.5263157894736842,19
JUNGLE,Ambessa,Belveth,0.75,8
JUNGLE,Belveth,Ambessa,0.25,8
TOP,Warwick,TwistedFate,0.6,5
TOP,TwistedFate,Warwick,0.4,5
TOP,Zaahen,Akshan,0.3333333333333333,3
TOP,Akshan,Zaahen,0.6666666666666666,3
UTILITY,Trundle,Bard,0.25,4
UTILITY,Bard,Trundle,0.75,4
TOP,Briar,Katarina,0.0,1
TOP,Katarina,Briar,1.0,1
TOP,Velkoz,Sion,0.6666666666666666,3
TOP,Sion,Velkoz,0.3333333333333333,3
TOP,Ezreal,Jax,0.0,1
TOP,Jax,Ezreal,1.0,1
TOP,Ekko,Garen,0.0,1
TOP,Garen,Ekko,1.0,1
JUNGLE,Ambessa,Gwen,1.0,3
JUNGLE,Gwen,Ambessa,0.0,3
MIDDLE,Galio,Yone,0.631578947368421,19
MIDDLE,Yone,Galio,0.3684210526315789,19
TOP,Sion,DrMundo,0.5806451612903226,31
TOP,DrMundo,Sion,0.41935483870967744,31
MIDDLE,Zilean,Hwei,0.6666666666666666,3
MIDDLE,Hwei,Zilean,0.3333333333333333,3
UTILITY,Neeko,Blitzcrank,0.6666666666666666,9
UTILITY,Blitzcrank,Neeko,0.3333333333333333,9
MIDDLE,Ekko,Sylas,0.3333333333333333,39
MIDDLE,Sylas,Ekko,0.6666666666666666,39
MIDDLE,Orianna,Karma,1.0,5
MIDDLE,Karma,Orianna,0.0,5
MIDDLE,Galio,AurelionSol,0.4,5
MIDDLE,AurelionSol,Galio,0.6,5
BOTTOM,Seraphine,Aphelios,0.7777777777777778,9
BOTTOM,Aphelios,Seraphine,0.2222222222222222,9
MIDDLE,Singed,Tryndamere,0.5,2
MIDDLE,Tryndamere,Singed,0.5,2
TOP,Olaf,Ryze,0.3333333333333333,3
TOP,Ryze,Olaf,0.6666666666666666,3
UTILITY,Nautilus,TahmKench,0.5833333333333334,12
UTILITY,TahmKench,Nautilus,0.4166666666666667,12
MIDDLE,Zilean,Anivia,0.5,2
MIDDLE,Anivia,Zilean,0.5,2
TOP,Cassiopeia,Vayne,0.7142857142857143,28
TOP,Vayne,Cassiopeia,0.2857142857142857,28
JUNGLE,Pantheon,Ambessa,0.5555555555555556,9
JUNGLE,Ambessa,Pantheon,0.4444444444444444,9
TOP,Tryndamere,Yone,0.875,8
TOP,Yone,Tryndamere,0.125,8
TOP,Swain,Cassiopeia,0.2,5
TOP,Cassiopeia,Swain,0.8,5
JUNGLE,Zyra,DrMundo,0.75,4
JUNGLE,DrMundo,Zyra,0.25,4
MIDDLE,Tryndamere,Orianna,0.2857142857142857,7
MIDDLE,Orianna,Tryndamere,0.7142857142857143,7
TOP,Illaoi,Shen,0.4,5
TOP,Shen,Illaoi,0.6,5
BOTTOM,Samira,Tristana,0.5,16
BOTTOM,Tristana,Samira,0.5,16
MIDDLE,Naafiri,Galio,0.2222222222222222,9
MIDDLE,Galio,Naafiri,0.7777777777777778,9
BOTTOM,Lux,Samira,0.5,4
BOTTOM,Samira,Lux,0.5,4
MIDDLE,Orianna,Brand,0.4,10
MIDDLE,Brand,Orianna,0.6,10
UTILITY,Rakan,Elise,0.3684210526315789,19
UTILITY,Elise,Rakan,0.631578947368421,19
MIDDLE,Gwen,Sion,0.5,2
MIDDLE,Sion,Gwen,0.5,2
JUNGLE,JarvanIV,Pantheon,0.5428571428571428,35
JUNGLE,Pantheon,JarvanIV,0.45714285714285713,35
TOP,Rumble,Naafiri,1.0,3
TOP,Naafiri,Rumble,0.0,3
UTILITY,Lissandra,Rakan,0.6,5
UTILITY,Rakan,Lissandra,0.4,5
JUNGLE,Brand,Talon,0.42857142857142855,7
JUNGLE,Talon,Brand,0.5714285714285714,7
TOP,Sett,Viego,1.0,1
TOP,Viego,Sett,0.0,1
TOP,Kennen,Vayne,0.25,8
TOP,Vayne,Kennen,0.75,8
TOP,Zed,Yone,0.5,8
TOP,Yone,Zed,0.5,8
JUNGLE,Nocturne,Kindred,0.45454545454545453,11
JUNGLE,Kindred,Nocturne,0.5454545454545454,11
JUNGLE,Jayce,Zaahen,0.5,6
JUNGLE,Zaahen,Jayce,0.5,6
TOP,Vayne,Corki,0.4444444444444444,9
TOP,Corki,Vayne,0.5555555555555556,9
TOP,Garen,Singed,0.45,20
TOP,Singed,Garen,0.55,20
TOP,Gwen,Nasus,1.0,2
TOP,Nasus,Gwen,0.0,2
BOTTOM,KogMaw,Velkoz,0.6363636363636364,11
BOTTOM,Velkoz,KogMaw,0.36363636363636365,11
JUNGLE,Jayce,Trundle,0.0,2
JUNGLE,Trundle,Jayce,1.0,2
JUNGLE,Diana,Evelynn,0.75,4
JUNGLE,Evelynn,Diana,0.25,4
TOP,Gnar,Garen,0.53125,32
TOP,Garen,Gnar,0.46875,32
BOTTOM,Veigar,Sivir,1.0,3
BOTTOM,Sivir,Veigar,0.0,3
MIDDLE,Malzahar,Karma,1.0,3
MIDDLE,Karma,Malzahar,0.0,3
TOP,Darius,Varus,0.5714285714285714,7
TOP,Varus,Darius,0.42857142857142855,7
UTILITY,Leona,Velkoz,0.42857142857142855,7
UTILITY,Velkoz,Leona,0.5714285714285714,7
TOP,Sion,Camille,0.45454545454545453,11
TOP,Camille,Sion,0.5454545454545454,11
MIDDLE,Tristana,Ryze,0.7272727272727273,11
MIDDLE,Ryze,Tristana,0.2727272727272727,11
UTILITY,Zoe,Nautilus,0.4666666666666667,30
UTILITY,Nautilus,Zoe,0.5333333333333333,30
TOP,Gragas,Aurora,0.6,10
TOP,Aurora,Gragas,0.4,10
JUNGLE,Malphite,Elise,0.5,2
JUNGLE,Elise,Malphite,0.5,2
MIDDLE,Vladimir,Yasuo,0.7272727272727273,22
MIDDLE,Yasuo,Vladimir,0.2727272727272727,22
JUNGLE,Hecarim,Taliyah,0.6363636363636364,11
JUNGLE,Taliyah,Hecarim,0.36363636363636365,11
TOP,Heimerdinger,Yasuo,1.0,1
TOP,Yasuo,Heimerdinger,0.0,1
JUNGLE,Olaf,Zaahen,0.5,2
JUNGLE,Zaahen,Olaf,0.5,2
MIDDLE,Zoe,Leblanc,0.6,20
MIDDLE,Leblanc,Zoe,0.4,20
TOP,Singed,Yorick,0.3333333333333333,12
TOP,Yorick,Singed,0.6666666666666666,12
BOTTOM,AurelionSol,Samira,0.8,10
BOTTOM,Samira,AurelionSol,0.2,10
UTILITY,Milio,Lux,0.5833333333333334,12
UTILITY,Lux,Milio,0.4166666666666667,12
BOTTOM,Hwei,Tristana,0.5,4
BOTTOM,Tristana,Hwei,0.5,4
MIDDLE,Ahri,Varus,0.5555555555555556,9
MIDDLE,Varus,Ahri,0.4444444444444444,9
TOP,Naafiri,FiddleSticks,0.5,2
TOP,FiddleSticks,Naafiri,0.5,2
MIDDLE,Vex,Katarina,0.625,8
MIDDLE,Katarina,Vex,0.375,8
TOP,Sett,Cassiopeia,0.25,4
TOP,Cassiopeia,Sett,0.75,4
MIDDLE,Ivern,Akali,1.0,2
MIDDLE,Akali,Ivern,0.0,2
BOTTOM,Ezreal,Samira,0.45,60
BOTTOM,Samira,Ezreal,0.55,60
UTILITY,Rakan,Anivia,0.45454545454545453,11
UTILITY,Anivia,Rakan,0.5454545454545454,11
MIDDLE,Qiyana,Zac,1.0,1
MIDDLE,Zac,Qiyana,0.0,1
TOP,Yasuo,Irelia,0.36363636363636365,11
TOP,Irelia,Yasuo,0.6363636363636364,11
MIDDLE,Galio,Sion,0.5714285714285714,7
MIDDLE,Sion,Galio,0.42857142857142855,7
JUNGLE,DrMundo,Evelynn,0.0,2
JUNGLE,Evelynn,DrMundo,1.0,2
TOP,Olaf,Vayne,0.35,20
TOP,Vayne,Olaf,0.65,20
JUNGLE,Karthus,Diana,0.42857142857142855,7
JUNGLE,Diana,Karthus,0.5714285714285714,7
TOP,Singed,Kled,0.38461538461538464,13
TOP,Kled,Singed,0.6153846153846154,13
UTILITY,Nautilus,Zac,0.5,4
UTILITY,Zac,Nautilus,0.5,4
JUNGLE,Shen,Sylas,0.3333333333333333,3
JUNGLE,Sylas,Shen,0.6666666666666666,3
TOP,Jayce,Anivia,0.42424242424242425,33
TOP,Anivia,Jayce,0.5757575757575758,33
TOP,Singed,Cassiopeia,0.7857142857142857,14
TOP,Cassiopeia,Singed,0.21428571428571427,14
BOTTOM,Samira,Veigar,0.3333333333333333,3
BOTTOM,Veigar,Samira,0.6666666666666666,3
TOP,Warwick,Singed,0.5,8
TOP,Singed,Warwick,0.5,8
BOTTOM,Varus,Zoe,1.0,1
BOTTOM,Zoe,Varus,0.0,1
MIDDLE,Morgana,Kennen,1.0,1
MIDDLE,Kennen,Morgana,0.0,1
BOTTOM,Kayn,Jhin,1.0,1
BOTTOM,Jhin,Kayn,0.0,1
JUNGLE,Aatrox,Kayn,0.36363636363636365,11
JUNGLE,Kayn,Aatrox,0.6363636363636364,11
MIDDLE,Ahri,Kennen,0.4,5
MIDDLE,Kennen,Ahri,0.6,5
UTILITY,Bard,Shaco,1.0,7
UTILITY,Shaco,Bard,0.0,7
MIDDLE,Viktor,Veigar,0.42857142857142855,7
MIDDLE,Veigar,Viktor,0.5714285714285714,7
MIDDLE,Kennen,Olaf,1.0,1
MIDDLE,Olaf,Kennen,0.0,1
TOP,Darius,Teemo,0.5,8
TOP,Teemo,Darius,0.5,8
MIDDLE,XinZhao,Ahri,0.4444444444444444,9
MIDDLE,Ahri,XinZhao,0.5555555555555556,9
TOP,Singed,Aurora,0.5714285714285714,7
TOP,Aurora,Singed,0.42857142857142855,7
BOTTOM,Seraphine,Swain,1.0,6
BOTTOM,Swain,Seraphine,0.0,6
TOP,Fiora,Ryze,0.6,5
TOP,Ryze,Fiora,0.4,5
MIDDLE,Yone,Azir,0.7368421052631579,19
MIDDLE,Azir,Yone,0.2631578947368421,19
TOP,KSante,Karma,0.75,4
TOP,Karma,KSante,0.25,4
UTILITY,Trundle,Nautilus,0.6666666666666666,3
UTILITY,Nautilus,Trundle,0.3333333333333333,3
TOP,Gangplank,Viego,1.0,1
TOP,Viego,Gangplank,0.0,1
UTILITY,Senna,Pantheon,0.45,20
UTILITY,Pantheon,Senna,0.55,20
MIDDLE,Aurora,Ekko,0.5,36
MIDDLE,Ekko,Aurora,0.5,36
TOP,LeeSin,Gangplank,0.3333333333333333,3
TOP,Gangplank,LeeSin,0.6666666666666666,3
JUNGLE,Nidalee,XinZhao,0.5714285714285714,35
JUNGLE,XinZhao,Nidalee,0.42857142857142855,35
TOP,Quinn,Rumble,1.0,3
TOP,Rumble,Quinn,0.0,3
TOP,Yone,Gwen,0.8,5
TOP,Gwen,Yone,0.2,5
UTILITY,Leblanc,Pyke,1.0,6
UTILITY,Pyke,Leblanc,0.0,6
MIDDLE,Yasuo,Ambessa,0.5,4
MIDDLE,Ambessa,Yasuo,0.5,4
TOP,Kayn,KSante,0.5,2
TOP,KSante,Kayn,0.5,2
UTILITY,Braum,Shaco,0.25,4
UTILITY,Shaco,Braum,0.75,4
JUNGLE,Briar,Aatrox,0.4444444444444444,9
JUNGLE,Aatrox,Briar,0.5555555555555556,9
MIDDLE,Ekko,Zac,1.0,2
MIDDLE,Zac,Ekko,0.0,2
BOTTOM,Vladimir,Twitch,1.0,2
BOTTOM,Twitch,Vladimir,0.0,2
TOP,Pantheon,Zaahen,0.6666666666666666,6
TOP,Zaahen,Pantheon,0.3333333333333333,6
UTILITY,Karma,Yuumi,0.7368421052631579,19
UTILITY,Yuumi,Karma,0.2631578947368421,19
TOP,Ambessa,Akshan,1.0,2
TOP,Akshan,Ambessa,0.0,2
UTILITY,Rell,Camille,0.65,20
UTILITY,Camille,Rell,0.35,20
MIDDLE,Ziggs,Ahri,0.7142857142857143,7
MIDDLE,Ahri,Ziggs,0.2857142857142857,7
TOP,Gangplank,Swain,0.0,2
TOP,Swain,Gangplank,1.0,2
MIDDLE,Neeko,Zoe,1.0,1
MIDDLE,Zoe,Neeko,0.0,1
BOTTOM,Veigar,Jhin,0.375,8
BOTTOM,Jhin,Veigar,0.625,8
MIDDLE,Orianna,Katarina,0.48,25
MIDDLE,Katarina,Orianna,0.52,25
BOTTOM,Sivir,Katarina,0.5,6
BOTTOM,Katarina,Sivir,0.5,6
MIDDLE,Malzahar,Azir,0.75,4
MIDDLE,Azir,Malzahar,0.25,4
BOTTOM,Jinx,Lux,0.2857142857142857,7
BOTTOM,Lux,Jinx,0.7142857142857143,7
JUNGLE,Lillia,Rammus,0.0,2
JUNGLE,Rammus,Lillia,1.0,2
MIDDLE,Mel,Ambessa,0.0,2
MIDDLE,Ambessa,Mel,1.0,2
TOP,LeeSin,Riven,0.5,4
TOP,Riven,LeeSin,0.5,4
JUNGLE,Ambessa,Volibear,0.5,2
JUNGLE,Volibear,Ambessa,0.5,2
TOP,Vayne,Mordekaiser,0.7,10
TOP,Mordekaiser,Vayne,0.3,10
MIDDLE,Darius,Azir,0.0,1
MIDDLE,Azir,Darius,1.0,1
BOTTOM,Sivir,Kalista,0.35,20
BOTTOM,Kalista,Sivir,0.65,20
JUNGLE,Rengar,Kayn,0.2857142857142857,14
JUNGLE,Kayn,Rengar,0.7142857142857143,14
TOP,Nidalee,Garen,0.0,1
TOP,Garen,Nidalee,1.0,1
UTILITY,Senna,Renata,0.8181818181818182,11
UTILITY,Renata,Senna,0.18181818181818182,11
BOTTOM,Jhin,KogMaw,0.4642857142857143,28
BOTTOM,KogMaw,Jhin,0.5357142857142857,28
MIDDLE,Ahri,Nunu,0.5,10
MIDDLE,Nunu,Ahri,0.5,10
TOP,Orianna,Jax,1.0,2
TOP,Jax,Orianna,0.0,2
JUNGLE,Rumble,Ekko,0.5,2
JUNGLE,Ekko,Rumble,0.5,2
MIDDLE,Tristana,Yasuo,0.5,8
MIDDLE,Yasuo,Tristana,0.5,8
TOP,Ornn,Nasus,0.5555555555555556,9
TOP,Nasus,Ornn,0.4444444444444444,9
MIDDLE,Draven,Malzahar,0.0,1
MIDDLE,Malzahar,Draven,1.0,1
TOP,Renekton,Skarner,0.6,5
TOP,Skarner,Renekton,0.4,5
JUNGLE,JarvanIV,Udyr,0.6363636363636364,22
JUNGLE,Udyr,JarvanIV,0.36363636363636365,22
MIDDLE,Malzahar,Quinn,0.5,4
MIDDLE,Quinn,Malzahar,0.5,4
TOP,Swain,Irelia,1.0,1
TOP,Irelia,Swain,0.0,1
BOTTOM,Zeri,Kaisa,0.4583333333333333,72
BOTTOM,Kaisa,Zeri,0.5416666666666666,72
BOTTOM,Sivir,Jinx,0.6111111111111112,18
BOTTOM,Jinx,Sivir,0.3888888888888889,18
MIDDLE,Yasuo,Pyke,1.0,3
MIDDLE,Pyke,Yasuo,0.0,3
TOP,Riven,TahmKench,1.0,1
TOP,TahmKench,Riven,0.0,1
JUNGLE,Diana,Zaahen,0.5,6
JUNGLE,Zaahen,Diana,0.5,6
MIDDLE,Rumble,Ekko,1.0,2
MIDDLE,Ekko,Rumble,0.0,2
TOP,Cassiopeia,Pantheon,0.2222222222222222,9
TOP,Pantheon,Cassiopeia,0.7777777777777778,9
BOTTOM,Corki,Pantheon,0.0,1
BOTTOM,Pantheon,Corki,1.0,1
TOP,Naafiri,Gnar,0.6,5
TOP,Gnar,Naafiri,0.4,5
UTILITY,Blitzcrank,Alistar,0.4666666666666667,30
UTILITY,Alistar,Blitzcrank,0.5333333333333333,30
TOP,Kennen,Singed,0.42105263157894735,19
TOP,Singed,Kennen,0.5789473684210527,19
JUNGLE,Briar,Naafiri,0.65,20
JUNGLE,Naafiri,Briar,0.35,20
TOP,Singed,Aatrox,0.6521739130434783,23
TOP,Aatrox,Singed,0.34782608695652173,23
TOP,Kennen,DrMundo,0.5,16
TOP,DrMundo,Kennen,0.5,16
JUNGLE,Zaahen,Talon,0.75,8
JUNGLE,Talon,Zaahen,0.25,8
TOP,Garen,Warwick,0.2857142857142857,7
TOP,Warwick,Garen,0.7142857142857143,7
BOTTOM,Katarina,Mel,0.42857142857142855,7
BOTTOM,Mel,Katarina,0.5714285714285714,7
JUNGLE,Briar,Talon,0.6,15
JUNGLE,Talon,Briar,0.4,15
MIDDLE,Seraphine,Malzahar,0.0,1
MIDDLE,Malzahar,Seraphine,1.0,1
UTILITY,Karma,Akshan,1.0,2
UTILITY,Akshan,Karma,0.0,2
MIDDLE,Ahri,Jayce,0.6060606060606061,33
MIDDLE,Jayce,Ahri,0.3939393939393939,33
TOP,Skarner,Zaahen,0.6666666666666666,3
TOP,Zaahen,Skarner,0.3333333333333333,3
JUNGLE,Belveth,Qiyana,0.5,8
JUNGLE,Qiyana,Belveth,0.5,8
UTILITY,Leblanc,Bard,0.5833333333333334,12
UTILITY,Bard,Leblanc,0.4166666666666667,12
JUNGLE,Pantheon,Sylas,0.5,22
JUNGLE,Sylas,Pantheon,0.5,22
MIDDLE,Ryze,Aphelios,0.0,1
MIDDLE,Aphelios,Ryze,1.0,1
TOP,Aurora,Irelia,0.4666666666666667,30
TOP,Irelia,Aurora,0.5333333333333333,30
JUNGLE,Hecarim,Talon,0.5365853658536586,41
JUNGLE,Talon,Hecarim,0.4634146341463415,41
BOTTOM,Cassiopeia,Mel,1.0,1
BOTTOM,Mel,Cassiopeia,0.0,1
TOP,Warwick,Gnar,0.5,6
TOP,Gnar,Warwick,0.5,6
MIDDLE,Sion,Aurora,0.375,8
MIDDLE,Aurora,Sion,0.625,8
TOP,Akali,Kayle,0.5,4
TOP,Kayle,Akali,0.5,4
TOP,Gragas,Sion,0.5714285714285714,21
TOP,Sion,Gragas,0.42857142857142855,21
JUNGLE,Fizz,XinZhao,0.4,5
JUNGLE,XinZhao,Fizz,0.6,5
TOP,Naafiri,Aurora,0.25,4
TOP,Aurora,Naafiri,0.75,4
MIDDLE,Sylas,Leblanc,0.4473684210526316,38
MIDDLE,Leblanc,Sylas,0.5526315789473685,38
TOP,Garen,Vayne,0.25,28
TOP,Vayne,Garen,0.75,28
TOP,Volibear,Gragas,0.0,1
TOP,Gragas,Volibear,1.0,1
UTILITY,Ekko,Leona,0.5,2
UTILITY,Leona,Ekko,0.5,2
TOP,Ornn,Shen,0.5652173913043478,23
TOP,Shen,Ornn,0.43478260869565216,23
MIDDLE,Orianna,Vex,1.0,5
MIDDLE,Vex,Orianna,0.0,5
JUNGLE,Rumble,Taric,1.0,1
JUNGLE,Taric,Rumble,0.0,1
MIDDLE,Akshan,Vayne,0.4,5
MIDDLE,Vayne,Akshan,0.6,5
TOP,Varus,Ziggs,1.0,2
TOP,Ziggs,Varus,0.0,2
BOTTOM,Ziggs,Nilah,0.6666666666666666,3
BOTTOM,Nilah,Ziggs,0.3333333333333333,3
MIDDLE,Corki,Cassiopeia,0.6666666666666666,3
MIDDLE,Cassiopeia,Corki,0.3333333333333333,3
UTILITY,Rumble,Milio,1.0,1
UTILITY,Milio,Rumble,0.0,1
JUNGLE,Sejuani,Rammus,1.0,1
JUNGLE,Rammus,Sejuani,0.0,1
JUNGLE,Elise,Zaahen,0.4,5
JUNGLE,Zaahen,Elise,0.6,5
MIDDLE,Akshan,Yone,0.7222222222222222,18
MIDDLE,Yone,Akshan,0.2777777777777778,18
TOP,Heimerdinger,Ryze,1.0,1
TOP,Ryze,Heimerdinger,0.0,1
MIDDLE,KogMaw,Ekko,0.0,5
MIDDLE,Ekko,KogMaw,1.0,5
UTILITY,Bard,Seraphine,0.6060606060606061,99
UTILITY,Seraphine,Bard,0.3939393939393939,99
MIDDLE,KogMaw,Zed,0.3333333333333333,3
MIDDLE,Zed,KogMaw,0.6666666666666666,3
JUNGLE,Jayce,Udyr,0.5714285714285714,7
JUNGLE,Udyr,Jayce,0.42857142857142855,7
TOP,Ambessa,Yasuo,0.38461538461538464,13
TOP,Yasuo,Ambessa,0.6153846153846154,13
MIDDLE,Anivia,KogMaw,0.25,4
MIDDLE,KogMaw,Anivia,0.75,4
TOP,Cassiopeia,Aurora,0.3333333333333333,15
TOP,Aurora,Cassiopeia,0.6666666666666666,15
JUNGLE,Chogath,Zaahen,0.4,5
JUNGLE,Zaahen,Chogath,0.6,5
BOTTOM,Vayne,KogMaw,0.75,4
BOTTOM,KogMaw,Vayne,0.25,4
MIDDLE,Tryndamere,Syndra,0.7142857142857143,7
MIDDLE,Syndra,Tryndamere,0.2857142857142857,7
TOP,Leblanc,Kassadin,1.0,1
TOP,Kassadin,Leblanc,0.0,1
TOP,Gnar,Shen,0.56,25
TOP,Shen,Gnar,0.44,25
JUNGLE,DrMundo,Belveth,0.3333333333333333,3
JUNGLE,Belveth,DrMundo,0.6666666666666666,3
MIDDLE,AurelionSol,Hwei,0.4,5
MIDDLE,Hwei,AurelionSol,0.6,5
UTILITY,Mel,Blitzcrank,0.5714285714285714,7
UTILITY,Blitzcrank,Mel,0.42857142857142855,7
JUNGLE,Vi,Aatrox,0.4,15
JUNGLE,Aatrox,Vi,0.6,15
TOP,Aurora,Pantheon,0.25,4
TOP,Pantheon,Aurora,0.75,4
JUNGLE,Amumu,Aatrox,0.0,3
JUNGLE,Aatrox,Amumu,1.0,3
MIDDLE,RekSai,Taliyah,0.0,1
MIDDLE,Taliyah,RekSai,1.0,1
JUNGLE,Rumble,Zaahen,0.3333333333333333,3
JUNGLE,Zaahen,Rumble,0.6666666666666666,3
TOP,Ambessa,Viego,1.0,1
TOP,Viego,Ambessa,0.0,1
MIDDLE,Vladimir,Zac,1.0,1
MIDDLE,Zac,Vladimir,0.0,1
TOP,FiddleSticks,Singed,0.3333333333333333,3
TOP,Singed,FiddleSticks,0.6666666666666666,3
JUNGLE,Hecarim,Zac,1.0,6
JUNGLE,Zac,Hecarim,0.0,6
JUNGLE,Trundle,Zaahen,0.5,2
JUNGLE,Zaahen,Trundle,0.5,2
TOP,Singed,Kassadin,0.4,5
TOP,Kassadin,Singed,0.6,5
JUNGLE,Elise,Evelynn,0.5,8
JUNGLE,Evelynn,Elise,0.5,8
MIDDLE,Tryndamere,Akshan,0.6666666666666666,6
MIDDLE,Akshan,Tryndamere,0.3333333333333333,6
TOP,Riven,Syndra,0.6666666666666666,3
TOP,Syndra,Riven,0.3333333333333333,3
MIDDLE,Lissandra,Hwei,0.625,8
MIDDLE,Hwei,Lissandra,0.375,8
TOP,Kayle,Sett,0.5,2
TOP,Sett,Kayle,0.5,2
JUNGLE,Warwick,Ekko,0.0,2
JUNGLE,Ekko,Warwick,1.0,2
TOP,TahmKench,Garen,0.25,4
TOP,Garen,TahmKench,0.75,4
JUNGLE,Ambessa,Graves,0.423728813559322,59
JUNGLE,Graves,Ambessa,0.576271186440678,59
MIDDLE,Tryndamere,Shen,1.0,1
MIDDLE,Shen,Tryndamere,0.0,1
TOP,Heimerdinger,Aurora,0.3333333333333333,3
TOP,Aurora,Heimerdinger,0.6666666666666666,3
BOTTOM,Vayne,Vladimir,0.0,3
BOTTOM,Vladimir,Vayne,1.0,3
TOP,Ornn,TwistedFate,0.5,4
TOP,TwistedFate,Ornn,0.5,4
UTILITY,Lux,Swain,0.5,2
UTILITY,Swain,Lux,0.5,2
TOP,Yone,Gragas,0.6666666666666666,6
TOP,Gragas,Yone,0.3333333333333333,6
JUNGLE,Warwick,Nocturne,0.0,1
JUNGLE,Nocturne,Warwick,1.0,1
TOP,Gnar,Kalista,0.5,2
TOP,Kalista,Gnar,0.5,2
UTILITY,Lux,Pantheon,0.375,8
UTILITY,Pantheon,Lux,0.625,8
MIDDLE,Aatrox,Akali,0.5,4
MIDDLE,Akali,Aatrox,0.5,4
BOTTOM,Ashe,Twitch,0.5416666666666666,24
BOTTOM,Twitch,Ashe,0.4583333333333333,24
JUNGLE,XinZhao,Gwen,0.0,1
JUNGLE,Gwen,XinZhao,1.0,1
MIDDLE,Yone,Jhin,0.5,2
MIDDLE,Jhin,Yone,0.5,2
TOP,TwistedFate,Renekton,0.5454545454545454,11
TOP,Renekton,TwistedFate,0.45454545454545453,11
UTILITY,Brand,Lulu,0.625,8
UTILITY,Lulu,Brand,0.375,8
JUNGLE,Rengar,Qiyana,0.6666666666666666,12
JUNGLE,Qiyana,Rengar,0.3333333333333333,12
JUNGLE,Khazix,MasterYi,0.4117647058823529,34
JUNGLE,MasterYi,Khazix,0.5882352941176471,34
TOP,Gangplank,DrMundo,0.625,8
TOP,DrMundo,Gangplank,0.375,8
BOTTOM,Ashe,KogMaw,0.4444444444444444,18
BOTTOM,KogMaw,Ashe,0.5555555555555556,18
TOP,KSante,Kled,0.2857142857142857,7
TOP,Kled,KSante,0.7142857142857143,7
UTILITY,Karma,Zoe,0.47058823529411764,17
UTILITY,Zoe,Karma,0.5294117647058824,17
MIDDLE,Lissandra,Ahri,0.5166666666666667,60
MIDDLE,Ahri,Lissandra,0.48333333333333334,60
TOP,Varus,Camille,0.6428571428571429,14
TOP,Camille,Varus,0.35714285714285715,14
JUNGLE,LeeSin,Poppy,0.2857142857142857,14
JUNGLE,Poppy,LeeSin,0.7142857142857143,14
UTILITY,Sylas,Bard,0.5454545454545454,11
UTILITY,Bard,Sylas,0.45454545454545453,11
BOTTOM,KogMaw,Yasuo,0.5,4
BOTTOM,Yasuo,KogMaw,0.5,4
JUNGLE,Morgana,Vi,0.5714285714285714,7
JUNGLE,Vi,Morgana,0.42857142857142855,7
BOTTOM,Yunara,KSante,1.0,1
BOTTOM,KSante,Yunara,0.0,1
JUNGLE,Rumble,JarvanIV,0.6,5
JUNGLE,JarvanIV,Rumble,0.4,5
UTILITY,Alistar,Senna,0.5238095238095238,42
UTILITY,Senna,Alistar,0.47619047619047616,42
BOTTOM,Zeri,KogMaw,0.5,18
BOTTOM,KogMaw,Zeri,0.5,18
MIDDLE,Cassiopeia,XinZhao,0.16666666666666666,6
MIDDLE,XinZhao,Cassiopeia,0.8333333333333334,6
TOP,Shen,Singed,0.5263157894736842,19
TOP,Singed,Shen,0.47368421052631576,19
UTILITY,Trundle,Lulu,0.5,4
UTILITY,Lulu,Trundle,0.5,4
BOTTOM,Varus,Vladimir,0.7777777777777778,9
BOTTOM,Vladimir,Varus,0.2222222222222222,9
MIDDLE,Kassadin,Shen,0.0,1
MIDDLE,Shen,Kassadin,1.0,1
MIDDLE,Yone,KogMaw,0.6,5
MIDDLE,KogMaw,Yone,0.4,5
JUNGLE,MonkeyKing,Rumble,0.5,2
JUNGLE,Rumble,MonkeyKing,0.5,2
TOP,Vladimir,Tryndamere,1.0,2
TOP,Tryndamere,Vladimir,0.0,2
TOP,Singed,Sion,0.5625,32
TOP,Sion,Singed,0.4375,32
BOTTOM,Syndra,Zeri,0.4,5
BOTTOM,Zeri,Syndra,0.6,5
TOP,LeeSin,Jayce,0.3333333333333333,3
TOP,Jayce,LeeSin,0.6666666666666666,3
UTILITY,Belveth,Yuumi,0.0,1
UTILITY,Yuumi,Belveth,1.0,1
MIDDLE,Xerath,Akali,0.4,10
MIDDLE,Akali,Xerath,0.6,10
BOTTOM,Qiyana,Swain,0.5,2
BOTTOM,Swain,Qiyana,0.5,2
BOTTOM,Seraphine,Senna,0.6216216216216216,37
BOTTOM,Senna,Seraphine,0.3783783783783784,37
MIDDLE,Diana,Azir,0.3333333333333333,3
MIDDLE,Azir,Diana,0.6666666666666666,3
MIDDLE,Azir,Zac,0.0,1
MIDDLE,Zac,Azir,1.0,1
BOTTOM,Xayah,Vayne,0.6,5
BOTTOM,Vayne,Xayah,0.4,5
JUNGLE,Vi,Graves,0.6153846153846154,39
JUNGLE,Graves,Vi,0.38461538461538464,39
BOTTOM,Katarina,Jhin,0.5555555555555556,9
BOTTOM,Jhin,Katarina,0.4444444444444444,9
JUNGLE,JarvanIV,Sejuani,0.5714285714285714,7
JUNGLE,Sejuani,JarvanIV,0.42857142857142855,7
MIDDLE,Ekko,Tryndamere,0.3333333333333333,6
MIDDLE,Tryndamere,Ekko,0.6666666666666666,6
UTILITY,Lulu,Sylas,0.16666666666666666,6
UTILITY,Sylas,Lulu,0.8333333333333334,6
JUNGLE,Udyr,Hecarim,0.47058823529411764,17
JUNGLE,Hecarim,Udyr,0.5294117647058824,17
UTILITY,Janna,Sylas,0.6,10
UTILITY,Sylas,Janna,0.4,10
MIDDLE,Ambessa,Tryndamere,0.0,1
MIDDLE,Tryndamere,Ambessa,1.0,1
JUNGLE,Zyra,Zac,0.0,3
JUNGLE,Zac,Zyra,1.0,3
MIDDLE,Tryndamere,Zed,0.6363636363636364,11
MIDDLE,Zed,Tryndamere,0.36363636363636365,11
JUNGLE,Diana,Kayn,0.7272727272727273,11
JUNGLE,Kayn,Diana,0.2727272727272727,11
MIDDLE,Tryndamere,Xerath,0.5,2
MIDDLE,Xerath,Tryndamere,0.5,2
BOTTOM,Yunara,Katarina,0.38461538461538464,13
BOTTOM,Katarina,Yunara,0.6153846153846154,13
UTILITY,Camille,Rakan,0.4166666666666667,12
UTILITY,Rakan,Camille,0.5833333333333334,12
BOTTOM,Yunara,Taliyah,1.0,1
BOTTOM,Taliyah,Yunara,0.0,1
JUNGLE,Teemo,Khazix,0.75,4
JUNGLE,Khazix,Teemo,0.25,4
MIDDLE,Yone,Zilean,0.6,5
MIDDLE,Zilean,Yone,0.4,5
JUNGLE,Camille,LeeSin,0.0,2
JUNGLE,LeeSin,Camille,1.0,2
UTILITY,Lux,Renata,1.0,3
UTILITY,Renata,Lux,0.0,3
JUNGLE,Graves,Aatrox,0.5116279069767442,43
JUNGLE,Aatrox,Graves,0.4883720930232558,43
JUNGLE,Nocturne,Darius,0.6666666666666666,6
JUNGLE,Darius,Nocturne,0.3333333333333333,6
UTILITY,Thresh,Hwei,1.0,1
UTILITY,Hwei,Thresh,0.0,1
JUNGLE,Darius,Graves,0.4166666666666667,12
JUNGLE,Graves,Darius,0.5833333333333334,12
JUNGLE,Zac,Fizz,0.5,2
JUNGLE,Fizz,Zac,0.5,2
MIDDLE,Vladimir,Tryndamere,1.0,4
MIDDLE,Tryndamere,Vladimir,0.0,4
TOP,Volibear,Ornn,0.3333333333333333,3
TOP,Ornn,Volibear,0.6666666666666666,3
BOTTOM,Samira,Senna,0.42857142857142855,35
BOTTOM,Senna,Samira,0.5714285714285714,35
TOP,Rumble,Akali,0.2857142857142857,7
TOP,Akali,Rumble,0.7142857142857143,7
MIDDLE,Tryndamere,Corki,1.0,1
MIDDLE,Corki,Tryndamere,0.0,1
TOP,Gwen,Zaahen,0.5,6
TOP,Zaahen,Gwen,0.5,6
TOP,Pantheon,Vladimir,0.5,4
TOP,Vladimir,Pantheon,0.5,4
UTILITY,Neeko,TahmKench,0.4,5
UTILITY,TahmKench,Neeko,0.6,5
JUNGLE,Rengar,Gwen,0.5,4
JUNGLE,Gwen,Rengar,0.5,4
UTILITY,Ivern,Milio,0.5,2
UTILITY,Milio,Ivern,0.5,2
MIDDLE,Velkoz,Aurora,0.6,5
MIDDLE,Aurora,Velkoz,0.4,5
TOP,XinZhao,Yone,0.7142857142857143,7
TOP,Yone,XinZhao,0.2857142857142857,7
BOTTOM,Yunara,Senna,0.5128205128205128,78
BOTTOM,Senna,Yunara,0.48717948717948717,78
UTILITY,KSante,Nautilus,0.6,5
UTILITY,Nautilus,KSante,0.4,5
JUNGLE,Zaahen,Graves,0.631578947368421,19
JUNGLE,Graves,Zaahen,0.3684210526315789,19
TOP,Ambessa,Zed,1.0,2
TOP,Zed,Ambessa,0.0,2
JUNGLE,Briar,Zyra,0.3333333333333333,6
JUNGLE,Zyra,Briar,0.6666666666666666,6
MIDDLE,TwistedFate,Tryndamere,0.3333333333333333,6
MIDDLE,Tryndamere,TwistedFate,0.6666666666666666,6
TOP,Riven,Varus,0.5833333333333334,12
TOP,Varus,Riven,0.4166666666666667,12
UTILITY,Yuumi,Renata,0.0,2
UTILITY,Renata,Yuumi,1.0,2
JUNGLE,Sylas,Zac,0.6,5
JUNGLE,Zac,Sylas,0.4,5
MIDDLE,KogMaw,Tristana,1.0,2
MIDDLE,Tristana,KogMaw,0.0,2
TOP,Qiyana,Rumble,1.0,1
TOP,Rumble,Qiyana,0.0,1
JUNGLE,Darius,Rengar,1.0,2
JUNGLE,Rengar,Darius,0.0,2
MIDDLE,TwistedFate,Sylas,0.6818181818181818,22
MIDDLE,Sylas,TwistedFate,0.3181818181818182,22
JUNGLE,Rengar,MasterYi,0.35294117647058826,17
JUNGLE,MasterYi,Rengar,0.6470588235294118,17
JUNGLE,Graves,Viego,0.4266666666666667,75
JUNGLE,Viego,Graves,0.5733333333333334,75
TOP,Chogath,Ezreal,0.5,2
TOP,Ezreal,Chogath,0.5,2
BOTTOM,Tristana,Karthus,0.5,10
BOTTOM,Karthus,Tristana,0.5,10
JUNGLE,Camille,Taliyah,0.0,1
JUNGLE,Taliyah,Camille,1.0,1
MIDDLE,Ahri,KSante,0.5,6
MIDDLE,KSante,Ahri,0.5,6
BOTTOM,Cassiopeia,Yunara,0.4,10
BOTTOM,Yunara,Cassiopeia,0.6,10
JUNGLE,Kayn,Camille,0.0,1
JUNGLE,Camille,Kayn,1.0,1
MIDDLE,Yasuo,KogMaw,0.0,1
MIDDLE,KogMaw,Yasuo,1.0,1
MIDDLE,Zoe,KSante,0.6666666666666666,3
MIDDLE,KSante,Zoe,0.3333333333333333,3
UTILITY,Karthus,Elise,0.0,2
UTILITY,Elise,Karthus,1.0,2
MIDDLE,Taliyah,Kassadin,0.7692307692307693,13
MIDDLE,Kassadin,Taliyah,0.23076923076923078,13
JUNGLE,Evelynn,Khazix,0.5,6
JUNGLE,Khazix,Evelynn,0.5,6
TOP,Ambessa,Naafiri,0.3333333333333333,3
TOP,Naafiri,Ambessa,0.6666666666666666,3
JUNGLE,Vi,Shaco,0.8888888888888888,9
JUNGLE,Shaco,Vi,0.1111111111111111,9
TOP,Kennen,Ornn,0.4444444444444444,9
TOP,Ornn,Kennen,0.5555555555555556,9
UTILITY,Nautilus,Taliyah,1.0,5
UTILITY,Taliyah,Nautilus,0.0,5
JUNGLE,Lillia,Qiyana,0.5714285714285714,7
JUNGLE,Qiyana,Lillia,0.42857142857142855,7
TOP,Renekton,Taliyah,0.0,2
TOP,Taliyah,Renekton,1.0,2
MIDDLE,Karma,Yasuo,0.3333333333333333,3
MIDDLE,Yasuo,Karma,0.6666666666666666,3
MIDDLE,Fizz,Viktor,0.1875,16
MIDDLE,Viktor,Fizz,0.8125,16
JUNGLE,Zaahen,Hecarim,0.6,10
JUNGLE,Hecarim,Zaahen,0.4,10
MIDDLE,Ekko,Zoe,0.6,15
MIDDLE,Zoe,Ekko,0.4,15
MIDDLE,Singed,Diana,0.0,3
MIDDLE,Diana,Singed,1.0,3
JUNGLE,RekSai,Khazix,0.7368421052631579,19
JUNGLE,Khazix,RekSai,0.2631578947368421,19
TOP,Orianna,Sion,0.5,2
TOP,Sion,Orianna,0.5,2
MIDDLE,Orianna,Kennen,0.25,4
MIDDLE,Kennen,Orianna,0.75,4
TOP,Irelia,Shen,0.3333333333333333,9
TOP,Shen,Irelia,0.6666666666666666,9
BOTTOM,Senna,Caitlyn,0.5340909090909091,88
BOTTOM,Caitlyn,Senna,0.4659090909090909,88
UTILITY,Blitzcrank,Galio,0.6666666666666666,6
UTILITY,Galio,Blitzcrank,0.3333333333333333,6
BOTTOM,Xayah,Varus,0.5714285714285714,7
BOTTOM,Varus,Xayah,0.42857142857142855,7
TOP,Vayne,Singed,0.4117647058823529,34
TOP,Singed,Vayne,0.5882352941176471,34
UTILITY,Syndra,Nautilus,1.0,2
UTILITY,Nautilus,Syndra,0.0,2
MIDDLE,Tryndamere,Ryze,0.5555555555555556,9
MIDDLE,Ryze,Tryndamere,0.4444444444444444,9
TOP,FiddleSticks,Malphite,0.5,2
TOP,Malphite,FiddleSticks,0.5,2
JUNGLE,Vi,Darius,0.16666666666666666,6
JUNGLE,Darius,Vi,0.8333333333333334,6
JUNGLE,Ambessa,Lillia,0.3157894736842105,19
JUNGLE,Lillia,Ambessa,0.6842105263157895,19
MIDDLE,Diana,Syndra,0.5,10
MIDDLE,Syndra,Diana,0.5,10
TOP,Gragas,Kayle,0.3333333333333333,3
TOP,Kayle,Gragas,0.6666666666666666,3
TOP,Udyr,Gragas,0.3333333333333333,3
TOP,Gragas,Udyr,0.6666666666666666,3
MIDDLE,Velkoz,Xerath,0.0,1
MIDDLE,Xerath,Velkoz,1.0,1
BOTTOM,Ezreal,Aatrox,1.0,1
BOTTOM,Aatrox,Ezreal,0.0,1
TOP,Kled,Kaisa,1.0,1
TOP,Kaisa,Kled,0.0,1
JUNGLE,Jax,Nocturne,0.2,5
JUNGLE,Nocturne,Jax,0.8,5
TOP,Ornn,Garen,0.4166666666666667,24
TOP,Garen,Ornn,0.5833333333333334,24
JUNGLE,Fizz,Briar,0.0,2
JUNGLE,Briar,Fizz,1.0,2
TOP,Lucian,Singed,0.0,1
TOP,Singed,Lucian,1.0,1
MIDDLE,Diana,Yone,0.375,8
MIDDLE,Yone,Diana,0.625,8
TOP,Smolder,Shen,0.5,2
TOP,Shen,Smolder,0.5,2
TOP,Volibear,Aatrox,0.7142857142857143,7
TOP,Aatrox,Volibear,0.2857142857142857,7
UTILITY,Blitzcrank,Elise,0.2857142857142857,7
UTILITY,Elise,Blitzcrank,0.7142857142857143,7
MIDDLE,Vladimir,Viego,0.5,2
MIDDLE,Viego,Vladimir,0.5,2
MIDDLE,Senna,Ryze,0.0,1
MIDDLE,Ryze,Senna,1.0,1
JUNGLE,Fizz,Graves,0.6,10
JUNGLE,Graves,Fizz,0.4,10
MIDDLE,Aurora,Galio,0.3684210526315789,19
MIDDLE,Galio,Aurora,0.631578947368421,19
UTILITY,Leblanc,Karma,0.6153846153846154,13
UTILITY,Karma,Leblanc,0.38461538461538464,13
JUNGLE,FiddleSticks,Sylas,0.36363636363636365,11
JUNGLE,Sylas,FiddleSticks,0.6363636363636364,11
MIDDLE,Mel,Katarina,0.5,4
MIDDLE,Katarina,Mel,0.5,4
TOP,Nasus,Darius,0.4,5
TOP,Darius,Nasus,0.6,5
BOTTOM,Hwei,Kalista,0.3333333333333333,6
BOTTOM,Kalista,Hwei,0.6666666666666666,6
TOP,Jax,Illaoi,0.0,1
TOP,Illaoi,Jax,1.0,1
UTILITY,Rakan,Lulu,0.4915254237288136,59
UTILITY,Lulu,Rakan,0.5084745762711864,59
TOP,Kayle,Warwick,0.5,2
TOP,Warwick,Kayle,0.5,2
JUNGLE,Kindred,Qiyana,0.5454545454545454,11
JUNGLE,Qiyana,Kindred,0.45454545454545453,11
TOP,Kennen,Vladimir,0.5714285714285714,7
TOP,Vladimir,Kennen,0.42857142857142855,7
MIDDLE,Riven,Ryze,0.6086956521739131,23
MIDDLE,Ryze,Riven,0.391304347826087,23
TOP,Jayce,Sylas,0.125,16
TOP,Sylas,Jayce,0.875,16
UTILITY,Ivern,RekSai,1.0,1
UTILITY,RekSai,Ivern,0.0,1
BOTTOM,Katarina,Singed,0.0,1
BOTTOM,Singed,Katarina,1.0,1
UTILITY,Janna,RekSai,0.0,1
UTILITY,RekSai,Janna,1.0,1
UTILITY,RekSai,Braum,0.0,1
UTILITY,Braum,RekSai,1.0,1
JUNGLE,Nunu,Darius,0.0,2
JUNGLE,Darius,Nunu,1.0,2
MIDDLE,Riven,Hwei,0.46153846153846156,13
MIDDLE,Hwei,Riven,0.5384615384615384,13
JUNGLE,Sion,Sejuani,1.0,1
JUNGLE,Sejuani,Sion,0.0,1
MIDDLE,Aatrox,Katarina,0.5,2
MIDDLE,Katarina,Aatrox,0.5,2
TOP,Varus,Singed,0.5555555555555556,18
TOP,Singed,Varus,0.4444444444444444,18
JUNGLE,Nidalee,Vi,0.6190476190476191,21
JUNGLE,Vi,Nidalee,0.38095238095238093,21
TOP,Akali,Nidalee,1.0,1
TOP,Nidalee,Akali,0.0,1
BOTTOM,Hwei,Corki,0.5714285714285714,7
BOTTOM,Corki,Hwei,0.42857142857142855,7
MIDDLE,Akshan,Rakan,1.0,1
MIDDLE,Rakan,Akshan,0.0,1
TOP,Jayce,Ornn,0.4594594594594595,37
TOP,Ornn,Jayce,0.5405405405405406,37
BOTTOM,Varus,Katarina,0.25,4
BOTTOM,Katarina,Varus,0.75,4
TOP,Pantheon,Poppy,1.0,1
TOP,Poppy,Pantheon,0.0,1
TOP,Aurora,Yorick,0.4444444444444444,9
TOP,Yorick,Aurora,0.5555555555555556,9
JUNGLE,Rammus,XinZhao,1.0,1
JUNGLE,XinZhao,Rammus,0.0,1
MIDDLE,Veigar,Syndra,0.5,10
MIDDLE,Syndra,Veigar,0.5,10
TOP,Sett,Singed,0.5,6
TOP,Singed,Sett,0.5,6
JUNGLE,Diana,Jax,0.6,5
JUNGLE,Jax,Diana,0.4,5
MIDDLE,Singed,Sylas,0.6,10
MIDDLE,Sylas,Singed,0.4,10
UTILITY,Morgana,Karma,0.4166666666666667,12
UTILITY,Karma,Morgana,0.5833333333333334,12
MIDDLE,Orianna,Malzahar,0.8181818181818182,11
MIDDLE,Malzahar,Orianna,0.18181818181818182,11
TOP,Yone,Zilean,0.8,5
TOP,Zilean,Yone,0.2,5
BOTTOM,Ziggs,Seraphine,0.8,5
BOTTOM,Seraphine,Ziggs,0.2,5
MIDDLE,Yasuo,Viego,0.6666666666666666,3
MIDDLE,Viego,Yasuo,0.3333333333333333,3
TOP,Fizz,Vayne,0.5,2
TOP,Vayne,Fizz,0.5,2
UTILITY,Karma,Ivern,1.0,2
UTILITY,Ivern,Karma,0.0,2
JUNGLE,Sylas,Darius,0.4444444444444444,9
JUNGLE,Darius,Sylas,0.5555555555555556,9
TOP,Kled,Heimerdinger,0.5,2
TOP,Heimerdinger,Kled,0.5,2
MIDDLE,Aurora,Brand,0.625,8
MIDDLE,Brand,Aurora,0.375,8
TOP,Anivia,Yasuo,0.5714285714285714,7
TOP,Yasuo,Anivia,0.42857142857142855,7
JUNGLE,Darius,Aatrox,0.5,4
JUNGLE,Aatrox,Darius,0.5,4
BOTTOM,Tristana,Ashe,0.5686274509803921,51
BOTTOM,Ashe,Tristana,0.43137254901960786,51
MIDDLE,Yasuo,Corki,0.875,8
MIDDLE,Corki,Yasuo,0.125,8
TOP,Yorick,Pantheon,1.0,1
TOP,Pantheon,Yorick,0.0,1
JUNGLE,Aatrox,Brand,0.4,5
JUNGLE,Brand,Aatrox,0.6,5
JUNGLE,Darius,RekSai,0.6666666666666666,6
JUNGLE,RekSai,Darius,0.3333333333333333,6
TOP,Zaahen,FiddleSticks,1.0,2
TOP,FiddleSticks,Zaahen,0.0,2
TOP,Qiyana,Renekton,0.75,4
TOP,Renekton,Qiyana,0.25,4
JUNGLE,Diana,Graves,0.4864864864864865,37
JUNGLE,Graves,Diana,0.5135135135135135,37
TOP,Swain,Singed,0.25,4
TOP,Singed,Swain,0.75,4
MIDDLE,Tryndamere,Leblanc,0.6666666666666666,3
MIDDLE,Leblanc,Tryndamere,0.3333333333333333,3
MIDDLE,Syndra,Graves,1.0,1
MIDDLE,Graves,Syndra,0.0,1
TOP,Jax,TwistedFate,0.6666666666666666,3
TOP,TwistedFate,Jax,0.3333333333333333,3
MIDDLE,Graves,Zoe,1.0,1
MIDDLE,Zoe,Graves,0.0,1
UTILITY,Shaco,Zilean,0.5,4
UTILITY,Zilean,Shaco,0.5,4
BOTTOM,Senna,Aphelios,0.5161290322580645,31
BOTTOM,Aphelios,Senna,0.4838709677419355,31
MIDDLE,Graves,Orianna,0.5,2
MIDDLE,Orianna,Graves,0.5,2
TOP,Yasuo,Darius,0.4,5
TOP,Darius,Yasuo,0.6,5
BOTTOM,Hwei,Kaisa,0.5555555555555556,9
BOTTOM,Kaisa,Hwei,0.4444444444444444,9
JUNGLE,Evelynn,Zaahen,0.6666666666666666,3
JUNGLE,Zaahen,Evelynn,0.3333333333333333,3
MIDDLE,Graves,Taliyah,1.0,1
MIDDLE,Taliyah,Graves,0.0,1
TOP,Yasuo,Gwen,0.5,2
TOP,Gwen,Yasuo,0.5,2
BOTTOM,Kaisa,KogMaw,0.46153846153846156,13
BOTTOM,KogMaw,Kaisa,0.5384615384615384,13
TOP,Kalista,Shen,0.6666666666666666,3
TOP,Shen,Kalista,0.3333333333333333,3
MIDDLE,Lissandra,Akali,0.3333333333333333,15
MIDDLE,Akali,Lissandra,0.6666666666666666,15
TOP,Sejuani,Yone,0.5,2
TOP,Yone,Sejuani,0.5,2
BOTTOM,Karthus,Vayne,0.7142857142857143,7
BOTTOM,Vayne,Karthus,0.2857142857142857,7
JUNGLE,FiddleSticks,XinZhao,0.5,6
JUNGLE,XinZhao,FiddleSticks,0.5,6
MIDDLE,Graves,KogMaw,1.0,1
MIDDLE,KogMaw,Graves,0.0,1
JUNGLE,Trundle,Mordekaiser,0.0,1
JUNGLE,Mordekaiser,Trundle,1.0,1
MIDDLE,Nunu,Graves,0.0,2
MIDDLE,Graves,Nunu,1.0,2
MIDDLE,Leblanc,Graves,0.0,1
MIDDLE,Graves,Leblanc,1.0,1
BOTTOM,Corki,Cassiopeia,0.0,2
BOTTOM,Cassiopeia,Corki,1.0,2
MIDDLE,Diana,Hwei,0.0,4
MIDDLE,Hwei,Diana,1.0,4
BOTTOM,Draven,Yasuo,0.5882352941176471,17
BOTTOM,Yasuo,Draven,0.4117647058823529,17
MIDDLE,Graves,Kassadin,0.0,1
MIDDLE,Kassadin,Graves,1.0,1
UTILITY,Velkoz,Zilean,0.3333333333333333,9
UTILITY,Zilean,Velkoz,0.6666666666666666,9
BOTTOM,Singed,Kaisa,1.0,3
BOTTOM,Kaisa,Singed,0.0,3
BOTTOM,Seraphine,Yunara,0.5882352941176471,17
BOTTOM,Yunara,Seraphine,0.4117647058823529,17
MIDDLE,Jax,Tryndamere,0.0,1
MIDDLE,Tryndamere,Jax,1.0,1
TOP,Syndra,Chogath,0.0,1
TOP,Chogath,Syndra,1.0,1
JUNGLE,Karthus,JarvanIV,0.5,28
JUNGLE,JarvanIV,Karthus,0.5,28
UTILITY,Shaco,TahmKench,0.5,2
UTILITY,TahmKench,Shaco,0.5,2
MIDDLE,Ryze,TwistedFate,0.4473684210526316,38
MIDDLE,TwistedFate,Ryze,0.5526315789473685,38
TOP,Gragas,Fiora,0.36363636363636365,11
TOP,Fiora,Gragas,0.6363636363636364,11
JUNGLE,Ivern,Darius,0.0,2
JUNGLE,Darius,Ivern,1.0,2
UTILITY,Alistar,Shaco,0.625,8
UTILITY,Shaco,Alistar,0.375,8
MIDDLE,Kayle,Ekko,0.8333333333333334,6
MIDDLE,Ekko,Kayle,0.16666666666666666,6
TOP,Urgot,Shen,0.5,6
TOP,Shen,Urgot,0.5,6
BOTTOM,Sivir,Xayah,0.4,5
BOTTOM,Xayah,Sivir,0.6,5
JUNGLE,Brand,Zaahen,0.0,2
JUNGLE,Zaahen,Brand,1.0,2
TOP,Gragas,Karma,1.0,2
TOP,Karma,Gragas,0.0,2
TOP,Volibear,Mordekaiser,0.3333333333333333,3
TOP,Mordekaiser,Volibear,0.6666666666666666,3
UTILITY,Nami,Nidalee,0.2222222222222222,9
UTILITY,Nidalee,Nami,0.7777777777777778,9
MIDDLE,Akshan,Annie,0.4444444444444444,18
MIDDLE,Annie,Akshan,0.5555555555555556,18
JUNGLE,Taliyah,Darius,1.0,2
JUNGLE,Darius,Taliyah,0.0,2
MIDDLE,Azir,Ornn,1.0,1
MIDDLE,Ornn,Azir,0.0,1
JUNGLE,XinZhao,Zyra,0.5555555555555556,9
JUNGLE,Zyra,XinZhao,0.4444444444444444,9
JUNGLE,Graves,Gragas,0.6666666666666666,3
JUNGLE,Gragas,Graves,0.3333333333333333,3
JUNGLE,Trundle,DrMundo,0.5,2
JUNGLE,DrMundo,Trundle,0.5,2
TOP,Zaahen,Cassiopeia,0.42857142857142855,7
TOP,Cassiopeia,Zaahen,0.5714285714285714,7
UTILITY,Jax,Neeko,1.0,1
UTILITY,Neeko,Jax,0.0,1
JUNGLE,Sion,Qiyana,1.0,2
JUNGLE,Qiyana,Sion,0.0,2
MIDDLE,Anivia,Vladimir,0.375,16
MIDDLE,Vladimir,Anivia,0.625,16
TOP,Ambessa,Pantheon,0.4166666666666667,12
TOP,Pantheon,Ambessa,0.5833333333333334,12
JUNGLE,Diana,Maokai,0.0,1
JUNGLE,Maokai,Diana,1.0,1
TOP,Jax,Yone,0.5238095238095238,21
TOP,Yone,Jax,0.47619047619047616,21
BOTTOM,Mel,Ashe,0.5277777777777778,36
BOTTOM,Ashe,Mel,0.4722222222222222,36
UTILITY,KSante,Seraphine,0.5,2
UTILITY,Seraphine,KSante,0.5,2
MIDDLE,TwistedFate,Ambessa,1.0,1
MIDDLE,Ambessa,TwistedFate,0.0,1
JUNGLE,Zaahen,Aatrox,0.5882352941176471,17
JUNGLE,Aatrox,Zaahen,0.4117647058823529,17
TOP,Jayce,Lucian,1.0,4
TOP,Lucian,Jayce,0.0,4
MIDDLE,Ziggs,Aurora,0.3333333333333333,3
MIDDLE,Aurora,Ziggs,0.6666666666666666,3
TOP,Ambessa,Graves,0.6666666666666666,3
TOP,Graves,Ambessa,0.3333333333333333,3
UTILITY,Blitzcrank,Renata,0.5,4
UTILITY,Renata,Blitzcrank,0.5,4
UTILITY,Braum,Yuumi,0.5,4
UTILITY,Yuumi,Braum,0.5,4
MIDDLE,Anivia,Singed,0.0,4
MIDDLE,Singed,Anivia,1.0,4
TOP,Jayce,TwistedFate,0.14285714285714285,14
TOP,TwistedFate,Jayce,0.8571428571428571,14
JUNGLE,Aatrox,RekSai,0.5454545454545454,22
JUNGLE,RekSai,Aatrox,0.45454545454545453,22
TOP,Graves,Jax,1.0,1
TOP,Jax,Graves,0.0,1
JUNGLE,Zed,Zaahen,1.0,3
JUNGLE,Zaahen,Zed,0.0,3
MIDDLE,KogMaw,Lux,0.6666666666666666,3
MIDDLE,Lux,KogMaw,0.3333333333333333,3
TOP,Pantheon,Urgot,0.75,4
TOP,Urgot,Pantheon,0.25,4
TOP,Singed,RekSai,1.0,2
TOP,RekSai,Singed,0.0,2
TOP,Urgot,Aatrox,0.5,12
TOP,Aatrox,Urgot,0.5,12
JUNGLE,JarvanIV,Darius,0.5,8
JUNGLE,Darius,JarvanIV,0.5,8
MIDDLE,Nunu,Tryndamere,0.0,1
MIDDLE,Tryndamere,Nunu,1.0,1
BOTTOM,Xayah,MissFortune,0.5,4
BOTTOM,MissFortune,Xayah,0.5,4
TOP,Singed,Karma,0.5,4
TOP,Karma,Singed,0.5,4
JUNGLE,Gwen,Karthus,0.2,5
JUNGLE,Karthus,Gwen,0.8,5
TOP,Malphite,Garen,0.5,16
TOP,Garen,Malphite,0.5,16
BOTTOM,Ekko,Tristana,0.5,2
BOTTOM,Tristana,Ekko,0.5,2
JUNGLE,Shen,Karthus,1.0,1
JUNGLE,Karthus,Shen,0.0,1
JUNGLE,Viego,FiddleSticks,0.6666666666666666,12
JUNGLE,FiddleSticks,Viego,0.3333333333333333,12
MIDDLE,Anivia,Zed,0.6666666666666666,18
MIDDLE,Zed,Anivia,0.3333333333333333,18
TOP,Volibear,Udyr,1.0,1
TOP,Udyr,Volibear,0.0,1
BOTTOM,Yunara,Hwei,0.3333333333333333,6
BOTTOM,Hwei,Yunara,0.6666666666666666,6
MIDDLE,Azir,Fizz,0.4,5
MIDDLE,Fizz,Azir,0.6,5
TOP,KSante,Gangplank,0.45454545454545453,11
TOP,Gangplank,KSante,0.5454545454545454,11
BOTTOM,Sivir,Ashe,0.3225806451612903,31
BOTTOM,Ashe,Sivir,0.6774193548387096,31
JUNGLE,Talon,Darius,0.3333333333333333,3
JUNGLE,Darius,Talon,0.6666666666666666,3
MIDDLE,Chogath,Aurora,0.3333333333333333,6
MIDDLE,Aurora,Chogath,0.6666666666666666,6
TOP,Ivern,Irelia,0.0,1
TOP,Irelia,Ivern,1.0,1
MIDDLE,AurelionSol,Tryndamere,0.3333333333333333,3
MIDDLE,Tryndamere,AurelionSol,0.6666666666666666,3
TOP,Olaf,Quinn,0.2,5
TOP,Quinn,Olaf,0.8,5
UTILITY,Maokai,Braum,0.8571428571428571,7
UTILITY,Braum,Maokai,0.14285714285714285,7
JUNGLE,Olaf,JarvanIV,0.6,5
JUNGLE,JarvanIV,Olaf,0.4,5
MIDDLE,Malzahar,Yasuo,0.35714285714285715,14
MIDDLE,Yasuo,Malzahar,0.6428571428571429,14
TOP,Sylas,Zilean,0.5,2
TOP,Zilean,Sylas,0.5,2
JUNGLE,Pantheon,Darius,0.5,2
JUNGLE,Darius,Pantheon,0.5,2
BOTTOM,Zeri,Vladimir,0.2857142857142857,7
BOTTOM,Vladimir,Zeri,0.7142857142857143,7
MIDDLE,Orianna,MasterYi,0.0,1
MIDDLE,MasterYi,Orianna,1.0,1
TOP,DrMundo,Fiora,0.16666666666666666,6
TOP,Fiora,DrMundo,0.8333333333333334,6
MIDDLE,Annie,Leblanc,0.45454545454545453,22
MIDDLE,Leblanc,Annie,0.5454545454545454,22
BOTTOM,Smolder,Vladimir,0.5,18
BOTTOM,Vladimir,Smolder,0.5,18
MIDDLE,Akali,Tryndamere,0.5,6
MIDDLE,Tryndamere,Akali,0.5,6
JUNGLE,Zaahen,Darius,0.6666666666666666,3
JUNGLE,Darius,Zaahen,0.3333333333333333,3
MIDDLE,Gwen,Tryndamere,0.0,1
MIDDLE,Tryndamere,Gwen,1.0,1
MIDDLE,Syndra,Vex,0.42857142857142855,7
MIDDLE,Vex,Syndra,0.5714285714285714,7
TOP,Camille,Warwick,0.6,5
TOP,Warwick,Camille,0.4,5
MIDDLE,Annie,Orianna,0.6451612903225806,31
MIDDLE,Orianna,Annie,0.3548387096774194,31
TOP,Kalista,Yorick,1.0,1
TOP,Yorick,Kalista,0.0,1
JUNGLE,DrMundo,Nunu,0.36363636363636365,11
JUNGLE,Nunu,DrMundo,0.6363636363636364,11
TOP,Aurora,Akali,0.4375,16
TOP,Akali,Aurora,0.5625,16
JUNGLE,Maokai,Shaco,0.5,2
JUNGLE,Shaco,Maokai,0.5,2
UTILITY,Lissandra,Nautilus,0.75,4
UTILITY,Nautilus,Lissandra,0.25,4
JUNGLE,Viego,Sylas,0.6129032258064516,31
JUNGLE,Sylas,Viego,0.3870967741935484,31
MIDDLE,Yasuo,Veigar,0.25,4
MIDDLE,Veigar,Yasuo,0.75,4
TOP,Mordekaiser,Darius,0.4,5
TOP,Darius,Mordekaiser,0.6,5
TOP,Sion,Teemo,0.5555555555555556,18
TOP,Teemo,Sion,0.4444444444444444,18
MIDDLE,Corki,Galio,0.6666666666666666,3
MIDDLE,Galio,Corki,0.3333333333333333,3
TOP,Kayle,Ambessa,0.5,8
TOP,Ambessa,Kayle,0.5,8
TOP,Ambessa,Zilean,0.0,2
TOP,Zilean,Ambessa,1.0,2
BOTTOM,Velkoz,Senna,0.5909090909090909,22
BOTTOM,Senna,Velkoz,0.4090909090909091,22
MIDDLE,Aurora,Vex,0.2857142857142857,7
MIDDLE,Vex,Aurora,0.7142857142857143,7
MIDDLE,Singed,Akshan,1.0,4
MIDDLE,Akshan,Singed,0.0,4
TOP,Cassiopeia,Fiora,0.42857142857142855,14
TOP,Fiora,Cassiopeia,0.5714285714285714,14
UTILITY,Pantheon,Amumu,0.6666666666666666,3
UTILITY,Amumu,Pantheon,0.3333333333333333,3
UTILITY,Leona,Amumu,0.5,2
UTILITY,Amumu,Leona,0.5,2
JUNGLE,Shen,Shaco,0.6666666666666666,3
JUNGLE,Shaco,Shen,0.3333333333333333,3
MIDDLE,Nasus,Azir,0.0,1
MIDDLE,Azir,Nasus,1.0,1
BOTTOM,Yasuo,Xayah,0.25,4
BOTTOM,Xayah,Yasuo,0.75,4
TOP,Singed,Fizz,0.5,2
TOP,Fizz,Singed,0.5,2
JUNGLE,Zaahen,Sejuani,0.5,2
JUNGLE,Sejuani,Zaahen,0.5,2
BOTTOM,Zyra,Jhin,0.7142857142857143,7
BOTTOM,Jhin,Zyra,0.2857142857142857,7
JUNGLE,Khazix,Sejuani,0.625,8
JUNGLE,Sejuani,Khazix,0.375,8
MIDDLE,Fizz,Zaahen,1.0,1
MIDDLE,Zaahen,Fizz,0.0,1
TOP,Kled,Kennen,1.0,2
TOP,Kennen,Kled,0.0,2
UTILITY,Janna,Shaco,0.6666666666666666,9
UTILITY,Shaco,Janna,0.3333333333333333,9
MIDDLE,Nasus,Galio,1.0,1
MIDDLE,Galio,Nasus,0.0,1
BOTTOM,AurelionSol,Yunara,0.39285714285714285,28
BOTTOM,Yunara,AurelionSol,0.6071428571428571,28
JUNGLE,Nocturne,Zaahen,0.4375,16
JUNGLE,Zaahen,Nocturne,0.5625,16
TOP,Renekton,Gangplank,0.4444444444444444,18
TOP,Gangplank,Renekton,0.5555555555555556,18
TOP,Jax,Singed,0.4090909090909091,22
TOP,Singed,Jax,0.5909090909090909,22
MIDDLE,Tryndamere,Swain,1.0,2
MIDDLE,Swain,Tryndamere,0.0,2
TOP,Varus,Akali,0.6086956521739131,23
TOP,Akali,Varus,0.391304347826087,23
UTILITY,Nidalee,Janna,0.5,6
UTILITY,Janna,Nidalee,0.5,6
MIDDLE,AurelionSol,Karthus,0.5,2
MIDDLE,Karthus,AurelionSol,0.5,2
TOP,Kled,Shen,0.5,2
TOP,Shen,Kled,0.5,2
JUNGLE,Karthus,Fizz,0.0,3
JUNGLE,Fizz,Karthus,1.0,3
MIDDLE,Jayce,TwistedFate,0.25,8
MIDDLE,TwistedFate,Jayce,0.75,8
TOP,Zaahen,Yone,0.4,5
TOP,Yone,Zaahen,0.6,5
TOP,FiddleSticks,Tryndamere,0.5,2
TOP,Tryndamere,FiddleSticks,0.5,2
BOTTOM,MissFortune,Yasuo,0.3333333333333333,3
BOTTOM,Yasuo,MissFortune,0.6666666666666666,3
MIDDLE,Tryndamere,Jayce,1.0,2
MIDDLE,Jayce,Tryndamere,0.0,2
MIDDLE,Singed,Ezreal,0.0,1
MIDDLE,Ezreal,Singed,1.0,1
TOP,Graves,Aurora,0.0,2
TOP,Aurora,Graves,1.0,2
UTILITY,Janna,Singed,0.0,1
UTILITY,Singed,Janna,1.0,1
JUNGLE,Briar,Ekko,0.6,5
JUNGLE,Ekko,Briar,0.4,5
MIDDLE,Malzahar,Irelia,0.3333333333333333,3
MIDDLE,Irelia,Malzahar,0.6666666666666666,3
TOP,KogMaw,Sion,0.0,3
TOP,Sion,KogMaw,1.0,3
UTILITY,Taric,Seraphine,0.47368421052631576,19
UTILITY,Seraphine,Taric,0.5263157894736842,19
MIDDLE,Diana,Akali,0.6363636363636364,11
MIDDLE,Akali,Diana,0.36363636363636365,11
JUNGLE,Riven,Zaahen,1.0,2
JUNGLE,Zaahen,Riven,0.0,2
MIDDLE,Anivia,Neeko,0.6666666666666666,3
MIDDLE,Neeko,Anivia,0.3333333333333333,3
TOP,KogMaw,Zaahen,0.0,2
TOP,Zaahen,KogMaw,1.0,2
UTILITY,TahmKench,Alistar,0.5,6
UTILITY,Alistar,TahmKench,0.5,6
JUNGLE,Belveth,Taliyah,0.45454545454545453,11
JUNGLE,Taliyah,Belveth,0.5454545454545454,11
TOP,Talon,Vayne,0.3333333333333333,3
TOP,Vayne,Talon,0.6666666666666666,3
JUNGLE,Talon,Aatrox,0.391304347826087,23
JUNGLE,Aatrox,Talon,0.6086956521739131,23
JUNGLE,Sion,XinZhao,1.0,1
JUNGLE,XinZhao,Sion,0.0,1
JUNGLE,Khazix,Darius,1.0,3
JUNGLE,Darius,Khazix,0.0,3
MIDDLE,Xerath,TwistedFate,0.4444444444444444,9
MIDDLE,TwistedFate,Xerath,0.5555555555555556,9
TOP,Tryndamere,Vayne,0.3333333333333333,9
TOP,Vayne,Tryndamere,0.6666666666666666,9
MIDDLE,Zilean,Sylas,0.625,8
MIDDLE,Sylas,Zilean,0.375,8
UTILITY,Shen,Soraka,0.0,3
UTILITY,Soraka,Shen,1.0,3
BOTTOM,Yunara,Singed,0.0,2
BOTTOM,Singed,Yunara,1.0,2
TOP,Kled,Riven,0.75,4
TOP,Riven,Kled,0.25,4
MIDDLE,Ekko,Velkoz,0.0,3
MIDDLE,Velkoz,Ekko,1.0,3
BOTTOM,DrMundo,Jinx,0.0,1
BOTTOM,Jinx,DrMundo,1.0,1
MIDDLE,Naafiri,AurelionSol,0.4,5
MIDDLE,AurelionSol,Naafiri,0.6,5
UTILITY,Amumu,Thresh,0.0,3
UTILITY,Thresh,Amumu,1.0,3
JUNGLE,Kindred,Vi,0.6,10
JUNGLE,Vi,Kindred,0.4,10
UTILITY,Yuumi,Kennen,1.0,1
UTILITY,Kennen,Yuumi,0.0,1
MIDDLE,AurelionSol,Yasuo,0.5,12
MIDDLE,Yasuo,AurelionSol,0.5,12
JUNGLE,Teemo,Jax,0.0,1
JUNGLE,Jax,Teemo,1.0,1
TOP,Garen,Varus,0.2727272727272727,22
TOP,Varus,Garen,0.7272727272727273,22
JUNGLE,Talon,Rengar,0.375,32
JUNGLE,Rengar,Talon,0.625,32
MIDDLE,Lissandra,Swain,0.0,2
MIDDLE,Swain,Lissandra,1.0,2
TOP,Aatrox,Vex,0.0,1
TOP,Vex,Aatrox,1.0,1
UTILITY,Yuumi,Amumu,0.0,1
UTILITY,Amumu,Yuumi,1.0,1
JUNGLE,Vayne,Vi,0.5,4
JUNGLE,Vi,Vayne,0.5,4
TOP,Mordekaiser,Malphite,0.5384615384615384,13
TOP,Malphite,Mordekaiser,0.46153846153846156,13
MIDDLE,Akali,Nasus,0.0,3
MIDDLE,Nasus,Akali,1.0,3
JUNGLE,Ambessa,Vayne,0.0,3
JUNGLE,Vayne,Ambessa,1.0,3
MIDDLE,AurelionSol,Vex,0.5,2
MIDDLE,Vex,AurelionSol,0.5,2
TOP,Singed,Malphite,0.36363636363636365,11
TOP,Malphite,Singed,0.6363636363636364,11
BOTTOM,Vladimir,Veigar,0.5,2
BOTTOM,Veigar,Vladimir,0.5,2
JUNGLE,Shyvana,Qiyana,0.42857142857142855,7
JUNGLE,Qiyana,Shyvana,0.5714285714285714,7
BOTTOM,Cassiopeia,Lucian,0.875,8
BOTTOM,Lucian,Cassiopeia,0.125,8
JUNGLE,Nocturne,Shaco,0.5652173913043478,23
JUNGLE,Shaco,Nocturne,0.43478260869565216,23
TOP,Aurora,Velkoz,1.0,1
TOP,Velkoz,Aurora,0.0,1
MIDDLE,Anivia,Lux,0.6,10
MIDDLE,Lux,Anivia,0.4,10
JUNGLE,Briar,XinZhao,0.6,10
JUNGLE,XinZhao,Briar,0.4,10
MIDDLE,FiddleSticks,Zed,1.0,1
MIDDLE,Zed,FiddleSticks,0.0,1
TOP,Maokai,Singed,0.5,2
TOP,Singed,Maokai,0.5,2
JUNGLE,Qiyana,Camille,1.0,1
JUNGLE,Camille,Qiyana,0.0,1
MIDDLE,Lux,Malzahar,1.0,1
MIDDLE,Malzahar,Lux,0.0,1
JUNGLE,Darius,MasterYi,0.0,2
JUNGLE,MasterYi,Darius,1.0,2
TOP,Trundle,Mordekaiser,0.0,1
TOP,Mordekaiser,Trundle,1.0,1
JUNGLE,Hecarim,Graves,0.43661971830985913,71
JUNGLE,Graves,Hecarim,0.5633802816901409,71
JUNGLE,Taliyah,Kayn,0.6666666666666666,6
JUNGLE,Kayn,Taliyah,0.3333333333333333,6
JUNGLE,MasterYi,Evelynn,0.5714285714285714,7
JUNGLE,Evelynn,MasterYi,0.42857142857142855,7
MIDDLE,Morgana,Ryze,0.0,2
MIDDLE,Ryze,Morgana,1.0,2
JUNGLE,Ivern,Naafiri,0.38095238095238093,21
JUNGLE,Naafiri,Ivern,0.6190476190476191,21
MIDDLE,TwistedFate,Tristana,0.5,6
MIDDLE,Tristana,TwistedFate,0.5,6
UTILITY,Rell,KSante,1.0,2
UTILITY,KSante,Rell,0.0,2
JUNGLE,Lillia,Vi,0.5,14
JUNGLE,Vi,Lillia,0.5,14
MIDDLE,Akali,Neeko,0.5,2
MIDDLE,Neeko,Akali,0.5,2
TOP,Anivia,Garen,0.5333333333333333,15
TOP,Garen,Anivia,0.4666666666666667,15
UTILITY,KSante,Renata,1.0,1
UTILITY,Renata,KSante,0.0,1
MIDDLE,Zoe,Syndra,0.5416666666666666,24
MIDDLE,Syndra,Zoe,0.4583333333333333,24
TOP,Darius,Olaf,0.5,10
TOP,Olaf,Darius,0.5,10
JUNGLE,RekSai,Sejuani,0.75,4
JUNGLE,Sejuani,RekSai,0.25,4
TOP,Pantheon,Fiora,1.0,3
TOP,Fiora,Pantheon,0.0,3
JUNGLE,Elise,RekSai,0.2727272727272727,11
JUNGLE,RekSai,Elise,0.7272727272727273,11
MIDDLE,Olaf,Taliyah,0.75,4
MIDDLE,Taliyah,Olaf,0.25,4
JUNGLE,Naafiri,Zaahen,0.5454545454545454,11
JUNGLE,Zaahen,Naafiri,0.45454545454545453,11
TOP,Kled,Jax,0.625,8
TOP,Jax,Kled,0.375,8
JUNGLE,Shen,Hecarim,0.5,2
JUNGLE,Hecarim,Shen,0.5,2
TOP,Zaahen,Kled,0.8571428571428571,7
TOP,Kled,Zaahen,0.14285714285714285,7
JUNGLE,Udyr,Morgana,1.0,1
JUNGLE,Morgana,Udyr,0.0,1
TOP,Sion,Udyr,0.4,5
TOP,Udyr,Sion,0.6,5
UTILITY,Senna,Soraka,0.5576923076923077,52
UTILITY,Soraka,Senna,0.4423076923076923,52
MIDDLE,Yasuo,Azir,0.5,12
MIDDLE,Azir,Yasuo,0.5,12
UTILITY,Nautilus,Leblanc,0.625,16
UTILITY,Leblanc,Nautilus,0.375,16
TOP,Ornn,Kayle,0.5714285714285714,14
TOP,Kayle,Ornn,0.42857142857142855,14
TOP,Ornn,Fiora,0.5652173913043478,23
TOP,Fiora,Ornn,0.43478260869565216,23
BOTTOM,Mel,Ziggs,0.5714285714285714,7
BOTTOM,Ziggs,Mel,0.42857142857142855,7
JUNGLE,Darius,XinZhao,0.0,3
JUNGLE,XinZhao,Darius,1.0,3
MIDDLE,Ahri,Cassiopeia,0.5454545454545454,44
MIDDLE,Cassiopeia,Ahri,0.45454545454545453,44
TOP,Shen,Olaf,0.6153846153846154,13
TOP,Olaf,Shen,0.38461538461538464,13
JUNGLE,Nocturne,Udyr,0.2857142857142857,14
JUNGLE,Udyr,Nocturne,0.7142857142857143,14
TOP,FiddleSticks,Yorick,0.0,1
TOP,Yorick,FiddleSticks,1.0,1
BOTTOM,Karthus,Anivia,1.0,1
BOTTOM,Anivia,Karthus,0.0,1
JUNGLE,Naafiri,Vi,0.55,20
JUNGLE,Vi,Naafiri,0.45,20
MIDDLE,Jayce,Viktor,0.42857142857142855,14
MIDDLE,Viktor,Jayce,0.5714285714285714,14
JUNGLE,Riven,MonkeyKing,0.5,2
JUNGLE,MonkeyKing,Riven,0.5,2
MIDDLE,Karthus,Lissandra,1.0,1
MIDDLE,Lissandra,Karthus,0.0,1
TOP,Yone,Quinn,0.0,1
TOP,Quinn,Yone,1.0,1
MIDDLE,Aurora,Nasus,0.0,3
MIDDLE,Nasus,Aurora,1.0,3
TOP,Heimerdinger,Mordekaiser,1.0,3
TOP,Mordekaiser,Heimerdinger,0.0,3
TOP,Lucian,FiddleSticks,1.0,1
TOP,FiddleSticks,Lucian,0.0,1
BOTTOM,Samira,Galio,0.0,1
BOTTOM,Galio,Samira,1.0,1
TOP,Corki,Irelia,0.5,2
TOP,Irelia,Corki,0.5,2
JUNGLE,Hecarim,Shyvana,0.6,10
JUNGLE,Shyvana,Hecarim,0.4,10
TOP,Sion,Azir,1.0,1
TOP,Azir,Sion,0.0,1
TOP,Teemo,Ryze,0.3333333333333333,3
TOP,Ryze,Teemo,0.6666666666666666,3
TOP,Zaahen,Shen,0.2,10
TOP,Shen,Zaahen,0.8,10
TOP,Riven,Volibear,0.8,5
TOP,Volibear,Riven,0.2,5
TOP,Ryze,Gragas,0.3333333333333333,6
TOP,Gragas,Ryze,0.6666666666666666,6
JUNGLE,Volibear,Zac,0.0,1
JUNGLE,Zac,Volibear,1.0,1
TOP,Kalista,Kennen,0.0,1
TOP,Kennen,Kalista,1.0,1
BOTTOM,Ezreal,KogMaw,0.5185185185185185,54
BOTTOM,KogMaw,Ezreal,0.48148148148148145,54
MIDDLE,Nunu,Qiyana,0.6666666666666666,3
MIDDLE,Qiyana,Nunu,0.3333333333333333,3
TOP,Akali,Cassiopeia,0.3333333333333333,9
TOP,Cassiopeia,Akali,0.6666666666666666,9
UTILITY,Soraka,Skarner,1.0,1
UTILITY,Skarner,Soraka,0.0,1
MIDDLE,Tryndamere,Karma,0.0,1
MIDDLE,Karma,Tryndamere,1.0,1
TOP,Illaoi,Gwen,0.6666666666666666,3
TOP,Gwen,Illaoi,0.3333333333333333,3
MIDDLE,Naafiri,Akshan,0.625,8
MIDDLE,Akshan,Naafiri,0.375,8
TOP,Shen,KSante,0.5294117647058824,17
TOP,KSante,Shen,0.47058823529411764,17
BOTTOM,Smolder,Xayah,0.5555555555555556,18
BOTTOM,Xayah,Smolder,0.4444444444444444,18
JUNGLE,DrMundo,Malphite,1.0,2
JUNGLE,Malphite,DrMundo,0.0,2
TOP,JarvanIV,Swain,1.0,1
TOP,Swain,JarvanIV,0.0,1
BOTTOM,Xayah,Swain,0.5,8
BOTTOM,Swain,Xayah,0.5,8
TOP,Darius,Kled,0.5,8
TOP,Kled,Darius,0.5,8
JUNGLE,Zac,Vayne,0.5,2
JUNGLE,Vayne,Zac,0.5,2
BOTTOM,Jhin,Garen,0.0,1
BOTTOM,Garen,Jhin,1.0,1
JUNGLE,Sylas,Taliyah,0.3333333333333333,18
JUNGLE,Taliyah,Sylas,0.6666666666666666,18
TOP,Singed,Tryndamere,0.5384615384615384,13
TOP,Tryndamere,Singed,0.46153846153846156,13
TOP,Ornn,Orianna,1.0,1
TOP,Orianna,Ornn,0.0,1
UTILITY,Nami,Shaco,0.4166666666666667,12
UTILITY,Shaco,Nami,0.5833333333333334,12
MIDDLE,Jayce,Corki,1.0,1
MIDDLE,Corki,Jayce,0.0,1
TOP,Riven,Rumble,0.375,16
TOP,Rumble,Riven,0.625,16
MIDDLE,Vladimir,AurelionSol,0.4444444444444444,9
MIDDLE,AurelionSol,Vladimir,0.5555555555555556,9
JUNGLE,LeeSin,Shen,0.2,5
JUNGLE,Shen,LeeSin,0.8,5
TOP,Ornn,Gangplank,0.3125,16
TOP,Gangplank,Ornn,0.6875,16
UTILITY,Elise,Seraphine,0.4375,16
UTILITY,Seraphine,Elise,0.5625,16
JUNGLE,Malphite,Ambessa,0.5,4
JUNGLE,Ambessa,Malphite,0.5,4
MIDDLE,Azir,AurelionSol,0.0,2
MIDDLE,AurelionSol,Azir,1.0,2
TOP,Karma,Sion,0.75,4
TOP,Sion,Karma,0.25,4
BOTTOM,Samira,Zeri,0.43478260869565216,23
BOTTOM,Zeri,Samira,0.5652173913043478,23
MIDDLE,Kennen,Leblanc,0.5,4
MIDDLE,Leblanc,Kennen,0.5,4
TOP,Fiora,Olaf,0.6153846153846154,13
TOP,Olaf,Fiora,0.38461538461538464,13
JUNGLE,Ornn,Briar,0.0,1
JUNGLE,Briar,Ornn,1.0,1
MIDDLE,Syndra,Pyke,0.5,2
MIDDLE,Pyke,Syndra,0.5,2
TOP,Yasuo,Vayne,0.53125,32
TOP,Vayne,Yasuo,0.46875,32
UTILITY,Annie,Neeko,0.0,1
UTILITY,Neeko,Annie,1.0,1
MIDDLE,Azir,Akshan,0.4,10
MIDDLE,Akshan,Azir,0.6,10
TOP,FiddleSticks,Gnar,0.0,2
TOP,Gnar,FiddleSticks,1.0,2
BOTTOM,Chogath,Ezreal,0.0,1
BOTTOM,Ezreal,Chogath,1.0,1
TOP,Akali,Zilean,0.6666666666666666,3
TOP,Zilean,Akali,0.3333333333333333,3
TOP,Teemo,Jayce,0.4,15
TOP,Jayce,Teemo,0.6,15
JUNGLE,Zed,XinZhao,0.7142857142857143,14
JUNGLE,XinZhao,Zed,0.2857142857142857,14
BOTTOM,Lux,Corki,0.2857142857142857,7
BOTTOM,Corki,Lux,0.7142857142857143,7
TOP,Zaahen,Malphite,0.45454545454545453,11
TOP,Malphite,Zaahen,0.5454545454545454,11
TOP,Camille,Jayce,0.4444444444444444,27
TOP,Jayce,Camille,0.5555555555555556,27
TOP,Pantheon,Heimerdinger,0.0,4
TOP,Heimerdinger,Pantheon,1.0,4
BOTTOM,Ashe,Singed,1.0,2
BOTTOM,Singed,Ashe,0.0,2
MIDDLE,Quinn,Ahri,0.5652173913043478,23
MIDDLE,Ahri,Quinn,0.43478260869565216,23
MIDDLE,Galio,Twitch,1.0,3
MIDDLE,Twitch,Galio,0.0,3
TOP,Teemo,Aurora,0.6153846153846154,13
TOP,Aurora,Teemo,0.38461538461538464,13
BOTTOM,AurelionSol,Cassiopeia,0.3333333333333333,3
BOTTOM,Cassiopeia,AurelionSol,0.6666666666666666,3
MIDDLE,Fizz,Quinn,0.5,2
MIDDLE,Quinn,Fizz,0.5,2
TOP,Olaf,KSante,0.6,15
TOP,KSante,Olaf,0.4,15
TOP,Fiora,Shen,0.38461538461538464,13
TOP,Shen,Fiora,0.6153846153846154,13
JUNGLE,Taliyah,Briar,0.6666666666666666,3
JUNGLE,Briar,Taliyah,0.3333333333333333,3
MIDDLE,Viego,Akshan,1.0,2
MIDDLE,Akshan,Viego,0.0,2
TOP,Aurora,Leblanc,0.5,4
TOP,Leblanc,Aurora,0.5,4
MIDDLE,Pantheon,Zoe,0.5,4
MIDDLE,Zoe,Pantheon,0.5,4
TOP,Karthus,Yorick,0.0,1
TOP,Yorick,Karthus,1.0,1
UTILITY,Pyke,Shaco,0.3333333333333333,6
UTILITY,Shaco,Pyke,0.6666666666666666,6
TOP,Jhin,Fiora,1.0,1
TOP,Fiora,Jhin,0.0,1
JUNGLE,Zaahen,Shaco,0.1111111111111111,9
JUNGLE,Shaco,Zaahen,0.8888888888888888,9
MIDDLE,Irelia,Vladimir,0.4444444444444444,9
MIDDLE,Vladimir,Irelia,0.5555555555555556,9
JUNGLE,Amumu,Darius,0.0,1
JUNGLE,Darius,Amumu,1.0,1
TOP,Taliyah,DrMundo,0.0,2
TOP,DrMundo,Taliyah,1.0,2
BOTTOM,Corki,Syndra,0.6666666666666666,3
BOTTOM,Syndra,Corki,0.3333333333333333,3
JUNGLE,Shaco,Taliyah,0.75,4
JUNGLE,Taliyah,Shaco,0.25,4
BOTTOM,Jhin,Seraphine,0.38461538461538464,26
BOTTOM,Seraphine,Jhin,0.6153846153846154,26
TOP,Irelia,Volibear,0.5,4
TOP,Volibear,Irelia,0.5,4
JUNGLE,Maokai,Naafiri,0.0,2
JUNGLE,Naafiri,Maokai,1.0,2
TOP,Aatrox,Poppy,0.3333333333333333,3
TOP,Poppy,Aatrox,0.6666666666666666,3
TOP,Lulu,Sion,0.0,1
TOP,Sion,Lulu,1.0,1
JUNGLE,Nasus,Chogath,1.0,1
JUNGLE,Chogath,Nasus,0.0,1
MIDDLE,Yasuo,Naafiri,0.5,10
MIDDLE,Naafiri,Yasuo,0.5,10
JUNGLE,Darius,Rumble,0.0,1
JUNGLE,Rumble,Darius,1.0,1
BOTTOM,Twitch,Smolder,0.45454545454545453,22
BOTTOM,Smolder,Twitch,0.5454545454545454,22
JUNGLE,DrMundo,Nasus,0.0,1
JUNGLE,Nasus,DrMundo,1.0,1
TOP,Gwen,Udyr,0.0,2
TOP,Udyr,Gwen,1.0,2
MIDDLE,Xerath,Varus,1.0,1
MIDDLE,Varus,Xerath,0.0,1
TOP,Trundle,Hwei,1.0,1
TOP,Hwei,Trundle,0.0,1
MIDDLE,Sion,Darius,0.0,1
MIDDLE,Darius,Sion,1.0,1
TOP,Akali,Mel,0.0,1
TOP,Mel,Akali,1.0,1
TOP,Leblanc,Renekton,1.0,2
TOP,Renekton,Leblanc,0.0,2
JUNGLE,Ornn,Sylas,1.0,1
JUNGLE,Sylas,Ornn,0.0,1
MIDDLE,Jayce,Akali,0.7333333333333333,15
MIDDLE,Akali,Jayce,0.26666666666666666,15
TOP,Gangplank,Olaf,0.6,15
TOP,Olaf,Gangplank,0.4,15
BOTTOM,Ekko,Yasuo,0.6,5
BOTTOM,Yasuo,Ekko,0.4,5
JUNGLE,Shen,DrMundo,0.0,1
JUNGLE,DrMundo,Shen,1.0,1
TOP,Taliyah,Ryze,0.0,2
TOP,Ryze,Taliyah,1.0,2
BOTTOM,AurelionSol,Senna,0.4782608695652174,23
BOTTOM,Senna,AurelionSol,0.5217391304347826,23
MIDDLE,Orianna,Ornn,1.0,1
MIDDLE,Ornn,Orianna,0.0,1
JUNGLE,Maokai,Viego,1.0,2
JUNGLE,Viego,Maokai,0.0,2
TOP,Yorick,Aatrox,0.75,8
TOP,Aatrox,Yorick,0.25,8
UTILITY,Seraphine,Senna,0.44285714285714284,70
UTILITY,Senna,Seraphine,0.5571428571428572,70
JUNGLE,Fizz,Naafiri,0.3333333333333333,3
JUNGLE,Naafiri,Fizz,0.6666666666666666,3
JUNGLE,LeeSin,Warwick,0.7777777777777778,9
JUNGLE,Warwick,LeeSin,0.2222222222222222,9
JUNGLE,Briar,Jax,0.5,6
JUNGLE,Jax,Briar,0.5,6
BOTTOM,Sion,Aphelios,0.0,1
BOTTOM,Aphelios,Sion,1.0,1
TOP,Jax,FiddleSticks,0.0,1
TOP,FiddleSticks,Jax,1.0,1
JUNGLE,Chogath,Kayn,0.6666666666666666,3
JUNGLE,Kayn,Chogath,0.3333333333333333,3
TOP,Pantheon,Akali,0.5714285714285714,7
TOP,Akali,Pantheon,0.42857142857142855,7
MIDDLE,Sylas,Annie,0.45454545454545453,22
MIDDLE,Annie,Sylas,0.5454545454545454,22
UTILITY,Shaco,Nautilus,0.7,10
UTILITY,Nautilus,Shaco,0.3,10
MIDDLE,Vladimir,Qiyana,0.6,15
MIDDLE,Qiyana,Vladimir,0.4,15
BOTTOM,Ezreal,Brand,0.47619047619047616,63
BOTTOM,Brand,Ezreal,0.5238095238095238,63
MIDDLE,Pantheon,Talon,0.0,1
MIDDLE,Talon,Pantheon,1.0,1
TOP,Katarina,Malphite,0.42857142857142855,7
TOP,Malphite,Katarina,0.5714285714285714,7
JUNGLE,Zed,Briar,0.3333333333333333,3
JUNGLE,Briar,Zed,0.6666666666666666,3
MIDDLE,Aurora,Annie,0.3548387096774194,31
MIDDLE,Annie,Aurora,0.6451612903225806,31
UTILITY,Rell,Lux,0.5333333333333333,15
UTILITY,Lux,Rell,0.4666666666666667,15
BOTTOM,Jinx,AurelionSol,0.6923076923076923,13
BOTTOM,AurelionSol,Jinx,0.3076923076923077,13
MIDDLE,Sylas,Quinn,0.5,8
MIDDLE,Quinn,Sylas,0.5,8
TOP,Camille,Jax,0.4583333333333333,24
TOP,Jax,Camille,0.5416666666666666,24
BOTTOM,Jhin,Samira,0.6,20
BOTTOM,Samira,Jhin,0.4,20
JUNGLE,Kayn,Ivern,0.4444444444444444,9
JUNGLE,Ivern,Kayn,0.5555555555555556,9
TOP,Camille,Fiora,0.6,15
TOP,Fiora,Camille,0.4,15
JUNGLE,Volibear,Darius,1.0,1
JUNGLE,Darius,Volibear,0.0,1
JUNGLE,Nocturne,DrMundo,0.56,25
JUNGLE,DrMundo,Nocturne,0.44,25
JUNGLE,Chogath,JarvanIV,0.3333333333333333,12
JUNGLE,JarvanIV,Chogath,0.6666666666666666,12
TOP,Aatrox,Vayne,0.41935483870967744,31
TOP,Vayne,Aatrox,0.5806451612903226,31
BOTTOM,Brand,Xayah,0.2,5
BOTTOM,Xayah,Brand,0.8,5
JUNGLE,Vayne,Darius,0.5,2
JUNGLE,Darius,Vayne,0.5,2
TOP,Gnar,Camille,0.46153846153846156,13
TOP,Camille,Gnar,0.5384615384615384,13
MIDDLE,Galio,Smolder,0.25,12
MIDDLE,Smolder,Galio,0.75,12
MIDDLE,Singed,Ekko,0.4,5
MIDDLE,Ekko,Singed,0.6,5
BOTTOM,Mel,Lucian,0.42857142857142855,14
BOTTOM,Lucian,Mel,0.5714285714285714,14
BOTTOM,Sylas,Yunara,0.0,1
BOTTOM,Yunara,Sylas,1.0,1
JUNGLE,Lillia,Zaahen,0.16666666666666666,6
JUNGLE,Zaahen,Lillia,0.8333333333333334,6
MIDDLE,Ornn,Zoe,0.0,1
MIDDLE,Zoe,Ornn,1.0,1
JUNGLE,Graves,Zyra,0.3541666666666667,48
JUNGLE,Zyra,Graves,0.6458333333333334,48
TOP,Skarner,Garen,0.5,4
TOP,Garen,Skarner,0.5,4
BOTTOM,Hwei,Velkoz,0.0,4
BOTTOM,Velkoz,Hwei,1.0,4
JUNGLE,Hecarim,Kindred,0.5714285714285714,21
JUNGLE,Kindred,Hecarim,0.42857142857142855,21
MIDDLE,Sylas,Malzahar,0.2857142857142857,7
MIDDLE,Malzahar,Sylas,0.7142857142857143,7
UTILITY,JarvanIV,Blitzcrank,0.0,1
UTILITY,Blitzcrank,JarvanIV,1.0,1
JUNGLE,Darius,Jayce,0.5,2
JUNGLE,Jayce,Darius,0.5,2
TOP,Garen,Yone,0.5625,16
TOP,Yone,Garen,0.4375,16
JUNGLE,Nocturne,Ornn,1.0,1
JUNGLE,Ornn,Nocturne,0.0,1
TOP,Aatrox,Kled,0.75,4
TOP,Kled,Aatrox,0.25,4
MIDDLE,Renekton,Akali,0.0,1
MIDDLE,Akali,Renekton,1.0,1
UTILITY,Jax,Seraphine,0.5,2
UTILITY,Seraphine,Jax,0.5,2
JUNGLE,Zyra,Lillia,0.0,4
JUNGLE,Lillia,Zyra,1.0,4
JUNGLE,DrMundo,Nidalee,0.8333333333333334,6
JUNGLE,Nidalee,DrMundo,0.16666666666666666,6
MIDDLE,Mel,Sylas,0.2857142857142857,7
MIDDLE,Sylas,Mel,0.7142857142857143,7
BOTTOM,Velkoz,Jinx,0.5625,16
BOTTOM,Jinx,Velkoz,0.4375,16
JUNGLE,Zac,JarvanIV,0.5454545454545454,11
JUNGLE,JarvanIV,Zac,0.45454545454545453,11
BOTTOM,AurelionSol,Draven,0.5714285714285714,14
BOTTOM,Draven,AurelionSol,0.42857142857142855,14
TOP,Kayn,Malphite,0.0,1
TOP,Malphite,Kayn,1.0,1
TOP,Fiora,Gangplank,0.42857142857142855,7
TOP,Gangplank,Fiora,0.5714285714285714,7
JUNGLE,Camille,DrMundo,0.0,1
JUNGLE,DrMundo,Camille,1.0,1
TOP,Aurora,Vladimir,0.4,10
TOP,Vladimir,Aurora,0.6,10
TOP,Volibear,Sion,0.7142857142857143,7
TOP,Sion,Volibear,0.2857142857142857,7
BOTTOM,Draven,Ziggs,0.3333333333333333,15
BOTTOM,Ziggs,Draven,0.6666666666666666,15
JUNGLE,Vi,Chogath,0.3333333333333333,3
JUNGLE,Chogath,Vi,0.6666666666666666,3
TOP,Jax,RekSai,0.0,2
TOP,RekSai,Jax,1.0,2
BOTTOM,Velkoz,Syndra,0.5,4
BOTTOM,Syndra,Velkoz,0.5,4
TOP,Skarner,Anivia,0.5,2
TOP,Anivia,Skarner,0.5,2
MIDDLE,Jhin,Ryze,0.0,1
MIDDLE,Ryze,Jhin,1.0,1
TOP,Urgot,Kennen,0.5,8
TOP,Kennen,Urgot,0.5,8
MIDDLE,Mel,Aurora,0.35294117647058826,17
MIDDLE,Aurora,Mel,0.6470588235294118,17
TOP,Skarner,Darius,0.0,2
TOP,Darius,Skarner,1.0,2
TOP,KSante,Nidalee,1.0,2
TOP,Nidalee,KSante,0.0,2
MIDDLE,Sylas,Talon,0.5,4
MIDDLE,Talon,Sylas,0.5,4
JUNGLE,Talon,Vi,0.48484848484848486,33
JUNGLE,Vi,Talon,0.5151515151515151,33
BOTTOM,Ashe,Seraphine,0.3793103448275862,29
BOTTOM,Seraphine,Ashe,0.6206896551724138,29
MIDDLE,KSante,Irelia,0.5,2
MIDDLE,Irelia,KSante,0.5,2
JUNGLE,Shen,Naafiri,0.25,4
JUNGLE,Naafiri,Shen,0.75,4
MIDDLE,Karthus,Yasuo,0.3333333333333333,3
MIDDLE,Yasuo,Karthus,0.6666666666666666,3
TOP,Varus,AurelionSol,0.3333333333333333,3
TOP,AurelionSol,Varus,0.6666666666666666,3
BOTTOM,Yasuo,Jhin,0.6,15
BOTTOM,Jhin,Yasuo,0.4,15
JUNGLE,Graves,Maokai,0.5,2
JUNGLE,Maokai,Graves,0.5,2
TOP,Urgot,Sion,0.4,10
TOP,Sion,Urgot,0.6,10
BOTTOM,Lucian,Aurora,0.5,2
BOTTOM,Aurora,Lucian,0.5,2
JUNGLE,Darius,Evelynn,0.5,2
JUNGLE,Evelynn,Darius,0.5,2
JUNGLE,Vi,Shen,0.25,4
JUNGLE,Shen,Vi,0.75,4
MIDDLE,Shen,Syndra,0.3333333333333333,3
MIDDLE,Syndra,Shen,0.6666666666666666,3
JUNGLE,Belveth,Poppy,0.5,4
JUNGLE,Poppy,Belveth,0.5,4
MIDDLE,Annie,Yasuo,0.5263157894736842,19
MIDDLE,Yasuo,Annie,0.47368421052631576,19
TOP,Kled,Malphite,0.5,2
TOP,Malphite,Kled,0.5,2
JUNGLE,Zed,Vi,0.1,10
JUNGLE,Vi,Zed,0.9,10
UTILITY,Karma,Sylas,0.5833333333333334,12
UTILITY,Sylas,Karma,0.4166666666666667,12
MIDDLE,Mel,Ekko,0.625,8
MIDDLE,Ekko,Mel,0.375,8
TOP,Zaahen,Olaf,0.5,10
TOP,Olaf,Zaahen,0.5,10
BOTTOM,Mel,Kalista,0.3333333333333333,9
BOTTOM,Kalista,Mel,0.6666666666666666,9
TOP,TwistedFate,Ambessa,0.3333333333333333,9
TOP,Ambessa,TwistedFate,0.6666666666666666,9
TOP,Kennen,Gnar,0.42857142857142855,7
TOP,Gnar,Kennen,0.5714285714285714,7
BOTTOM,Olaf,Velkoz,0.0,1
BOTTOM,Velkoz,Olaf,1.0,1
JUNGLE,Ivern,Evelynn,0.2,5
JUNGLE,Evelynn,Ivern,0.8,5
MIDDLE,Ambessa,Qiyana,0.5714285714285714,7
MIDDLE,Qiyana,Ambessa,0.42857142857142855,7
MIDDLE,Corki,Annie,0.2,5
MIDDLE,Annie,Corki,0.8,5
TOP,Kayn,Sion,1.0,1
TOP,Sion,Kayn,0.0,1
JUNGLE,Rengar,Evelynn,0.42857142857142855,7
JUNGLE,Evelynn,Rengar,0.5714285714285714,7
MIDDLE,Lissandra,Nunu,1.0,3
MIDDLE,Nunu,Lissandra,0.0,3
TOP,Aatrox,Tryndamere,0.5555555555555556,9
TOP,Tryndamere,Aatrox,0.4444444444444444,9
UTILITY,Rakan,Sylas,0.6666666666666666,3
UTILITY,Sylas,Rakan,0.3333333333333333,3
MIDDLE,Viktor,Gwen,0.6666666666666666,3
MIDDLE,Gwen,Viktor,0.3333333333333333,3
UTILITY,Elise,Alistar,0.38461538461538464,13
UTILITY,Alistar,Elise,0.6153846153846154,13
JUNGLE,Qiyana,Nocturne,0.4117647058823529,17
JUNGLE,Nocturne,Qiyana,0.5882352941176471,17
BOTTOM,Caitlyn,Singed,1.0,1
BOTTOM,Singed,Caitlyn,0.0,1
TOP,Ahri,Heimerdinger,1.0,2
TOP,Heimerdinger,Ahri,0.0,2
JUNGLE,Evelynn,Nocturne,0.3333333333333333,9
JUNGLE,Nocturne,Evelynn,0.6666666666666666,9
JUNGLE,Poppy,Ambessa,1.0,1
JUNGLE,Ambessa,Poppy,0.0,1
MIDDLE,Velkoz,Corki,1.0,1
MIDDLE,Corki,Velkoz,0.0,1
MIDDLE,Karma,Anivia,0.0,3
MIDDLE,Anivia,Karma,1.0,3
TOP,DrMundo,Irelia,0.16666666666666666,6
TOP,Irelia,DrMundo,0.8333333333333334,6
MIDDLE,Viktor,Graves,1.0,2
MIDDLE,Graves,Viktor,0.0,2
UTILITY,Thresh,Sejuani,1.0,1
UTILITY,Sejuani,Thresh,0.0,1
BOTTOM,Samira,Lucian,0.5294117647058824,17
BOTTOM,Lucian,Samira,0.47058823529411764,17
TOP,KSante,Graves,0.0,1
TOP,Graves,KSante,1.0,1
TOP,Mordekaiser,Yasuo,0.3333333333333333,6
TOP,Yasuo,Mordekaiser,0.6666666666666666,6
UTILITY,Milio,Sona,0.4117647058823529,17
UTILITY,Sona,Milio,0.5882352941176471,17
MIDDLE,Akali,Gangplank,0.0,1
MIDDLE,Gangplank,Akali,1.0,1
TOP,Mordekaiser,Gragas,0.2,5
TOP,Gragas,Mordekaiser,0.8,5
TOP,Graves,Cassiopeia,0.0,1
TOP,Cassiopeia,Graves,1.0,1
MIDDLE,Diana,Mel,1.0,3
MIDDLE,Mel,Diana,0.0,3
BOTTOM,Ezreal,Vayne,0.5647058823529412,85
BOTTOM,Vayne,Ezreal,0.43529411764705883,85
TOP,Kayle,Olaf,1.0,3
TOP,Olaf,Kayle,0.0,3
TOP,Jayce,Graves,0.0,2
TOP,Graves,Jayce,1.0,2
UTILITY,Annie,Blitzcrank,0.6666666666666666,3
UTILITY,Blitzcrank,Annie,0.3333333333333333,3
TOP,Camille,Urgot,0.8,5
TOP,Urgot,Camille,0.2,5
UTILITY,Rell,KogMaw,1.0,1
UTILITY,KogMaw,Rell,0.0,1
UTILITY,XinZhao,Poppy,1.0,1
UTILITY,Poppy,XinZhao,0.0,1
JUNGLE,Nocturne,Aatrox,0.6086956521739131,23
JUNGLE,Aatrox,Nocturne,0.391304347826087,23
MIDDLE,Darius,Ahri,0.5,4
MIDDLE,Ahri,Darius,0.5,4
BOTTOM,Nilah,Zilean,0.0,1
BOTTOM,Zilean,Nilah,1.0,1
JUNGLE,Nocturne,Elise,0.6538461538461539,26
JUNGLE,Elise,Nocturne,0.34615384615384615,26
MIDDLE,Garen,Diana,0.0,1
MIDDLE,Diana,Garen,1.0,1
BOTTOM,Jhin,Ornn,0.0,1
BOTTOM,Ornn,Jhin,1.0,1
UTILITY,Poppy,Qiyana,0.0,1
UTILITY,Qiyana,Poppy,1.0,1
JUNGLE,Karthus,Naafiri,0.5,14
JUNGLE,Naafiri,Karthus,0.5,14
TOP,Malphite,AurelionSol,0.4,5
TOP,AurelionSol,Malphite,0.6,5
JUNGLE,Evelynn,JarvanIV,0.5789473684210527,19
JUNGLE,JarvanIV,Evelynn,0.42105263157894735,19
UTILITY,Poppy,Lulu,0.3076923076923077,13
UTILITY,Lulu,Poppy,0.6923076923076923,13
MIDDLE,Katarina,AurelionSol,0.6,5
MIDDLE,AurelionSol,Katarina,0.4,5
MIDDLE,KogMaw,Malzahar,1.0,3
MIDDLE,Malzahar,KogMaw,0.0,3
TOP,Quinn,Lucian,1.0,1
TOP,Lucian,Quinn,0.0,1
JUNGLE,Ambessa,Riven,0.6666666666666666,3
JUNGLE,Riven,Ambessa,0.3333333333333333,3
MIDDLE,Smolder,Morgana,1.0,2
MIDDLE,Morgana,Smolder,0.0,2
TOP,Darius,Graves,0.5,2
TOP,Graves,Darius,0.5,2
BOTTOM,Olaf,AurelionSol,0.0,1
BOTTOM,AurelionSol,Olaf,1.0,1
MIDDLE,KogMaw,Hwei,0.5,2
MIDDLE,Hwei,KogMaw,0.5,2
TOP,Sejuani,Graves,0.5,2
TOP,Graves,Sejuani,0.5,2
UTILITY,Ashe,Rakan,0.5,2
UTILITY,Rakan,Ashe,0.5,2
JUNGLE,Kayn,Shaco,0.5769230769230769,26
JUNGLE,Shaco,Kayn,0.4230769230769231,26
TOP,Gnar,TwistedFate,0.6666666666666666,6
TOP,TwistedFate,Gnar,0.3333333333333333,6
BOTTOM,KogMaw,Sivir,0.2,5
BOTTOM,Sivir,KogMaw,0.8,5
MIDDLE,Graves,Sylas,0.0,1
MIDDLE,Sylas,Graves,1.0,1
UTILITY,Kennen,Galio,0.0,1
UTILITY,Galio,Kennen,1.0,1
TOP,Kayn,Rumble,1.0,1
TOP,Rumble,Kayn,0.0,1
JUNGLE,Maokai,Nocturne,1.0,3
JUNGLE,Nocturne,Maokai,0.0,3
MIDDLE,Ziggs,Xerath,0.6666666666666666,3
MIDDLE,Xerath,Ziggs,0.3333333333333333,3
TOP,Graves,Ornn,1.0,2
TOP,Ornn,Graves,0.0,2
MIDDLE,Orianna,KogMaw,0.2,5
MIDDLE,KogMaw,Orianna,0.8,5
JUNGLE,LeeSin,Briar,0.5555555555555556,18
JUNGLE,Briar,LeeSin,0.4444444444444444,18
TOP,Ornn,Camille,0.65,20
TOP,Camille,Ornn,0.35,20
MIDDLE,Alistar,Ahri,0.0,1
MIDDLE,Ahri,Alistar,1.0,1
JUNGLE,XinZhao,Rengar,0.4482758620689655,29
JUNGLE,Rengar,XinZhao,0.5517241379310345,29
TOP,Tryndamere,Gnar,0.5454545454545454,11
TOP,Gnar,Tryndamere,0.45454545454545453,11
BOTTOM,Corki,Zeri,0.23076923076923078,13
BOTTOM,Zeri,Corki,0.7692307692307693,13
MIDDLE,Ekko,Viktor,0.5,24
MIDDLE,Viktor,Ekko,0.5,24
TOP,Fiora,Illaoi,0.3333333333333333,3
TOP,Illaoi,Fiora,0.6666666666666666,3
TOP,Vi,Nasus,1.0,1
TOP,Nasus,Vi,0.0,1
MIDDLE,Anivia,Smolder,0.5,4
MIDDLE,Smolder,Anivia,0.5,4
TOP,Nasus,Kennen,0.6,5
TOP,Kennen,Nasus,0.4,5
UTILITY,Lissandra,Leona,1.0,1
UTILITY,Leona,Lissandra,0.0,1
TOP,Olaf,Aatrox,0.5454545454545454,11
TOP,Aatrox,Olaf,0.45454545454545453,11
JUNGLE,Graves,Taliyah,0.4883720930232558,43
JUNGLE,Taliyah,Graves,0.5116279069767442,43
MIDDLE,Annie,Yone,0.46153846153846156,26
MIDDLE,Yone,Annie,0.5384615384615384,26
JUNGLE,RekSai,Zed,0.4,5
JUNGLE,Zed,RekSai,0.6,5
MIDDLE,Nautilus,Malzahar,1.0,1
MIDDLE,Malzahar,Nautilus,0.0,1
JUNGLE,Nocturne,Vi,0.45454545454545453,33
JUNGLE,Vi,Nocturne,0.5454545454545454,33
MIDDLE,LeeSin,Akali,0.4,5
MIDDLE,Akali,LeeSin,0.6,5
TOP,Teemo,Soraka,1.0,1
TOP,Soraka,Teemo,0.0,1
BOTTOM,Pantheon,Yunara,1.0,1
BOTTOM,Yunara,Pantheon,0.0,1
TOP,Anivia,Aatrox,0.4444444444444444,9
TOP,Aatrox,Anivia,0.5555555555555556,9
TOP,TwistedFate,Malphite,0.35714285714285715,14
TOP,Malphite,TwistedFate,0.6428571428571429,14
TOP,Galio,Olaf,0.5,2
TOP,Olaf,Galio,0.5,2
TOP,Sion,TwistedFate,0.6428571428571429,14
TOP,TwistedFate,Sion,0.35714285714285715,14
BOTTOM,Ashe,Zeri,0.4603174603174603,63
BOTTOM,Zeri,Ashe,0.5396825396825397,63
JUNGLE,Riven,Nidalee,0.3333333333333333,3
JUNGLE,Nidalee,Riven,0.6666666666666666,3
TOP,Kennen,Graves,0.0,1
TOP,Graves,Kennen,1.0,1
BOTTOM,Vladimir,KogMaw,0.0,5
BOTTOM,KogMaw,Vladimir,1.0,5
TOP,Graves,Irelia,0.0,3
TOP,Irelia,Graves,1.0,3
BOTTOM,Sivir,Senna,0.46153846153846156,26
BOTTOM,Senna,Sivir,0.5384615384615384,26
TOP,Gwen,Akali,0.3333333333333333,9
TOP,Akali,Gwen,0.6666666666666666,9
JUNGLE,Belveth,Evelynn,0.6,5
JUNGLE,Evelynn,Belveth,0.4,5
TOP,Graves,Urgot,0.0,2
TOP,Urgot,Graves,1.0,2
BOTTOM,Nilah,Senna,0.5,10
BOTTOM,Senna,Nilah,0.5,10
MIDDLE,Velkoz,Yasuo,0.25,4
MIDDLE,Yasuo,Velkoz,0.75,4
TOP,TwistedFate,Anivia,0.375,8
TOP,Anivia,TwistedFate,0.625,8
UTILITY,Camille,Pyke,0.35,20
UTILITY,Pyke,Camille,0.65,20
MIDDLE,Ezreal,Anivia,0.0,5
MIDDLE,Anivia,Ezreal,1.0,5
MIDDLE,Quinn,Yasuo,0.5,6
MIDDLE,Yasuo,Quinn,0.5,6
TOP,Zed,Sylas,0.0,1
TOP,Sylas,Zed,1.0,1
JUNGLE,Sion,Kayn,1.0,1
JUNGLE,Kayn,Sion,0.0,1
BOTTOM,Ashe,Syndra,0.45454545454545453,11
BOTTOM,Syndra,Ashe,0.5454545454545454,11
TOP,Graves,Sylas,1.0,1
TOP,Sylas,Graves,0.0,1
JUNGLE,Sejuani,Kindred,1.0,1
JUNGLE,Kindred,Sejuani,0.0,1
BOTTOM,Vayne,MissFortune,0.42857142857142855,7
BOTTOM,MissFortune,Vayne,0.5714285714285714,7
TOP,Mordekaiser,Vladimir,0.0,3
TOP,Vladimir,Mordekaiser,1.0,3
JUNGLE,Jax,MasterYi,0.5833333333333334,12
JUNGLE,MasterYi,Jax,0.4166666666666667,12
TOP,Graves,Malphite,0.0,3
TOP,Malphite,Graves,1.0,3
MIDDLE,Annie,Qiyana,0.42857142857142855,28
MIDDLE,Qiyana,Annie,0.5714285714285714,28
JUNGLE,DrMundo,Fizz,0.6666666666666666,3
JUNGLE,Fizz,DrMundo,0.3333333333333333,3
MIDDLE,Malzahar,Xerath,1.0,3
MIDDLE,Xerath,Malzahar,0.0,3
TOP,Mordekaiser,Gwen,0.3333333333333333,3
TOP,Gwen,Mordekaiser,0.6666666666666666,3
UTILITY,Nautilus,Nidalee,0.6666666666666666,6
UTILITY,Nidalee,Nautilus,0.3333333333333333,6
TOP,Shen,Kennen,0.6666666666666666,6
TOP,Kennen,Shen,0.3333333333333333,6
MIDDLE,Akali,Zed,0.47058823529411764,34
MIDDLE,Zed,Akali,0.5294117647058824,34
TOP,Ornn,Ryze,0.5,2
TOP,Ryze,Ornn,0.5,2
MIDDLE,Kassadin,Syndra,0.6666666666666666,12
MIDDLE,Syndra,Kassadin,0.3333333333333333,12
MIDDLE,Jayce,Vladimir,0.7777777777777778,9
MIDDLE,Vladimir,Jayce,0.2222222222222222,9
TOP,Rumble,Olaf,0.5,16
TOP,Olaf,Rumble,0.5,16
UTILITY,Qiyana,Pyke,1.0,1
UTILITY,Pyke,Qiyana,0.0,1
TOP,Garen,Akali,0.6,10
TOP,Akali,Garen,0.4,10
MIDDLE,Sion,Mel,1.0,2
MIDDLE,Mel,Sion,0.0,2
TOP,Akali,DrMundo,0.4,10
TOP,DrMundo,Akali,0.6,10
BOTTOM,Veigar,Aphelios,0.0,1
BOTTOM,Aphelios,Veigar,1.0,1
JUNGLE,Poppy,Vi,0.42857142857142855,7
JUNGLE,Vi,Poppy,0.5714285714285714,7
MIDDLE,Garen,Vayne,1.0,1
MIDDLE,Vayne,Garen,0.0,1
TOP,Kennen,Malzahar,1.0,1
TOP,Malzahar,Kennen,0.0,1
BOTTOM,Ashe,Xayah,0.3888888888888889,18
BOTTOM,Xayah,Ashe,0.6111111111111112,18
JUNGLE,XinZhao,Brand,0.625,8
JUNGLE,Brand,XinZhao,0.375,8
UTILITY,Seraphine,Sylas,0.5,8
UTILITY,Sylas,Seraphine,0.5,8
TOP,Kayle,Aurora,0.6666666666666666,6
TOP,Aurora,Kayle,0.3333333333333333,6
MIDDLE,Quinn,Malphite,0.5,4
MIDDLE,Malphite,Quinn,0.5,4
MIDDLE,Zac,Sylas,1.0,2
MIDDLE,Sylas,Zac,0.0,2
TOP,Varus,Irelia,0.5263157894736842,19
TOP,Irelia,Varus,0.47368421052631576,19
BOTTOM,Mel,AurelionSol,0.6666666666666666,6
BOTTOM,AurelionSol,Mel,0.3333333333333333,6
JUNGLE,MasterYi,Nocturne,0.7,10
JUNGLE,Nocturne,MasterYi,0.3,10
TOP,Yone,Anivia,0.5294117647058824,17
TOP,Anivia,Yone,0.47058823529411764,17
TOP,Jax,XinZhao,0.5454545454545454,11
TOP,XinZhao,Jax,0.45454545454545453,11
JUNGLE,MasterYi,Morgana,1.0,1
JUNGLE,Morgana,MasterYi,0.0,1
MIDDLE,Taliyah,Naafiri,0.625,8
MIDDLE,Naafiri,Taliyah,0.375,8
BOTTOM,Xayah,Kalista,0.5238095238095238,21
BOTTOM,Kalista,Xayah,0.47619047619047616,21
TOP,Yasuo,Kayle,1.0,3
TOP,Kayle,Yasuo,0.0,3
UTILITY,Elise,Renata,0.6666666666666666,6
UTILITY,Renata,Elise,0.3333333333333333,6
UTILITY,Yuumi,Zilean,0.4,10
UTILITY,Zilean,Yuumi,0.6,10
JUNGLE,Aatrox,Evelynn,0.8571428571428571,7
JUNGLE,Evelynn,Aatrox,0.14285714285714285,7
UTILITY,Lux,Lulu,0.4782608695652174,23
UTILITY,Lulu,Lux,0.5217391304347826,23
BOTTOM,Syndra,Veigar,0.0,1
BOTTOM,Veigar,Syndra,1.0,1
MIDDLE,Karma,Aurora,0.0,4
MIDDLE,Aurora,Karma,1.0,4
TOP,Illaoi,Gangplank,0.3333333333333333,3
TOP,Gangplank,Illaoi,0.6666666666666666,3
TOP,Zoe,Kalista,0.5,2
TOP,Kalista,Zoe,0.5,2
MIDDLE,Velkoz,AurelionSol,0.0,2
MIDDLE,AurelionSol,Velkoz,1.0,2
JUNGLE,Shen,JarvanIV,0.8,5
JUNGLE,JarvanIV,Shen,0.2,5
TOP,Akali,Camille,0.4,10
TOP,Camille,Akali,0.6,10
TOP,Yone,Vladimir,0.625,8
TOP,Vladimir,Yone,0.375,8
UTILITY,Pantheon,Neeko,0.875,8
UTILITY,Neeko,Pantheon,0.125,8
JUNGLE,LeeSin,Lillia,0.14285714285714285,14
JUNGLE,Lillia,LeeSin,0.8571428571428571,14
UTILITY,Zoe,TahmKench,0.0,4
UTILITY,TahmKench,Zoe,1.0,4
TOP,Renekton,Singed,0.35714285714285715,14
TOP,Singed,Renekton,0.6428571428571429,14
JUNGLE,Nunu,Brand,0.5,2
JUNGLE,Brand,Nunu,0.5,2
MIDDLE,Singed,Camille,0.5,2
MIDDLE,Camille,Singed,0.5,2
TOP,Teemo,KSante,0.4166666666666667,12
TOP,KSante,Teemo,0.5833333333333334,12
MIDDLE,DrMundo,Katarina,0.0,1
MIDDLE,Katarina,DrMundo,1.0,1
TOP,Zed,Vayne,0.5,6
TOP,Vayne,Zed,0.5,6
JUNGLE,Chogath,Nocturne,1.0,2
JUNGLE,Nocturne,Chogath,0.0,2
MIDDLE,Zilean,Zoe,1.0,1
MIDDLE,Zoe,Zilean,0.0,1
TOP,Darius,XinZhao,0.2857142857142857,7
TOP,XinZhao,Darius,0.7142857142857143,7
JUNGLE,Hecarim,Kayn,0.46153846153846156,13
JUNGLE,Kayn,Hecarim,0.5384615384615384,13
TOP,Teemo,Yorick,0.5,6
TOP,Yorick,Teemo,0.5,6
MIDDLE,Pantheon,Malzahar,0.6666666666666666,3
MIDDLE,Malzahar,Pantheon,0.3333333333333333,3
TOP,Singed,Ambessa,0.4444444444444444,27
TOP,Ambessa,Singed,0.5555555555555556,27
UTILITY,Rell,Zilean,0.42105263157894735,19
UTILITY,Zilean,Rell,0.5789473684210527,19
TOP,AurelionSol,DrMundo,1.0,2
TOP,DrMundo,AurelionSol,0.0,2
MIDDLE,Quinn,Jayce,0.6666666666666666,3
MIDDLE,Jayce,Quinn,0.3333333333333333,3
UTILITY,Shaco,Thresh,0.375,8
UTILITY,Thresh,Shaco,0.625,8
JUNGLE,MasterYi,DrMundo,0.5,6
JUNGLE,DrMundo,MasterYi,0.5,6
JUNGLE,Briar,Kindred,0.75,4
JUNGLE,Kindred,Briar,0.25,4
MIDDLE,Hwei,Karma,1.0,2
MIDDLE,Karma,Hwei,0.0,2
JUNGLE,DrMundo,Olaf,1.0,1
JUNGLE,Olaf,DrMundo,0.0,1
MIDDLE,Varus,Sion,0.5,2
MIDDLE,Sion,Varus,0.5,2
UTILITY,Camille,Braum,0.5,12
UTILITY,Braum,Camille,0.5,12
BOTTOM,Mel,Vayne,0.0,6
BOTTOM,Vayne,Mel,1.0,6
MIDDLE,Singed,Aurora,0.3333333333333333,3
MIDDLE,Aurora,Singed,0.6666666666666666,3
JUNGLE,Nasus,Karthus,0.6666666666666666,3
JUNGLE,Karthus,Nasus,0.3333333333333333,3
TOP,TwistedFate,Illaoi,0.5,2
TOP,Illaoi,TwistedFate,0.5,2
UTILITY,KSante,Pantheon,0.5,2
UTILITY,Pantheon,KSante,0.5,2
MIDDLE,Galio,Singed,0.6,5
MIDDLE,Singed,Galio,0.4,5
TOP,Kayn,Naafiri,0.5,2
TOP,Naafiri,Kayn,0.5,2
UTILITY,Shaco,Rakan,0.4,5
UTILITY,Rakan,Shaco,0.6,5
JUNGLE,Rengar,Belveth,0.5714285714285714,14
JUNGLE,Belveth,Rengar,0.42857142857142855,14
TOP,Kayle,Gnar,0.6,5
TOP,Gnar,Kayle,0.4,5
UTILITY,Hwei,Bard,0.5,4
UTILITY,Bard,Hwei,0.5,4
UTILITY,Annie,Ekko,0.0,1
UTILITY,Ekko,Annie,1.0,1
JUNGLE,Naafiri,Riven,0.5,4
JUNGLE,Riven,Naafiri,0.5,4
TOP,Malphite,Karma,0.6666666666666666,6
TOP,Karma,Malphite,0.3333333333333333,6
MIDDLE,Corki,Mel,0.4,5
MIDDLE,Mel,Corki,0.6,5
TOP,Mordekaiser,Urgot,0.6666666666666666,3
TOP,Urgot,Mordekaiser,0.3333333333333333,3
MIDDLE,Vex,Akali,0.7272727272727273,11
MIDDLE,Akali,Vex,0.2727272727272727,11
MIDDLE,Orianna,Heimerdinger,1.0,1
MIDDLE,Heimerdinger,Orianna,0.0,1
MIDDLE,Karthus,Sylas,0.3333333333333333,3
MIDDLE,Sylas,Karthus,0.6666666666666666,3
TOP,KSante,Irelia,0.4666666666666667,15
TOP,Irelia,KSante,0.5333333333333333,15
TOP,Varus,Gwen,0.6666666666666666,6
TOP,Gwen,Varus,0.3333333333333333,6
BOTTOM,Xayah,Sion,1.0,1
BOTTOM,Sion,Xayah,0.0,1
TOP,Chogath,Gnar,0.5,10
TOP,Gnar,Chogath,0.5,10
MIDDLE,Ivern,Naafiri,0.0,1
MIDDLE,Naafiri,Ivern,1.0,1
MIDDLE,Kassadin,Katarina,0.42857142857142855,14
MIDDLE,Katarina,Kassadin,0.5714285714285714,14
MIDDLE,Viktor,Quinn,0.4,5
MIDDLE,Quinn,Viktor,0.6,5
TOP,TwistedFate,KSante,0.5714285714285714,14
TOP,KSante,TwistedFate,0.42857142857142855,14
JUNGLE,Fizz,Ambessa,0.3333333333333333,3
JUNGLE,Ambessa,Fizz,0.6666666666666666,3
TOP,Teemo,Urgot,0.6,5
TOP,Urgot,Teemo,0.4,5
UTILITY,Milio,Pantheon,0.5714285714285714,7
UTILITY,Pantheon,Milio,0.42857142857142855,7
BOTTOM,Sivir,Zoe,0.0,1
BOTTOM,Zoe,Sivir,1.0,1
JUNGLE,Darius,Nasus,1.0,2
JUNGLE,Nasus,Darius,0.0,2
TOP,Velkoz,Vayne,0.5,4
TOP,Vayne,Velkoz,0.5,4
MIDDLE,Ekko,Malzahar,0.5555555555555556,9
MIDDLE,Malzahar,Ekko,0.4444444444444444,9
TOP,Sylas,Ornn,0.3333333333333333,12
TOP,Ornn,Sylas,0.6666666666666666,12
JUNGLE,Fizz,JarvanIV,0.6,5
JUNGLE,JarvanIV,Fizz,0.4,5
TOP,Skarner,Sylas,0.0,2
TOP,Sylas,Skarner,1.0,2
UTILITY,Mel,Karma,0.5,2
UTILITY,Karma,Mel,0.5,2
JUNGLE,Belveth,XinZhao,0.4,10
JUNGLE,XinZhao,Belveth,0.6,10
JUNGLE,Aatrox,Shen,0.8,5
JUNGLE,Shen,Aatrox,0.2,5
MIDDLE,Singed,Akali,0.7142857142857143,7
MIDDLE,Akali,Singed,0.2857142857142857,7
JUNGLE,Nunu,Lillia,1.0,8
JUNGLE,Lillia,Nunu,0.0,8
MIDDLE,Gangplank,Malzahar,0.0,1
MIDDLE,Malzahar,Gangplank,1.0,1
TOP,Sett,Sylas,0.0,2
TOP,Sylas,Sett,1.0,2
JUNGLE,Vayne,Qiyana,0.0,2
JUNGLE,Qiyana,Vayne,1.0,2
JUNGLE,Naafiri,Urgot,1.0,1
JUNGLE,Urgot,Naafiri,0.0,1
MIDDLE,Riven,Mel,0.8,5
MIDDLE,Mel,Riven,0.2,5
TOP,Sylas,Kled,1.0,3
TOP,Kled,Sylas,0.0,3
JUNGLE,Ambessa,Kindred,0.09090909090909091,11
JUNGLE,Kindred,Ambessa,0.9090909090909091,11
MIDDLE,Malphite,Yasuo,0.3333333333333333,6
MIDDLE,Yasuo,Malphite,0.6666666666666666,6
JUNGLE,Warwick,Aatrox,0.75,4
JUNGLE,Aatrox,Warwick,0.25,4
TOP,Vladimir,Fiora,0.25,4
TOP,Fiora,Vladimir,0.75,4
UTILITY,Ornn,Velkoz,0.0,1
UTILITY,Velkoz,Ornn,1.0,1
MIDDLE,Naafiri,Orianna,0.42857142857142855,7
MIDDLE,Orianna,Naafiri,0.5714285714285714,7
TOP,Jax,Sejuani,1.0,1
TOP,Sejuani,Jax,0.0,1
BOTTOM,Seraphine,Draven,0.47058823529411764,17
BOTTOM,Draven,Seraphine,0.5294117647058824,17
TOP,Yone,Vayne,0.5,10
TOP,Vayne,Yone,0.5,10
JUNGLE,Graves,DrMundo,0.37037037037037035,27
JUNGLE,DrMundo,Graves,0.6296296296296297,27
TOP,Yorick,Sylas,0.0,4
TOP,Sylas,Yorick,1.0,4
JUNGLE,JarvanIV,Lillia,0.36,25
JUNGLE,Lillia,JarvanIV,0.64,25
BOTTOM,Aphelios,Yasuo,0.5,4
BOTTOM,Yasuo,Aphelios,0.5,4
UTILITY,Shaco,Senna,0.5,8
UTILITY,Senna,Shaco,0.5,8
TOP,Fiora,Yorick,0.8571428571428571,7
TOP,Yorick,Fiora,0.14285714285714285,7
BOTTOM,Sion,AurelionSol,1.0,1
BOTTOM,AurelionSol,Sion,0.0,1
TOP,Irelia,Kayle,0.5714285714285714,7
TOP,Kayle,Irelia,0.42857142857142855,7
UTILITY,Leblanc,Nasus,1.0,1
UTILITY,Nasus,Leblanc,0.0,1
TOP,Katarina,DrMundo,0.0,1
TOP,DrMundo,Katarina,1.0,1
BOTTOM,MissFortune,Senna,0.6363636363636364,22
BOTTOM,Senna,MissFortune,0.36363636363636365,22
UTILITY,Kayle,Karma,0.0,1
UTILITY,Karma,Kayle,1.0,1
BOTTOM,Yunara,Lux,0.5,10
BOTTOM,Lux,Yunara,0.5,10
MIDDLE,Xerath,Katarina,0.75,4
MIDDLE,Katarina,Xerath,0.25,4
TOP,Nasus,Zaahen,0.25,4
TOP,Zaahen,Nasus,0.75,4
JUNGLE,Maokai,Aatrox,0.6666666666666666,3
JUNGLE,Aatrox,Maokai,0.3333333333333333,3
UTILITY,Leona,Maokai,0.0,5
UTILITY,Maokai,Leona,1.0,5
JUNGLE,XinZhao,Shen,0.2222222222222222,9
JUNGLE,Shen,XinZhao,0.7777777777777778,9
MIDDLE,Syndra,Brand,0.6428571428571429,14
MIDDLE,Brand,Syndra,0.35714285714285715,14
TOP,Mel,Vi,0.0,1
TOP,Vi,Mel,1.0,1
MIDDLE,Lissandra,Xerath,0.5,10
MIDDLE,Xerath,Lissandra,0.5,10
UTILITY,Amumu,Nami,0.6666666666666666,3
UTILITY,Nami,Amumu,0.3333333333333333,3
UTILITY,Velkoz,Taric,1.0,3
UTILITY,Taric,Velkoz,0.0,3
MIDDLE,Ornn,Qiyana,0.3333333333333333,3
MIDDLE,Qiyana,Ornn,0.6666666666666666,3
TOP,Aurora,Zoe,0.5,4
TOP,Zoe,Aurora,0.5,4
JUNGLE,Poppy,Sejuani,1.0,1
JUNGLE,Sejuani,Poppy,0.0,1
MIDDLE,Yone,Ambessa,0.8,5
MIDDLE,Ambessa,Yone,0.2,5
TOP,Darius,Urgot,0.5,4
TOP,Urgot,Darius,0.5,4
MIDDLE,Katarina,Zoe,0.42857142857142855,7
MIDDLE,Zoe,Katarina,0.5714285714285714,7
JUNGLE,Hecarim,Ezreal,1.0,2
JUNGLE,Ezreal,Hecarim,0.0,2
BOTTOM,Velkoz,AurelionSol,0.2857142857142857,7
BOTTOM,AurelionSol,Velkoz,0.7142857142857143,7
MIDDLE,Chogath,Quinn,0.0,1
MIDDLE,Quinn,Chogath,1.0,1
BOTTOM,Ahri,Senna,0.25,4
BOTTOM,Senna,Ahri,0.75,4
JUNGLE,Udyr,Vi,0.6666666666666666,9
JUNGLE,Vi,Udyr,0.3333333333333333,9
MIDDLE,Orianna,Nasus,0.0,1
MIDDLE,Nasus,Orianna,1.0,1
JUNGLE,Sion,Nocturne,0.0,3
JUNGLE,Nocturne,Sion,1.0,3
TOP,Yone,Swain,0.0,3
TOP,Swain,Yone,1.0,3
UTILITY,Alistar,Velkoz,0.5833333333333334,12
UTILITY,Velkoz,Alistar,0.4166666666666667,12
JUNGLE,Qiyana,Graves,0.6944444444444444,36
JUNGLE,Graves,Qiyana,0.3055555555555556,36
UTILITY,Zoe,Rakan,0.4,5
UTILITY,Rakan,Zoe,0.6,5
JUNGLE,Hecarim,Sejuani,0.75,8
JUNGLE,Sejuani,Hecarim,0.25,8
MIDDLE,Galio,Karthus,1.0,2
MIDDLE,Karthus,Galio,0.0,2
TOP,Graves,Akali,1.0,1
TOP,Akali,Graves,0.0,1
UTILITY,Sylas,Ezreal,1.0,1
UTILITY,Ezreal,Sylas,0.0,1
BOTTOM,Ezreal,Sion,0.3333333333333333,6
BOTTOM,Sion,Ezreal,0.6666666666666666,6
TOP,Volibear,Gnar,0.0,7
TOP,Gnar,Volibear,1.0,7
BOTTOM,KogMaw,Twitch,0.3333333333333333,3
BOTTOM,Twitch,KogMaw,0.6666666666666666,3
JUNGLE,Chogath,XinZhao,0.75,4
JUNGLE,XinZhao,Chogath,0.25,4
MIDDLE,Ornn,Fizz,1.0,1
MIDDLE,Fizz,Ornn,0.0,1
BOTTOM,Jhin,Hwei,0.7647058823529411,17
BOTTOM,Hwei,Jhin,0.23529411764705882,17
MIDDLE,Galio,Irelia,0.5,10
MIDDLE,Irelia,Galio,0.5,10
TOP,Yone,Aurora,0.45454545454545453,11
TOP,Aurora,Yone,0.5454545454545454,11
JUNGLE,Graves,Nocturne,0.5254237288135594,59
JUNGLE,Nocturne,Graves,0.4745762711864407,59
TOP,Zed,Malphite,0.2857142857142857,7
TOP,Malphite,Zed,0.7142857142857143,7
JUNGLE,Graves,Sejuani,0.6363636363636364,11
JUNGLE,Sejuani,Graves,0.36363636363636365,11
UTILITY,Yuumi,Seraphine,0.25,12
UTILITY,Seraphine,Yuumi,0.75,12
UTILITY,Neeko,KSante,0.0,1
UTILITY,KSante,Neeko,1.0,1
BOTTOM,Kalista,Lux,0.5,6
BOTTOM,Lux,Kalista,0.5,6
MIDDLE,Brand,Zed,0.2,5
MIDDLE,Zed,Brand,0.8,5
UTILITY,Nautilus,Vex,0.5,2
UTILITY,Vex,Nautilus,0.5,2
TOP,Zaahen,Karthus,0.5,2
TOP,Karthus,Zaahen,0.5,2
JUNGLE,Hecarim,Vi,0.6470588235294118,17
JUNGLE,Vi,Hecarim,0.35294117647058826,17
TOP,Teemo,Zed,1.0,2
TOP,Zed,Teemo,0.0,2
BOTTOM,Jinx,Cassiopeia,0.6666666666666666,6
BOTTOM,Cassiopeia,Jinx,0.3333333333333333,6
BOTTOM,Xayah,Ziggs,0.25,4
BOTTOM,Ziggs,Xayah,0.75,4
MIDDLE,Mel,Veigar,0.6666666666666666,3
MIDDLE,Veigar,Mel,0.3333333333333333,3
TOP,Gwen,TwistedFate,0.0,2
TOP,TwistedFate,Gwen,1.0,2
MIDDLE,Kennen,Taliyah,0.0,1
MIDDLE,Taliyah,Kennen,1.0,1
MIDDLE,Jayce,Irelia,0.5714285714285714,7
MIDDLE,Irelia,Jayce,0.42857142857142855,7
TOP,Sylas,MasterYi,0.5,2
TOP,MasterYi,Sylas,0.5,2
JUNGLE,Shaco,Darius,0.3333333333333333,3
JUNGLE,Darius,Shaco,0.6666666666666666,3
TOP,Kayn,Ekko,0.0,1
TOP,Ekko,Kayn,1.0,1
BOTTOM,Corki,Akali,0.0,1
BOTTOM,Akali,Corki,1.0,1
TOP,Anivia,Sion,0.3684210526315789,19
TOP,Sion,Anivia,0.631578947368421,19
TOP,Darius,Sylas,0.6,5
TOP,Sylas,Darius,0.4,5
BOTTOM,Anivia,Qiyana,0.0,1
BOTTOM,Qiyana,Anivia,1.0,1
MIDDLE,Zed,Ambessa,1.0,4
MIDDLE,Ambessa,Zed,0.0,4
TOP,Poppy,Urgot,1.0,1
TOP,Urgot,Poppy,0.0,1
MIDDLE,Quinn,Naafiri,1.0,1
MIDDLE,Naafiri,Quinn,0.0,1
MIDDLE,MasterYi,Ahri,0.3333333333333333,3
MIDDLE,Ahri,MasterYi,0.6666666666666666,3
BOTTOM,Karthus,Senna,0.5384615384615384,26
BOTTOM,Senna,Karthus,0.46153846153846156,26
MIDDLE,Zed,Azir,0.6,5
MIDDLE,Azir,Zed,0.4,5
BOTTOM,Zilean,Kaisa,0.4,5
BOTTOM,Kaisa,Zilean,0.6,5
JUNGLE,XinZhao,Rumble,0.5,2
JUNGLE,Rumble,XinZhao,0.5,2
MIDDLE,Olaf,TwistedFate,0.0,1
MIDDLE,TwistedFate,Olaf,1.0,1
TOP,Volibear,Graves,0.0,1
TOP,Graves,Volibear,1.0,1
JUNGLE,Pantheon,Nocturne,0.42857142857142855,21
JUNGLE,Nocturne,Pantheon,0.5714285714285714,21
TOP,Ekko,Zac,0.0,1
TOP,Zac,Ekko,1.0,1
MIDDLE,Qiyana,Hwei,0.5833333333333334,12
MIDDLE,Hwei,Qiyana,0.4166666666666667,12
UTILITY,Janna,Skarner,0.5,4
UTILITY,Skarner,Janna,0.5,4
JUNGLE,Shyvana,Belveth,0.5,6
JUNGLE,Belveth,Shyvana,0.5,6
TOP,Caitlyn,Poppy,1.0,1
TOP,Poppy,Caitlyn,0.0,1
UTILITY,Poppy,Annie,1.0,1
UTILITY,Annie,Poppy,0.0,1
MIDDLE,Akshan,KogMaw,0.5,4
MIDDLE,KogMaw,Akshan,0.5,4
JUNGLE,Briar,MasterYi,0.3333333333333333,9
JUNGLE,MasterYi,Briar,0.6666666666666666,9
MIDDLE,Zed,Ivern,0.5,2
MIDDLE,Ivern,Zed,0.5,2
MIDDLE,Qiyana,Singed,1.0,2
MIDDLE,Singed,Qiyana,0.0,2
TOP,Anivia,Fiora,0.0,7
TOP,Fiora,Anivia,1.0,7
BOTTOM,Kalista,Zilean,1.0,2
BOTTOM,Zilean,Kalista,0.0,2
MIDDLE,Zed,Sion,0.2857142857142857,7
MIDDLE,Sion,Zed,0.7142857142857143,7
TOP,KSante,Sylas,0.16666666666666666,6
TOP,Sylas,KSante,0.8333333333333334,6
BOTTOM,Smolder,Zyra,0.42857142857142855,7
BOTTOM,Zyra,Smolder,0.5714285714285714,7
TOP,Shyvana,Vayne,0.0,2
TOP,Vayne,Shyvana,1.0,2
UTILITY,Alistar,Soraka,0.5555555555555556,9
UTILITY,Soraka,Alistar,0.4444444444444444,9
MIDDLE,Malphite,Xerath,0.0,1
MIDDLE,Xerath,Malphite,1.0,1
BOTTOM,Naafiri,Zed,1.0,1
BOTTOM,Zed,Naafiri,0.0,1
MIDDLE,Viktor,TwistedFate,0.46875,32
MIDDLE,TwistedFate,Viktor,0.53125,32
TOP,Ekko,Vayne,0.625,8
TOP,Vayne,Ekko,0.375,8
UTILITY,RekSai,Bard,0.0,1
UTILITY,Bard,RekSai,1.0,1
BOTTOM,Xayah,Ekko,0.0,1
BOTTOM,Ekko,Xayah,1.0,1
JUNGLE,Shyvana,JarvanIV,0.4827586206896552,29
JUNGLE,JarvanIV,Shyvana,0.5172413793103449,29
JUNGLE,Nocturne,Shyvana,0.5714285714285714,14
JUNGLE,Shyvana,Nocturne,0.42857142857142855,14
TOP,Sion,AurelionSol,0.5,4
TOP,AurelionSol,Sion,0.5,4
JUNGLE,Jayce,Ivern,0.6666666666666666,9
JUNGLE,Ivern,Jayce,0.3333333333333333,9
JUNGLE,Shyvana,Nidalee,0.6,10
JUNGLE,Nidalee,Shyvana,0.4,10
TOP,Chogath,Olaf,0.36363636363636365,11
TOP,Olaf,Chogath,0.6363636363636364,11
JUNGLE,Shyvana,Viego,0.3125,16
JUNGLE,Viego,Shyvana,0.6875,16
TOP,Gnar,Akali,0.7272727272727273,11
TOP,Akali,Gnar,0.2727272727272727,11
JUNGLE,Diana,Kindred,0.0,2
JUNGLE,Kindred,Diana,1.0,2
MIDDLE,Yasuo,Sion,0.75,4
MIDDLE,Sion,Yasuo,0.25,4
TOP,Maokai,Renekton,0.0,1
TOP,Renekton,Maokai,1.0,1
MIDDLE,Hwei,Lux,0.3333333333333333,3
MIDDLE,Lux,Hwei,0.6666666666666666,3
JUNGLE,Shen,Zyra,0.5,2
JUNGLE,Zyra,Shen,0.5,2
MIDDLE,Lux,Corki,1.0,2
MIDDLE,Corki,Lux,0.0,2
TOP,Olaf,Anivia,0.8,5
TOP,Anivia,Olaf,0.2,5
JUNGLE,FiddleSticks,JarvanIV,0.36363636363636365,11
JUNGLE,JarvanIV,FiddleSticks,0.6363636363636364,11
JUNGLE,Yone,Nocturne,0.0,1
JUNGLE,Nocturne,Yone,1.0,1
BOTTOM,Xayah,Nilah,0.5,6
BOTTOM,Nilah,Xayah,0.5,6
TOP,Graves,Renekton,1.0,1
TOP,Renekton,Graves,0.0,1
JUNGLE,Skarner,Zaahen,0.6,5
JUNGLE,Zaahen,Skarner,0.4,5
MIDDLE,Naafiri,Aurora,0.4444444444444444,9
MIDDLE,Aurora,Naafiri,0.5555555555555556,9
MIDDLE,Sett,Sion,1.0,1
MIDDLE,Sion,Sett,0.0,1
BOTTOM,Syndra,Senna,0.6153846153846154,13
BOTTOM,Senna,Syndra,0.38461538461538464,13
MIDDLE,Ekko,Cassiopeia,0.5,30
MIDDLE,Cassiopeia,Ekko,0.5,30
UTILITY,KSante,Rakan,0.3333333333333333,3
UTILITY,Rakan,KSante,0.6666666666666666,3
UTILITY,Alistar,Brand,0.6666666666666666,3
UTILITY,Brand,Alistar,0.3333333333333333,3
JUNGLE,Nocturne,Briar,0.2727272727272727,11
JUNGLE,Briar,Nocturne,0.7272727272727273,11
TOP,Gnar,Varus,0.2777777777777778,18
TOP,Varus,Gnar,0.7222222222222222,18
MIDDLE,Aurora,Xerath,0.46153846153846156,13
MIDDLE,Xerath,Aurora,0.5384615384615384,13
BOTTOM,Corki,Vayne,0.2857142857142857,7
BOTTOM,Vayne,Corki,0.7142857142857143,7
JUNGLE,Ivern,Shyvana,0.5714285714285714,7
JUNGLE,Shyvana,Ivern,0.42857142857142855,7
TOP,Fiora,Skarner,0.5,2
TOP,Skarner,Fiora,0.5,2
JUNGLE,Sylas,Nocturne,0.6666666666666666,33
JUNGLE,Nocturne,Sylas,0.3333333333333333,33
MIDDLE,Lissandra,Taliyah,0.8333333333333334,6
MIDDLE,Taliyah,Lissandra,0.16666666666666666,6
TOP,Vayne,Rengar,1.0,2
TOP,Rengar,Vayne,0.0,2
TOP,KSante,Anivia,0.3333333333333333,12
TOP,Anivia,KSante,0.6666666666666666,12
JUNGLE,Talon,Zed,0.3333333333333333,12
JUNGLE,Zed,Talon,0.6666666666666666,12
JUNGLE,Udyr,Briar,0.5,4
JUNGLE,Briar,Udyr,0.5,4
TOP,Quinn,Karthus,0.5,2
TOP,Karthus,Quinn,0.5,2
BOTTOM,Zilean,Velkoz,0.8,5
BOTTOM,Velkoz,Zilean,0.2,5
JUNGLE,DrMundo,Shyvana,0.6,5
JUNGLE,Shyvana,DrMundo,0.4,5
MIDDLE,Aatrox,Swain,0.0,1
MIDDLE,Swain,Aatrox,1.0,1
UTILITY,Veigar,Lulu,0.5,2
UTILITY,Lulu,Veigar,0.5,2
BOTTOM,Zilean,Corki,0.5,2
BOTTOM,Corki,Zilean,0.5,2
JUNGLE,Naafiri,Rengar,0.3939393939393939,33
JUNGLE,Rengar,Naafiri,0.6060606060606061,33
MIDDLE,Ryze,Karthus,0.3333333333333333,3
MIDDLE,Karthus,Ryze,0.6666666666666666,3
MIDDLE,TwistedFate,Aurora,0.5,26
MIDDLE,Aurora,TwistedFate,0.5,26
UTILITY,Senna,Anivia,0.4166666666666667,12
UTILITY,Anivia,Senna,0.5833333333333334,12
JUNGLE,Shaco,Jax,0.5,2
JUNGLE,Jax,Shaco,0.5,2
JUNGLE,Shyvana,Olaf,0.3333333333333333,3
JUNGLE,Olaf,Shyvana,0.6666666666666666,3
JUNGLE,Naafiri,Shyvana,0.5,22
JUNGLE,Shyvana,Naafiri,0.5,22
JUNGLE,JarvanIV,Briar,0.4166666666666667,24
JUNGLE,Briar,JarvanIV,0.5833333333333334,24
MIDDLE,Veigar,Malzahar,0.3,10
MIDDLE,Malzahar,Veigar,0.7,10
TOP,Kled,Gnar,0.0,3
TOP,Gnar,Kled,1.0,3
JUNGLE,Jax,Taliyah,1.0,1
JUNGLE,Taliyah,Jax,0.0,1
TOP,Gnar,Ambessa,0.6666666666666666,18
TOP,Ambessa,Gnar,0.3333333333333333,18
UTILITY,KSante,Janna,1.0,1
UTILITY,Janna,KSante,0.0,1
TOP,Ekko,Gnar,0.0,1
TOP,Gnar,Ekko,1.0,1
TOP,DrMundo,Aurora,0.42857142857142855,14
TOP,Aurora,DrMundo,0.5714285714285714,14
JUNGLE,MasterYi,MonkeyKing,0.5,12
JUNGLE,MonkeyKing,MasterYi,0.5,12
TOP,FiddleSticks,Sion,0.25,4
TOP,Sion,FiddleSticks,0.75,4
JUNGLE,Rumble,Graves,0.6666666666666666,3
JUNGLE,Graves,Rumble,0.3333333333333333,3
MIDDLE,Akali,Velkoz,0.4,5
MIDDLE,Velkoz,Akali,0.6,5
JUNGLE,Aatrox,Chogath,0.75,4
JUNGLE,Chogath,Aatrox,0.25,4
TOP,Lucian,Yorick,0.0,1
TOP,Yorick,Lucian,1.0,1
MIDDLE,TwistedFate,Ekko,0.5555555555555556,27
MIDDLE,Ekko,TwistedFate,0.4444444444444444,27
MIDDLE,Viktor,Annie,0.5161290322580645,31
MIDDLE,Annie,Viktor,0.4838709677419355,31
JUNGLE,Rengar,Skarner,0.4375,16
JUNGLE,Skarner,Rengar,0.5625,16
BOTTOM,Twitch,Mel,0.5,4
BOTTOM,Mel,Twitch,0.5,4
TOP,Tryndamere,Irelia,0.5,6
TOP,Irelia,Tryndamere,0.5,6
JUNGLE,Olaf,XinZhao,0.0,2
JUNGLE,XinZhao,Olaf,1.0,2
MIDDLE,Nunu,Tristana,0.0,3
MIDDLE,Tristana,Nunu,1.0,3
JUNGLE,Sylas,Shyvana,0.7857142857142857,14
JUNGLE,Shyvana,Sylas,0.21428571428571427,14
TOP,LeeSin,Velkoz,1.0,1
TOP,Velkoz,LeeSin,0.0,1
UTILITY,Soraka,Zoe,0.75,8
UTILITY,Zoe,Soraka,0.25,8
MIDDLE,Orianna,Nunu,0.6666666666666666,3
MIDDLE,Nunu,Orianna,0.3333333333333333,3
TOP,RekSai,Varus,0.4,5
TOP,Varus,RekSai,0.6,5
BOTTOM,Lux,Ezreal,0.5454545454545454,33
BOTTOM,Ezreal,Lux,0.45454545454545453,33
MIDDLE,Zoe,Gwen,1.0,2
MIDDLE,Gwen,Zoe,0.0,2
TOP,Akali,Yasuo,0.5,12
TOP,Yasuo,Akali,0.5,12
TOP,Skarner,Sion,0.5,6
TOP,Sion,Skarner,0.5,6
MIDDLE,Annie,Zoe,0.6153846153846154,13
MIDDLE,Zoe,Annie,0.38461538461538464,13
BOTTOM,Shaco,Lucian,0.0,2
BOTTOM,Lucian,Shaco,1.0,2
JUNGLE,Hecarim,Karthus,0.6363636363636364,11
JUNGLE,Karthus,Hecarim,0.36363636363636365,11
TOP,Malphite,Akshan,0.42857142857142855,7
TOP,Akshan,Malphite,0.5714285714285714,7
TOP,Olaf,Sion,0.6666666666666666,12
TOP,Sion,Olaf,0.3333333333333333,12
JUNGLE,Warwick,DrMundo,0.0,3
JUNGLE,DrMundo,Warwick,1.0,3
UTILITY,Braum,Soraka,0.6666666666666666,12
UTILITY,Soraka,Braum,0.3333333333333333,12
JUNGLE,Ivern,Karthus,0.6,5
JUNGLE,Karthus,Ivern,0.4,5
TOP,Kayle,Vladimir,0.0,1
TOP,Vladimir,Kayle,1.0,1
BOTTOM,Mel,Lux,0.25,4
BOTTOM,Lux,Mel,0.75,4
JUNGLE,Rengar,Zyra,0.25,4
JUNGLE,Zyra,Rengar,0.75,4
MIDDLE,Tristana,Akshan,0.4,5
MIDDLE,Akshan,Tristana,0.6,5
JUNGLE,Riven,Karthus,0.0,1
JUNGLE,Karthus,Riven,1.0,1
MIDDLE,Azir,Quinn,0.5,4
MIDDLE,Quinn,Azir,0.5,4
TOP,Akali,Malphite,0.46153846153846156,13
TOP,Malphite,Akali,0.5384615384615384,13
JUNGLE,Shaco,Udyr,0.3888888888888889,18
JUNGLE,Udyr,Shaco,0.6111111111111112,18
TOP,Riven,Ornn,0.7142857142857143,14
TOP,Ornn,Riven,0.2857142857142857,14
JUNGLE,Udyr,DrMundo,1.0,1
JUNGLE,DrMundo,Udyr,0.0,1
MIDDLE,Nasus,Swain,1.0,1
MIDDLE,Swain,Nasus,0.0,1
MIDDLE,Akshan,Zilean,0.5,4
MIDDLE,Zilean,Akshan,0.5,4
BOTTOM,Lux,Karthus,0.7142857142857143,7
BOTTOM,Karthus,Lux,0.2857142857142857,7
MIDDLE,Ahri,Yunara,0.0,1
MIDDLE,Yunara,Ahri,1.0,1
TOP,Gnar,Yasuo,0.2857142857142857,14
TOP,Yasuo,Gnar,0.7142857142857143,14
UTILITY,TahmKench,Bard,0.5,12
UTILITY,Bard,TahmKench,0.5,12
MIDDLE,Akali,Ekko,0.43478260869565216,23
MIDDLE,Ekko,Akali,0.5652173913043478,23
TOP,Vayne,LeeSin,0.3333333333333333,3
TOP,LeeSin,Vayne,0.6666666666666666,3
TOP,Zaahen,Vladimir,0.25,4
TOP,Vladimir,Zaahen,0.75,4
TOP,Nidalee,Ekko,1.0,1
TOP,Ekko,Nidalee,0.0,1
JUNGLE,Shyvana,Graves,0.4482758620689655,29
JUNGLE,Graves,Shyvana,0.5517241379310345,29
TOP,Sylas,Viego,0.0,1
TOP,Viego,Sylas,1.0,1
JUNGLE,Trundle,Skarner,0.5833333333333334,12
JUNGLE,Skarner,Trundle,0.4166666666666667,12
TOP,Cassiopeia,Ornn,0.5384615384615384,13
TOP,Ornn,Cassiopeia,0.46153846153846156,13
UTILITY,Skarner,Nautilus,0.25,4
UTILITY,Nautilus,Skarner,0.75,4
JUNGLE,Kindred,Karthus,0.25,4
JUNGLE,Karthus,Kindred,0.75,4
UTILITY,Syndra,Pyke,0.0,1
UTILITY,Pyke,Syndra,1.0,1
TOP,Jayce,Qiyana,0.25,8
TOP,Qiyana,Jayce,0.75,8
TOP,Singed,AurelionSol,1.0,1
TOP,AurelionSol,Singed,0.0,1
JUNGLE,Aatrox,Zyra,0.16666666666666666,6
JUNGLE,Zyra,Aatrox,0.8333333333333334,6
TOP,Malphite,Ambessa,0.5,20
TOP,Ambessa,Malphite,0.5,20
JUNGLE,Diana,MasterYi,0.6363636363636364,11
JUNGLE,MasterYi,Diana,0.36363636363636365,11
UTILITY,Rell,Teemo,0.5,2
UTILITY,Teemo,Rell,0.5,2
TOP,Shyvana,Sion,0.14285714285714285,7
TOP,Sion,Shyvana,0.8571428571428571,7
TOP,Quinn,KSante,0.6666666666666666,3
TOP,KSante,Quinn,0.3333333333333333,3
BOTTOM,Senna,Katarina,0.875,8
BOTTOM,Katarina,Senna,0.125,8
UTILITY,FiddleSticks,Lulu,0.5833333333333334,12
UTILITY,Lulu,FiddleSticks,0.4166666666666667,12
JUNGLE,MasterYi,Graves,0.53125,32
JUNGLE,Graves,MasterYi,0.46875,32
UTILITY,Anivia,Braum,0.3333333333333333,3
UTILITY,Braum,Anivia,0.6666666666666666,3
MIDDLE,Annie,Syndra,0.5405405405405406,37
MIDDLE,Syndra,Annie,0.4594594594594595,37
JUNGLE,Amumu,Vi,1.0,1
JUNGLE,Vi,Amumu,0.0,1
MIDDLE,Akshan,Camille,1.0,2
MIDDLE,Camille,Akshan,0.0,2
TOP,Sylas,Kassadin,1.0,2
TOP,Kassadin,Sylas,0.0,2
UTILITY,Seraphine,Mel,0.4,15
UTILITY,Mel,Seraphine,0.6,15
BOTTOM,KogMaw,Hwei,0.3333333333333333,3
BOTTOM,Hwei,KogMaw,0.6666666666666666,3
TOP,Jayce,Vi,0.0,1
TOP,Vi,Jayce,1.0,1
TOP,Singed,Gwen,0.6666666666666666,3
TOP,Gwen,Singed,0.3333333333333333,3
UTILITY,Sion,Nautilus,0.6666666666666666,3
UTILITY,Nautilus,Sion,0.3333333333333333,3
JUNGLE,Zac,Khazix,0.5,6
JUNGLE,Khazix,Zac,0.5,6
TOP,Kalista,Varus,0.4444444444444444,9
TOP,Varus,Kalista,0.5555555555555556,9
JUNGLE,Vayne,JarvanIV,0.5,4
JUNGLE,JarvanIV,Vayne,0.5,4
TOP,Zaahen,Zed,0.0,2
TOP,Zed,Zaahen,1.0,2
BOTTOM,AurelionSol,Nilah,0.6666666666666666,6
BOTTOM,Nilah,AurelionSol,0.3333333333333333,6
TOP,Ornn,Mordekaiser,0.7142857142857143,7
TOP,Mordekaiser,Ornn,0.2857142857142857,7
JUNGLE,LeeSin,Belveth,0.6153846153846154,13
JUNGLE,Belveth,LeeSin,0.38461538461538464,13
MIDDLE,Swain,Zoe,0.0,2
MIDDLE,Zoe,Swain,1.0,2
TOP,Varus,Draven,0.25,4
TOP,Draven,Varus,0.75,4
BOTTOM,Nilah,Aphelios,0.2857142857142857,7
BOTTOM,Aphelios,Nilah,0.7142857142857143,7
TOP,Swain,Taliyah,0.0,1
TOP,Taliyah,Swain,1.0,1
BOTTOM,Fiora,Jinx,0.0,3
BOTTOM,Jinx,Fiora,1.0,3
BOTTOM,Nilah,Kalista,0.0,6
BOTTOM,Kalista,Nilah,1.0,6
JUNGLE,Lillia,Zac,0.6666666666666666,6
JUNGLE,Zac,Lillia,0.3333333333333333,6
TOP,Ryze,Aurora,0.25,4
TOP,Aurora,Ryze,0.75,4
MIDDLE,Taliyah,Annie,0.7142857142857143,21
MIDDLE,Annie,Taliyah,0.2857142857142857,21
UTILITY,Bard,Ivern,0.6,5
UTILITY,Ivern,Bard,0.4,5
BOTTOM,Seraphine,Sivir,0.5,6
BOTTOM,Sivir,Seraphine,0.5,6
BOTTOM,Jinx,Veigar,0.4,5
BOTTOM,Veigar,Jinx,0.6,5
TOP,Jayce,Zoe,0.5,4
TOP,Zoe,Jayce,0.5,4
TOP,TwistedFate,Yorick,1.0,7
TOP,Yorick,TwistedFate,0.0,7
MIDDLE,Taliyah,Karma,1.0,1
MIDDLE,Karma,Taliyah,0.0,1
JUNGLE,Briar,Vi,0.5555555555555556,9
JUNGLE,Vi,Briar,0.4444444444444444,9
TOP,Sylas,Urgot,0.6666666666666666,3
TOP,Urgot,Sylas,0.3333333333333333,3
JUNGLE,LeeSin,Jax,1.0,3
JUNGLE,Jax,LeeSin,0.0,3
MIDDLE,Viktor,Qiyana,0.5882352941176471,17
MIDDLE,Qiyana,Viktor,0.4117647058823529,17
TOP,Gwen,Sylas,0.5,2
TOP,Sylas,Gwen,0.5,2
UTILITY,Pantheon,Seraphine,0.5,24
UTILITY,Seraphine,Pantheon,0.5,24
JUNGLE,Brand,DrMundo,0.25,4
JUNGLE,DrMundo,Brand,0.75,4
UTILITY,Pantheon,Soraka,0.6153846153846154,13
UTILITY,Soraka,Pantheon,0.38461538461538464,13
MIDDLE,Orianna,Olaf,1.0,1
MIDDLE,Olaf,Orianna,0.0,1
TOP,Ambessa,Viktor,0.6666666666666666,3
TOP,Viktor,Ambessa,0.3333333333333333,3
BOTTOM,Twitch,Ziggs,0.5,2
BOTTOM,Ziggs,Twitch,0.5,2
MIDDLE,Vayne,Yasuo,0.5,2
MIDDLE,Yasuo,Vayne,0.5,2
TOP,Tryndamere,Naafiri,1.0,2
TOP,Naafiri,Tryndamere,0.0,2
UTILITY,Shaco,Xerath,1.0,1
UTILITY,Xerath,Shaco,0.0,1
BOTTOM,Kalista,AurelionSol,0.42857142857142855,14
BOTTOM,AurelionSol,Kalista,0.5714285714285714,14
TOP,TwistedFate,Vladimir,0.0,1
TOP,Vladimir,TwistedFate,1.0,1
JUNGLE,Sylas,Udyr,0.5833333333333334,12
JUNGLE,Udyr,Sylas,0.4166666666666667,12
MIDDLE,Qiyana,Quinn,0.3333333333333333,3
MIDDLE,Quinn,Qiyana,0.6666666666666666,3
TOP,Vladimir,Irelia,0.25,8
TOP,Irelia,Vladimir,0.75,8
MIDDLE,Yasuo,Mel,0.5454545454545454,11
MIDDLE,Mel,Yasuo,0.45454545454545453,11
JUNGLE,Karthus,Shyvana,0.6666666666666666,3
JUNGLE,Shyvana,Karthus,0.3333333333333333,3
JUNGLE,Ambessa,Karthus,0.3,10
JUNGLE,Karthus,Ambessa,0.7,10
JUNGLE,Skarner,DrMundo,0.42857142857142855,7
JUNGLE,DrMundo,Skarner,0.5714285714285714,7
MIDDLE,Sylas,Kalista,0.5,2
MIDDLE,Kalista,Sylas,0.5,2
MIDDLE,Tristana,Syndra,0.2857142857142857,7
MIDDLE,Syndra,Tristana,0.7142857142857143,7
TOP,Ornn,Vladimir,0.42857142857142855,7
TOP,Vladimir,Ornn,0.5714285714285714,7
UTILITY,Ekko,Karma,0.25,4
UTILITY,Karma,Ekko,0.75,4
MIDDLE,Annie,Ekko,0.25,24
MIDDLE,Ekko,Annie,0.75,24
BOTTOM,Vladimir,Ezreal,0.5769230769230769,26
BOTTOM,Ezreal,Vladimir,0.4230769230769231,26
BOTTOM,Yunara,Anivia,0.5,6
BOTTOM,Anivia,Yunara,0.5,6
BOTTOM,Twitch,Caitlyn,0.36363636363636365,22
BOTTOM,Caitlyn,Twitch,0.6363636363636364,22
TOP,Ryze,KogMaw,0.0,1
TOP,KogMaw,Ryze,1.0,1
BOTTOM,Zoe,Jhin,1.0,2
BOTTOM,Jhin,Zoe,0.0,2
JUNGLE,Qiyana,Karthus,0.375,8
JUNGLE,Karthus,Qiyana,0.625,8
MIDDLE,Annie,AurelionSol,0.4444444444444444,9
MIDDLE,AurelionSol,Annie,0.5555555555555556,9
TOP,Heimerdinger,Renekton,0.3333333333333333,3
TOP,Renekton,Heimerdinger,0.6666666666666666,3
BOTTOM,Draven,Jinx,0.525,40
BOTTOM,Jinx,Draven,0.475,40
UTILITY,Pantheon,Thresh,0.42857142857142855,21
UTILITY,Thresh,Pantheon,0.5714285714285714,21
BOTTOM,Katarina,Anivia,0.0,1
BOTTOM,Anivia,Katarina,1.0,1
BOTTOM,Samira,Vayne,0.2,15
BOTTOM,Vayne,Samira,0.8,15
TOP,Yone,Chogath,0.5,12
TOP,Chogath,Yone,0.5,12
JUNGLE,Skarner,LeeSin,0.4722222222222222,36
JUNGLE,LeeSin,Skarner,0.5277777777777778,36
MIDDLE,Tristana,Viktor,0.6,5
MIDDLE,Viktor,Tristana,0.4,5
BOTTOM,Sivir,Lucian,0.5714285714285714,14
BOTTOM,Lucian,Sivir,0.42857142857142855,14
MIDDLE,TwistedFate,Karthus,0.5714285714285714,7
MIDDLE,Karthus,TwistedFate,0.42857142857142855,7
TOP,KogMaw,Irelia,0.6666666666666666,3
TOP,Irelia,KogMaw,0.3333333333333333,3
UTILITY,Taric,Neeko,0.3333333333333333,12
UTILITY,Neeko,Taric,0.6666666666666666,12
BOTTOM,Senna,Heimerdinger,0.3333333333333333,3
BOTTOM,Heimerdinger,Senna,0.6666666666666666,3
TOP,Annie,Renekton,0.5,4
TOP,Renekton,Annie,0.5,4
MIDDLE,Katarina,Annie,0.3448275862068966,29
MIDDLE,Annie,Katarina,0.6551724137931034,29
MIDDLE,Darius,Qiyana,0.5,2
MIDDLE,Qiyana,Darius,0.5,2
UTILITY,Nautilus,Anivia,0.5625,16
UTILITY,Anivia,Nautilus,0.4375,16
TOP,RekSai,Akali,0.6666666666666666,3
TOP,Akali,RekSai,0.3333333333333333,3
BOTTOM,Jhin,Chogath,0.5,2
BOTTOM,Chogath,Jhin,0.5,2
MIDDLE,Akali,Varus,0.0,3
MIDDLE,Varus,Akali,1.0,3
TOP,Galio,Sion,0.6666666666666666,3
TOP,Sion,Galio,0.3333333333333333,3
JUNGLE,Graves,Naafiri,0.5342465753424658,73
JUNGLE,Naafiri,Graves,0.4657534246575342,73
BOTTOM,Katarina,Lucian,0.5,2
BOTTOM,Lucian,Katarina,0.5,2
MIDDLE,Morgana,Qiyana,1.0,1
MIDDLE,Qiyana,Morgana,0.0,1
MIDDLE,Nunu,TwistedFate,0.0,1
MIDDLE,TwistedFate,Nunu,1.0,1
TOP,AurelionSol,Akali,0.0,2
TOP,Akali,AurelionSol,1.0,2
TOP,Vayne,KogMaw,0.5,4
TOP,KogMaw,Vayne,0.5,4
TOP,TwistedFate,Yasuo,0.3333333333333333,3
TOP,Yasuo,TwistedFate,0.6666666666666666,3
UTILITY,Camille,Poppy,0.2857142857142857,14
UTILITY,Poppy,Camille,0.7142857142857143,14
MIDDLE,Ahri,Shyvana,0.0,1
MIDDLE,Shyvana,Ahri,1.0,1
TOP,Ornn,Vayne,0.4222222222222222,45
TOP,Vayne,Ornn,0.5777777777777777,45
TOP,Shen,DrMundo,0.5,12
TOP,DrMundo,Shen,0.5,12
UTILITY,Anivia,Janna,0.3333333333333333,12
UTILITY,Janna,Anivia,0.6666666666666666,12
TOP,Urgot,TwistedFate,0.6666666666666666,3
TOP,TwistedFate,Urgot,0.3333333333333333,3
BOTTOM,Xayah,Samira,0.3076923076923077,13
BOTTOM,Samira,Xayah,0.6923076923076923,13
MIDDLE,Cassiopeia,Zoe,0.42857142857142855,14
MIDDLE,Zoe,Cassiopeia,0.5714285714285714,14
MIDDLE,Naafiri,Akali,0.4,5
MIDDLE,Akali,Naafiri,0.6,5
JUNGLE,FiddleSticks,Vi,0.5,4
JUNGLE,Vi,FiddleSticks,0.5,4
MIDDLE,LeeSin,Mel,0.6666666666666666,3
MIDDLE,Mel,LeeSin,0.3333333333333333,3
TOP,Cassiopeia,DrMundo,0.5454545454545454,11
TOP,DrMundo,Cassiopeia,0.45454545454545453,11
UTILITY,Zoe,Bard,0.5714285714285714,21
UTILITY,Bard,Zoe,0.42857142857142855,21
JUNGLE,Hecarim,Zyra,0.9090909090909091,11
JUNGLE,Zyra,Hecarim,0.09090909090909091,11
TOP,Darius,Zed,0.0,1
TOP,Zed,Darius,1.0,1
TOP,LeeSin,Kayle,1.0,2
TOP,Kayle,LeeSin,0.0,2
MIDDLE,Tristana,Fizz,1.0,2
MIDDLE,Fizz,Tristana,0.0,2
TOP,Karma,Yasuo,1.0,1
TOP,Yasuo,Karma,0.0,1
MIDDLE,Mel,Hwei,0.375,8
MIDDLE,Hwei,Mel,0.625,8
JUNGLE,Neeko,Talon,0.6666666666666666,3
JUNGLE,Talon,Neeko,0.3333333333333333,3
TOP,Ryze,Varus,0.3333333333333333,3
TOP,Varus,Ryze,0.6666666666666666,3
TOP,Trundle,Sylas,0.6666666666666666,3
TOP,Sylas,Trundle,0.3333333333333333,3
UTILITY,Sona,Senna,0.40625,32
UTILITY,Senna,Sona,0.59375,32
MIDDLE,Zilean,Talon,1.0,2
MIDDLE,Talon,Zilean,0.0,2
MIDDLE,Swain,Annie,0.42857142857142855,7
MIDDLE,Annie,Swain,0.5714285714285714,7
TOP,Garen,Kennen,0.5,6
TOP,Kennen,Garen,0.5,6
TOP,Viktor,Yorick,0.0,2
TOP,Yorick,Viktor,1.0,2
UTILITY,Anivia,Lulu,0.52,25
UTILITY,Lulu,Anivia,0.48,25
JUNGLE,Shyvana,Ekko,0.2857142857142857,7
JUNGLE,Ekko,Shyvana,0.7142857142857143,7
MIDDLE,Yasuo,Swain,0.5,4
MIDDLE,Swain,Yasuo,0.5,4
TOP,Anivia,Kayle,1.0,3
TOP,Kayle,Anivia,0.0,3
TOP,Akali,Illaoi,0.6,5
TOP,Illaoi,Akali,0.4,5
MIDDLE,Velkoz,Karthus,1.0,1
MIDDLE,Karthus,Velkoz,0.0,1
JUNGLE,Karthus,Zaahen,0.25,4
JUNGLE,Zaahen,Karthus,0.75,4
MIDDLE,KSante,Yone,0.0,1
MIDDLE,Yone,KSante,1.0,1
TOP,Sylas,Akali,0.8571428571428571,7
TOP,Akali,Sylas,0.14285714285714285,7
JUNGLE,Evelynn,Shyvana,0.6666666666666666,6
JUNGLE,Shyvana,Evelynn,0.3333333333333333,6
BOTTOM,MissFortune,Ambessa,0.0,1
BOTTOM,Ambessa,MissFortune,1.0,1
BOTTOM,Caitlyn,Chogath,1.0,1
BOTTOM,Chogath,Caitlyn,0.0,1
MIDDLE,Zaahen,Mel,1.0,1
MIDDLE,Mel,Zaahen,0.0,1
TOP,Aurora,Vayne,0.5,30
TOP,Vayne,Aurora,0.5,30
BOTTOM,Samira,Katarina,0.6666666666666666,3
BOTTOM,Katarina,Samira,0.3333333333333333,3
TOP,Shen,Aurora,0.25,12
TOP,Aurora,Shen,0.75,12
JUNGLE,Pantheon,Sejuani,0.3333333333333333,3
JUNGLE,Sejuani,Pantheon,0.6666666666666666,3
TOP,Jayce,Trundle,0.5714285714285714,14
TOP,Trundle,Jayce,0.42857142857142855,14
BOTTOM,Ezreal,Veigar,0.7,10
BOTTOM,Veigar,Ezreal,0.3,10
MIDDLE,Riven,Annie,0.7777777777777778,9
MIDDLE,Annie,Riven,0.2222222222222222,9
MIDDLE,Udyr,Zilean,0.0,1
MIDDLE,Zilean,Udyr,1.0,1
MIDDLE,Quinn,Ekko,0.25,8
MIDDLE,Ekko,Quinn,0.75,8
TOP,Akali,Zed,0.25,4
TOP,Zed,Akali,0.75,4
MIDDLE,Orianna,Karthus,0.0,2
MIDDLE,Karthus,Orianna,1.0,2
TOP,Irelia,Ornn,0.6153846153846154,13
TOP,Ornn,Irelia,0.38461538461538464,13
TOP,Rumble,Illaoi,0.8,5
TOP,Illaoi,Rumble,0.2,5
TOP,Ekko,Yasuo,0.5,4
TOP,Yasuo,Ekko,0.5,4
JUNGLE,Rammus,Ekko,0.5,2
JUNGLE,Ekko,Rammus,0.5,2
TOP,Kayn,Cassiopeia,1.0,1
TOP,Cassiopeia,Kayn,0.0,1
TOP,Zilean,Fiora,0.6666666666666666,3
TOP,Fiora,Zilean,0.3333333333333333,3
TOP,Ornn,Karma,0.75,4
TOP,Karma,Ornn,0.25,4
MIDDLE,Yone,Morgana,1.0,1
MIDDLE,Morgana,Yone,0.0,1
TOP,Garen,Darius,0.6,25
TOP,Darius,Garen,0.4,25
JUNGLE,Graves,Pantheon,0.5675675675675675,37
JUNGLE,Pantheon,Graves,0.43243243243243246,37
TOP,Lucian,Varus,0.5,2
TOP,Varus,Lucian,0.5,2
BOTTOM,Seraphine,Zoe,0.0,1
BOTTOM,Zoe,Seraphine,1.0,1
JUNGLE,Skarner,Shyvana,0.16666666666666666,6
JUNGLE,Shyvana,Skarner,0.8333333333333334,6
TOP,Shen,Garen,0.4666666666666667,15
TOP,Garen,Shen,0.5333333333333333,15
MIDDLE,Taliyah,Zed,0.5263157894736842,19
MIDDLE,Zed,Taliyah,0.47368421052631576,19
MIDDLE,Sylas,Lucian,0.0,1
MIDDLE,Lucian,Sylas,1.0,1
TOP,Camille,Sylas,0.5,4
TOP,Sylas,Camille,0.5,4
BOTTOM,Yasuo,Senna,0.6842105263157895,19
BOTTOM,Senna,Yasuo,0.3157894736842105,19
MIDDLE,Kassadin,Anivia,0.5454545454545454,11
MIDDLE,Anivia,Kassadin,0.45454545454545453,11
UTILITY,Alistar,Nasus,0.6666666666666666,3
UTILITY,Nasus,Alistar,0.3333333333333333,3
UTILITY,Shen,Skarner,1.0,1
UTILITY,Skarner,Shen,0.0,1
UTILITY,TahmKench,Leona,0.6,5
UTILITY,Leona,TahmKench,0.4,5
JUNGLE,Diana,Zac,0.6666666666666666,3
JUNGLE,Zac,Diana,0.3333333333333333,3
BOTTOM,Senna,Jinx,0.5421686746987951,83
BOTTOM,Jinx,Senna,0.4578313253012048,83
JUNGLE,FiddleSticks,Graves,0.38461538461538464,13
JUNGLE,Graves,FiddleSticks,0.6153846153846154,13
MIDDLE,Seraphine,Orianna,0.4,5
MIDDLE,Orianna,Seraphine,0.6,5
JUNGLE,Sylas,RekSai,0.36363636363636365,22
JUNGLE,RekSai,Sylas,0.6363636363636364,22
TOP,Mordekaiser,Ambessa,0.4,5
TOP,Ambessa,Mordekaiser,0.6,5
TOP,Ambessa,Olaf,0.46153846153846156,13
TOP,Olaf,Ambessa,0.5384615384615384,13
TOP,Zoe,Anivia,0.0,4
TOP,Anivia,Zoe,1.0,4
JUNGLE,Pantheon,Zaahen,0.5,6
JUNGLE,Zaahen,Pantheon,0.5,6
TOP,Gwen,Gnar,0.3333333333333333,3
TOP,Gnar,Gwen,0.6666666666666666,3
TOP,Kayn,Quinn,0.0,1
TOP,Quinn,Kayn,1.0,1
BOTTOM,Anivia,Sivir,0.0,1
BOTTOM,Sivir,Anivia,1.0,1
MIDDLE,Azir,Sylas,0.18181818181818182,11
MIDDLE,Sylas,Azir,0.8181818181818182,11
BOTTOM,AurelionSol,Sylas,1.0,1
BOTTOM,Sylas,AurelionSol,0.0,1
UTILITY,Nautilus,LeeSin,1.0,2
UTILITY,LeeSin,Nautilus,0.0,2
TOP,Malphite,Ryze,0.3333333333333333,6
TOP,Ryze,Malphite,0.6666666666666666,6
UTILITY,Lulu,Renata,0.5,14
UTILITY,Renata,Lulu,0.5,14
BOTTOM,Swain,Mel,0.5,6
BOTTOM,Mel,Swain,0.5,6
JUNGLE,Graves,Xayah,1.0,1
JUNGLE,Xayah,Graves,0.0,1
MIDDLE,Yone,Sion,0.4444444444444444,9
MIDDLE,Sion,Yone,0.5555555555555556,9
TOP,Ekko,Irelia,0.6666666666666666,3
TOP,Irelia,Ekko,0.3333333333333333,3
JUNGLE,DrMundo,Ezreal,0.0,2
JUNGLE,Ezreal,DrMundo,1.0,2
TOP,Zoe,Velkoz,0.6666666666666666,3
TOP,Velkoz,Zoe,0.3333333333333333,3
MIDDLE,Aurora,Trundle,1.0,1
MIDDLE,Trundle,Aurora,0.0,1
TOP,Qiyana,Irelia,0.5,4
TOP,Irelia,Qiyana,0.5,4
TOP,Qiyana,KSante,0.6666666666666666,6
TOP,KSante,Qiyana,0.3333333333333333,6
MIDDLE,Mel,Akshan,0.25,12
MIDDLE,Akshan,Mel,0.75,12
TOP,Malphite,Shaco,1.0,1
TOP,Shaco,Malphite,0.0,1
JUNGLE,Zac,Darius,1.0,1
JUNGLE,Darius,Zac,0.0,1
TOP,DrMundo,KSante,0.2857142857142857,7
TOP,KSante,DrMundo,0.7142857142857143,7
MIDDLE,Velkoz,Mel,0.25,4
MIDDLE,Mel,Velkoz,0.75,4
TOP,Cassiopeia,Urgot,0.75,4
TOP,Urgot,Cassiopeia,0.25,4
JUNGLE,Nocturne,Lillia,0.5882352941176471,17
JUNGLE,Lillia,Nocturne,0.4117647058823529,17
TOP,Ornn,Syndra,0.5,2
TOP,Syndra,Ornn,0.5,2
MIDDLE,Ziggs,Orianna,0.4,5
MIDDLE,Orianna,Ziggs,0.6,5
MIDDLE,Kennen,Irelia,1.0,1
MIDDLE,Irelia,Kennen,0.0,1
BOTTOM,Jinx,Zyra,0.3333333333333333,6
BOTTOM,Zyra,Jinx,0.6666666666666666,6
JUNGLE,Shyvana,Talon,0.5172413793103449,29
JUNGLE,Talon,Shyvana,0.4827586206896552,29
MIDDLE,Sett,Nasus,0.0,1
MIDDLE,Nasus,Sett,1.0,1
TOP,Akshan,Kennen,0.0,4
TOP,Kennen,Akshan,1.0,4
BOTTOM,Senna,Veigar,0.6,5
BOTTOM,Veigar,Senna,0.4,5
TOP,Garen,Shyvana,0.6,5
TOP,Shyvana,Garen,0.4,5
MIDDLE,Karthus,Quinn,0.0,1
MIDDLE,Quinn,Karthus,1.0,1
TOP,Nidalee,Ornn,1.0,1
TOP,Ornn,Nidalee,0.0,1
BOTTOM,Xerath,Vayne,0.5,2
BOTTOM,Vayne,Xerath,0.5,2
MIDDLE,Kaisa,Lux,1.0,1
MIDDLE,Lux,Kaisa,0.0,1
TOP,Kennen,Yasuo,0.5,8
TOP,Yasuo,Kennen,0.5,8
JUNGLE,Ivern,MasterYi,0.3333333333333333,6
JUNGLE,MasterYi,Ivern,0.6666666666666666,6
UTILITY,Anivia,Seraphine,0.4074074074074074,27
UTILITY,Seraphine,Anivia,0.5925925925925926,27
BOTTOM,Senna,Zyra,0.3333333333333333,9
BOTTOM,Zyra,Senna,0.6666666666666666,9
MIDDLE,Ryze,Diana,0.6,10
MIDDLE,Diana,Ryze,0.4,10
MIDDLE,Akshan,Viktor,0.5238095238095238,42
MIDDLE,Viktor,Akshan,0.47619047619047616,42
UTILITY,Hwei,Lux,1.0,1
UTILITY,Lux,Hwei,0.0,1
JUNGLE,Ezreal,Warwick,0.0,1
JUNGLE,Warwick,Ezreal,1.0,1
MIDDLE,Lux,Aurora,0.75,16
MIDDLE,Aurora,Lux,0.25,16
UTILITY,Anivia,LeeSin,1.0,1
UTILITY,LeeSin,Anivia,0.0,1
BOTTOM,Senna,KogMaw,0.625,24
BOTTOM,KogMaw,Senna,0.375,24
JUNGLE,Skarner,Teemo,0.0,1
JUNGLE,Teemo,Skarner,1.0,1
MIDDLE,Riven,Galio,0.25,8
MIDDLE,Galio,Riven,0.75,8
JUNGLE,Nidalee,Ambessa,0.5,14
JUNGLE,Ambessa,Nidalee,0.5,14
JUNGLE,Ivern,Graves,0.4666666666666667,30
JUNGLE,Graves,Ivern,0.5333333333333333,30
TOP,Anivia,Aurora,0.26666666666666666,15
TOP,Aurora,Anivia,0.7333333333333333,15
MIDDLE,Vayne,Jayce,0.5,2
MIDDLE,Jayce,Vayne,0.5,2
TOP,Chogath,Aurora,0.25,4
TOP,Aurora,Chogath,0.75,4
JUNGLE,Aatrox,Vayne,0.6666666666666666,3
JUNGLE,Vayne,Aatrox,0.3333333333333333,3
MIDDLE,Akali,Darius,0.6666666666666666,3
MIDDLE,Darius,Akali,0.3333333333333333,3
TOP,Olaf,Aurora,0.25,8
TOP,Aurora,Olaf,0.75,8
JUNGLE,Lillia,Graves,0.42857142857142855,35
JUNGLE,Graves,Lillia,0.5714285714285714,35
UTILITY,Aurora,Nautilus,1.0,1
UTILITY,Nautilus,Aurora,0.0,1
JUNGLE,Riven,Aatrox,0.3333333333333333,3
JUNGLE,Aatrox,Riven,0.6666666666666666,3
JUNGLE,Shyvana,Ezreal,0.0,1
JUNGLE,Ezreal,Shyvana,1.0,1
TOP,Ambessa,Smolder,0.25,4
TOP,Smolder,Ambessa,0.75,4
TOP,Anivia,Sylas,0.6,5
TOP,Sylas,Anivia,0.4,5
UTILITY,Lux,Blitzcrank,0.5625,16
UTILITY,Blitzcrank,Lux,0.4375,16
TOP,Akali,Quinn,1.0,2
TOP,Quinn,Akali,0.0,2
UTILITY,Braum,Renata,0.6363636363636364,11
UTILITY,Renata,Braum,0.36363636363636365,11
MIDDLE,Nocturne,Morgana,1.0,1
MIDDLE,Morgana,Nocturne,0.0,1
TOP,Skarner,Cassiopeia,0.5,2
TOP,Cassiopeia,Skarner,0.5,2
MIDDLE,Corki,Zoe,1.0,1
MIDDLE,Zoe,Corki,0.0,1
UTILITY,Elise,RekSai,1.0,1
UTILITY,RekSai,Elise,0.0,1
TOP,Fizz,Rumble,0.5,2
TOP,Rumble,Fizz,0.5,2
UTILITY,Blitzcrank,Riven,1.0,1
UTILITY,Riven,Blitzcrank,0.0,1
TOP,Vayne,Pantheon,0.5,10
TOP,Pantheon,Vayne,0.5,10
UTILITY,Bard,Heimerdinger,1.0,1
UTILITY,Heimerdinger,Bard,0.0,1
JUNGLE,Diana,RekSai,0.5882352941176471,17
JUNGLE,RekSai,Diana,0.4117647058823529,17
TOP,Renekton,Garen,0.3333333333333333,15
TOP,Garen,Renekton,0.6666666666666666,15
MIDDLE,Velkoz,Katarina,0.5,4
MIDDLE,Katarina,Velkoz,0.5,4
UTILITY,Lux,Seraphine,0.3333333333333333,15
UTILITY,Seraphine,Lux,0.6666666666666666,15
UTILITY,Shen,TahmKench,0.0,2
UTILITY,TahmKench,Shen,1.0,2
MIDDLE,Xerath,Yone,0.4444444444444444,9
MIDDLE,Yone,Xerath,0.5555555555555556,9
TOP,Nasus,Varus,0.16666666666666666,6
TOP,Varus,Nasus,0.8333333333333334,6
UTILITY,Nautilus,Brand,0.46153846153846156,13
UTILITY,Brand,Nautilus,0.5384615384615384,13
TOP,Vladimir,Darius,0.2857142857142857,7
TOP,Darius,Vladimir,0.7142857142857143,7
UTILITY,Braum,Janna,0.6153846153846154,26
UTILITY,Janna,Braum,0.38461538461538464,26
JUNGLE,Olaf,Viego,0.3333333333333333,3
JUNGLE,Viego,Olaf,0.6666666666666666,3
TOP,Brand,Sion,0.8333333333333334,6
TOP,Sion,Brand,0.16666666666666666,6
BOTTOM,Twitch,Jinx,0.5172413793103449,29
BOTTOM,Jinx,Twitch,0.4827586206896552,29
JUNGLE,Evelynn,Sylas,0.2857142857142857,14
JUNGLE,Sylas,Evelynn,0.7142857142857143,14
MIDDLE,Ashe,Taliyah,0.0,1
MIDDLE,Taliyah,Ashe,1.0,1
BOTTOM,Veigar,Smolder,0.6666666666666666,6
BOTTOM,Smolder,Veigar,0.3333333333333333,6
UTILITY,Poppy,Seraphine,0.7142857142857143,7
UTILITY,Seraphine,Poppy,0.2857142857142857,7
JUNGLE,FiddleSticks,Shaco,0.3,10
JUNGLE,Shaco,FiddleSticks,0.7,10
TOP,Orianna,Vladimir,1.0,2
TOP,Vladimir,Orianna,0.0,2
JUNGLE,Aatrox,Kindred,0.2857142857142857,7
JUNGLE,Kindred,Aatrox,0.7142857142857143,7
MIDDLE,Naafiri,Kassadin,0.6666666666666666,6
MIDDLE,Kassadin,Naafiri,0.3333333333333333,6
TOP,Anivia,Swain,0.6666666666666666,3
TOP,Swain,Anivia,0.3333333333333333,3
TOP,Teemo,Cassiopeia,0.42857142857142855,7
TOP,Cassiopeia,Teemo,0.5714285714285714,7
BOTTOM,Caitlyn,Katarina,0.42857142857142855,7
BOTTOM,Katarina,Caitlyn,0.5714285714285714,7
MIDDLE,Azir,KogMaw,0.3333333333333333,3
MIDDLE,KogMaw,Azir,0.6666666666666666,3
JUNGLE,Ezreal,JarvanIV,0.6666666666666666,3
JUNGLE,JarvanIV,Ezreal,0.3333333333333333,3
TOP,Caitlyn,Vayne,0.5,2
TOP,Vayne,Caitlyn,0.5,2
TOP,Anivia,Singed,0.5,14
TOP,Singed,Anivia,0.5,14
BOTTOM,Rengar,Jinx,0.0,1
BOTTOM,Jinx,Rengar,1.0,1
TOP,Annie,Quinn,0.5,2
TOP,Quinn,Annie,0.5,2
UTILITY,Ivern,Thresh,0.0,1
UTILITY,Thresh,Ivern,1.0,1
JUNGLE,DrMundo,Vayne,1.0,2
JUNGLE,Vayne,DrMundo,0.0,2
MIDDLE,Zeri,Galio,0.6666666666666666,3
MIDDLE,Galio,Zeri,0.3333333333333333,3
MIDDLE,Leblanc,Talon,0.5,4
MIDDLE,Talon,Leblanc,0.5,4
TOP,Tristana,Sion,0.3333333333333333,6
TOP,Sion,Tristana,0.6666666666666666,6
JUNGLE,Vayne,Graves,0.4444444444444444,18
JUNGLE,Graves,Vayne,0.5555555555555556,18
TOP,Veigar,Jax,0.5,2
TOP,Jax,Veigar,0.5,2
UTILITY,Karma,Anivia,0.4166666666666667,24
UTILITY,Anivia,Karma,0.5833333333333334,24
BOTTOM,Vladimir,Jinx,0.6666666666666666,12
BOTTOM,Jinx,Vladimir,0.3333333333333333,12
JUNGLE,Shaco,Ezreal,0.0,2
JUNGLE,Ezreal,Shaco,1.0,2
MIDDLE,Zoe,Singed,0.0,1
MIDDLE,Singed,Zoe,1.0,1
TOP,Varus,Karthus,0.0,3
TOP,Karthus,Varus,1.0,3
JUNGLE,Nidalee,Udyr,0.125,8
JUNGLE,Udyr,Nidalee,0.875,8
JUNGLE,Zyra,Zaahen,0.6666666666666666,3
JUNGLE,Zaahen,Zyra,0.3333333333333333,3
MIDDLE,Ahri,Ornn,0.5,2
MIDDLE,Ornn,Ahri,0.5,2
JUNGLE,Fizz,Zaahen,0.0,1
JUNGLE,Zaahen,Fizz,1.0,1
MIDDLE,TwistedFate,Leblanc,0.5909090909090909,22
MIDDLE,Leblanc,TwistedFate,0.4090909090909091,22
TOP,Sejuani,RekSai,0.5,2
TOP,RekSai,Sejuani,0.5,2
UTILITY,Hwei,Nautilus,0.0,2
UTILITY,Nautilus,Hwei,1.0,2
MIDDLE,Yone,Vayne,1.0,1
MIDDLE,Vayne,Yone,0.0,1
BOTTOM,Ashe,Vayne,0.55,20
BOTTOM,Vayne,Ashe,0.45,20
TOP,DrMundo,Skarner,1.0,1
TOP,Skarner,DrMundo,0.0,1
UTILITY,Seraphine,Milio,0.7111111111111111,45
UTILITY,Milio,Seraphine,0.28888888888888886,45
TOP,Olaf,Trundle,0.375,8
TOP,Trundle,Olaf,0.625,8
JUNGLE,RekSai,Graves,0.5609756097560976,41
JUNGLE,Graves,RekSai,0.43902439024390244,41
TOP,Garen,Ryze,1.0,5
TOP,Ryze,Garen,0.0,5
MIDDLE,Fizz,Mel,0.0,2
MIDDLE,Mel,Fizz,1.0,2
MIDDLE,Ezreal,Lux,0.5,2
MIDDLE,Lux,Ezreal,0.5,2
MIDDLE,Brand,Xerath,0.6,5
MIDDLE,Xerath,Brand,0.4,5
BOTTOM,Kalista,Zeri,0.6037735849056604,53
BOTTOM,Zeri,Kalista,0.39622641509433965,53
JUNGLE,Ivern,Warwick,0.5,6
JUNGLE,Warwick,Ivern,0.5,6
MIDDLE,Leblanc,Cassiopeia,0.3,10
MIDDLE,Cassiopeia,Leblanc,0.7,10
BOTTOM,Yasuo,Ziggs,0.2857142857142857,7
BOTTOM,Ziggs,Yasuo,0.7142857142857143,7
MIDDLE,Azir,Cassiopeia,0.5,6
MIDDLE,Cassiopeia,Azir,0.5,6
MIDDLE,Kalista,Cassiopeia,0.0,2
MIDDLE,Cassiopeia,Kalista,1.0,2
TOP,Nidalee,Gragas,0.0,1
TOP,Gragas,Nidalee,1.0,1
MIDDLE,Mel,Leblanc,0.6666666666666666,6
MIDDLE,Leblanc,Mel,0.3333333333333333,6
MIDDLE,Taliyah,Qiyana,0.6428571428571429,14
MIDDLE,Qiyana,Taliyah,0.35714285714285715,14
MIDDLE,Mel,Lux,0.2857142857142857,7
MIDDLE,Lux,Mel,0.7142857142857143,7
JUNGLE,Kayn,Lillia,0.5384615384615384,13
JUNGLE,Lillia,Kayn,0.46153846153846156,13
TOP,Tryndamere,Kled,1.0,3
TOP,Kled,Tryndamere,0.0,3
BOTTOM,Mel,Veigar,0.3333333333333333,3
BOTTOM,Veigar,Mel,0.6666666666666666,3
TOP,Garen,Heimerdinger,0.25,4
TOP,Heimerdinger,Garen,0.75,4
UTILITY,Morgana,Bard,0.25,8
UTILITY,Bard,Morgana,0.75,8
TOP,Trundle,Darius,0.8333333333333334,6
TOP,Darius,Trundle,0.16666666666666666,6
JUNGLE,Briar,Sylas,0.6666666666666666,9
JUNGLE,Sylas,Briar,0.3333333333333333,9
JUNGLE,LeeSin,Darius,0.5,2
JUNGLE,Darius,LeeSin,0.5,2
TOP,Trundle,Fiora,0.0,3
TOP,Fiora,Trundle,1.0,3
TOP,Jax,Garen,0.38235294117647056,34
TOP,Garen,Jax,0.6176470588235294,34
JUNGLE,Zed,Kindred,0.3333333333333333,3
JUNGLE,Kindred,Zed,0.6666666666666666,3
MIDDLE,Hwei,Viktor,0.5555555555555556,27
MIDDLE,Viktor,Hwei,0.4444444444444444,27
BOTTOM,Taliyah,Veigar,1.0,1
BOTTOM,Veigar,Taliyah,0.0,1
TOP,KogMaw,Ornn,0.7142857142857143,7
TOP,Ornn,KogMaw,0.2857142857142857,7
JUNGLE,MasterYi,Kindred,0.2857142857142857,7
JUNGLE,Kindred,MasterYi,0.7142857142857143,7
UTILITY,Braum,Seraphine,0.21428571428571427,14
UTILITY,Seraphine,Braum,0.7857142857142857,14
UTILITY,Pyke,KSante,0.6,5
UTILITY,KSante,Pyke,0.4,5
BOTTOM,Zilean,Neeko,1.0,1
BOTTOM,Neeko,Zilean,0.0,1
TOP,Singed,MasterYi,1.0,4
TOP,MasterYi,Singed,0.0,4
BOTTOM,Veigar,Ashe,0.3333333333333333,6
BOTTOM,Ashe,Veigar,0.6666666666666666,6
TOP,Taliyah,Varus,0.5,4
TOP,Varus,Taliyah,0.5,4
MIDDLE,Hwei,Yone,0.3684210526315789,19
MIDDLE,Yone,Hwei,0.631578947368421,19
TOP,KSante,Camille,0.38461538461538464,13
TOP,Camille,KSante,0.6153846153846154,13
TOP,KSante,Veigar,0.0,2
TOP,Veigar,KSante,1.0,2
TOP,Pantheon,Malphite,0.75,12
TOP,Malphite,Pantheon,0.25,12
UTILITY,Amumu,Bard,0.6,5
UTILITY,Bard,Amumu,0.4,5
BOTTOM,Jinx,Seraphine,0.5555555555555556,9
BOTTOM,Seraphine,Jinx,0.4444444444444444,9
JUNGLE,MasterYi,XinZhao,0.375,16
JUNGLE,XinZhao,MasterYi,0.625,16
TOP,Varus,Pantheon,0.3333333333333333,6
TOP,Pantheon,Varus,0.6666666666666666,6
JUNGLE,Malphite,Qiyana,1.0,1
JUNGLE,Qiyana,Malphite,0.0,1
TOP,Malphite,Gwen,0.6666666666666666,9
TOP,Gwen,Malphite,0.3333333333333333,9
MIDDLE,Gwen,Leblanc,0.0,2
MIDDLE,Leblanc,Gwen,1.0,2
TOP,Xerath,Anivia,0.0,1
TOP,Anivia,Xerath,1.0,1
TOP,Ahri,Yasuo,0.6666666666666666,3
TOP,Yasuo,Ahri,0.3333333333333333,3
TOP,Jax,Anivia,0.5454545454545454,11
TOP,Anivia,Jax,0.45454545454545453,11
UTILITY,Zilean,Senna,0.3076923076923077,13
UTILITY,Senna,Zilean,0.6923076923076923,13
BOTTOM,Smolder,Velkoz,0.5454545454545454,11
BOTTOM,Velkoz,Smolder,0.45454545454545453,11
UTILITY,Ivern,Pyke,0.0,1
UTILITY,Pyke,Ivern,1.0,1
BOTTOM,Heimerdinger,Ashe,0.8333333333333334,6
BOTTOM,Ashe,Heimerdinger,0.16666666666666666,6
JUNGLE,Nasus,MasterYi,0.5,2
JUNGLE,MasterYi,Nasus,0.5,2
UTILITY,Shen,Pyke,0.2,5
UTILITY,Pyke,Shen,0.8,5
MIDDLE,Swain,Vladimir,0.6666666666666666,3
MIDDLE,Vladimir,Swain,0.3333333333333333,3
JUNGLE,Skarner,Sylas,0.6842105263157895,19
JUNGLE,Sylas,Skarner,0.3157894736842105,19
MIDDLE,Anivia,KSante,0.0,2
MIDDLE,KSante,Anivia,1.0,2
TOP,Teemo,Gnar,0.42857142857142855,7
TOP,Gnar,Teemo,0.5714285714285714,7
UTILITY,Leblanc,Lulu,0.5714285714285714,7
UTILITY,Lulu,Leblanc,0.42857142857142855,7
UTILITY,Taric,Shen,0.5,2
UTILITY,Shen,Taric,0.5,2
UTILITY,Taric,Senna,0.4444444444444444,18
UTILITY,Senna,Taric,0.5555555555555556,18
UTILITY,Taric,Sylas,1.0,1
UTILITY,Sylas,Taric,0.0,1
MIDDLE,Kled,Twitch,0.0,1
MIDDLE,Twitch,Kled,1.0,1
MIDDLE,Mel,KogMaw,1.0,1
MIDDLE,KogMaw,Mel,0.0,1
UTILITY,Swain,Seraphine,0.75,4
UTILITY,Seraphine,Swain,0.25,4
TOP,Yasuo,Chogath,0.25,4
TOP,Chogath,Yasuo,0.75,4
MIDDLE,Yasuo,Cassiopeia,0.6538461538461539,26
MIDDLE,Cassiopeia,Yasuo,0.34615384615384615,26
JUNGLE,Warwick,Briar,0.3333333333333333,3
JUNGLE,Briar,Warwick,0.6666666666666666,3
MIDDLE,Akshan,Vladimir,0.3333333333333333,18
MIDDLE,Vladimir,Akshan,0.6666666666666666,18
JUNGLE,Warwick,Evelynn,1.0,1
JUNGLE,Evelynn,Warwick,0.0,1
MIDDLE,Azir,Viego,1.0,1
MIDDLE,Viego,Azir,0.0,1
TOP,Yone,Singed,0.5454545454545454,22
TOP,Singed,Yone,0.45454545454545453,22
TOP,Akali,Chogath,0.6,5
TOP,Chogath,Akali,0.4,5
BOTTOM,Tristana,Veigar,0.0,1
BOTTOM,Veigar,Tristana,1.0,1
MIDDLE,TwistedFate,Zilean,0.0,2
MIDDLE,Zilean,TwistedFate,1.0,2
TOP,Gragas,Varus,0.5,10
TOP,Varus,Gragas,0.5,10
TOP,Vayne,Chogath,0.6666666666666666,15
TOP,Chogath,Vayne,0.3333333333333333,15
TOP,Vladimir,Malphite,0.4166666666666667,12
TOP,Malphite,Vladimir,0.5833333333333334,12
BOTTOM,Jinx,Sion,1.0,2
BOTTOM,Sion,Jinx,0.0,2
UTILITY,Mel,Senna,0.6666666666666666,3
UTILITY,Senna,Mel,0.3333333333333333,3
JUNGLE,Neeko,Jayce,1.0,2
JUNGLE,Jayce,Neeko,0.0,2
MIDDLE,Akali,Kalista,1.0,1
MIDDLE,Kalista,Akali,0.0,1
JUNGLE,Talon,Skarner,0.5294117647058824,34
JUNGLE,Skarner,Talon,0.47058823529411764,34
UTILITY,Zoe,Neeko,0.8,5
UTILITY,Neeko,Zoe,0.2,5
TOP,Karma,Shen,0.0,2
TOP,Shen,Karma,1.0,2
TOP,KSante,Mel,0.0,1
TOP,Mel,KSante,1.0,1
JUNGLE,JarvanIV,Ivern,0.39285714285714285,28
JUNGLE,Ivern,JarvanIV,0.6071428571428571,28
BOTTOM,Xayah,Irelia,0.0,1
BOTTOM,Irelia,Xayah,1.0,1
JUNGLE,Darius,Camille,0.0,1
JUNGLE,Camille,Darius,1.0,1
TOP,Anivia,Malphite,0.45454545454545453,11
TOP,Malphite,Anivia,0.5454545454545454,11
BOTTOM,Mel,KogMaw,0.5,4
BOTTOM,KogMaw,Mel,0.5,4
MIDDLE,Malphite,Ekko,0.5,4
MIDDLE,Ekko,Malphite,0.5,4
UTILITY,Galio,Rell,0.375,8
UTILITY,Rell,Galio,0.625,8
MIDDLE,AurelionSol,Ryze,0.8,5
MIDDLE,Ryze,AurelionSol,0.2,5
UTILITY,Soraka,Leona,0.5625,16
UTILITY,Leona,Soraka,0.4375,16
MIDDLE,Smolder,Malzahar,0.5217391304347826,23
MIDDLE,Malzahar,Smolder,0.4782608695652174,23
TOP,Singed,Irelia,0.5714285714285714,14
TOP,Irelia,Singed,0.42857142857142855,14
JUNGLE,Lillia,MonkeyKing,0.7692307692307693,13
JUNGLE,MonkeyKing,Lillia,0.23076923076923078,13
MIDDLE,Vayne,Ornn,1.0,2
MIDDLE,Ornn,Vayne,0.0,2
TOP,LeeSin,Malphite,0.6666666666666666,3
TOP,Malphite,LeeSin,0.3333333333333333,3
MIDDLE,Quinn,Lux,1.0,2
MIDDLE,Lux,Quinn,0.0,2
TOP,Gwen,Chogath,0.5,4
TOP,Chogath,Gwen,0.5,4
BOTTOM,Draven,Lux,0.5,12
BOTTOM,Lux,Draven,0.5,12
JUNGLE,XinZhao,Vayne,0.0,3
JUNGLE,Vayne,XinZhao,1.0,3
TOP,Tryndamere,Darius,0.5,8
TOP,Darius,Tryndamere,0.5,8
TOP,Singed,Chogath,0.5555555555555556,9
TOP,Chogath,Singed,0.4444444444444444,9
UTILITY,Anivia,Zoe,0.0,3
UTILITY,Zoe,Anivia,1.0,3
UTILITY,Poppy,Ivern,0.0,1
UTILITY,Ivern,Poppy,1.0,1
JUNGLE,Belveth,Sylas,0.75,8
JUNGLE,Sylas,Belveth,0.25,8
JUNGLE,Zaahen,Kindred,1.0,2
JUNGLE,Kindred,Zaahen,0.0,2
JUNGLE,Ambessa,Olaf,0.5,2
JUNGLE,Olaf,Ambessa,0.5,2
MIDDLE,Viktor,Sion,0.4166666666666667,12
MIDDLE,Sion,Viktor,0.5833333333333334,12
MIDDLE,Kassadin,Ekko,0.35294117647058826,17
MIDDLE,Ekko,Kassadin,0.6470588235294118,17
TOP,Katarina,Kled,0.0,1
TOP,Kled,Katarina,1.0,1
MIDDLE,Veigar,Zoe,0.6,5
MIDDLE,Zoe,Veigar,0.4,5
UTILITY,Zilean,Renata,0.3333333333333333,3
UTILITY,Renata,Zilean,0.6666666666666666,3
MIDDLE,Veigar,Katarina,0.0,2
MIDDLE,Katarina,Veigar,1.0,2
JUNGLE,Shyvana,Ambessa,0.2,5
JUNGLE,Ambessa,Shyvana,0.8,5
UTILITY,Senna,Vi,0.0,2
UTILITY,Vi,Senna,1.0,2
JUNGLE,Kindred,Lillia,0.7777777777777778,9
JUNGLE,Lillia,Kindred,0.2222222222222222,9
TOP,Renekton,Yorick,0.5,6
TOP,Yorick,Renekton,0.5,6
TOP,Irelia,Vayne,0.42105263157894735,19
TOP,Vayne,Irelia,0.5789473684210527,19
BOTTOM,Senna,Vayne,0.7,20
BOTTOM,Vayne,Senna,0.3,20
BOTTOM,Twitch,Seraphine,0.75,4
BOTTOM,Seraphine,Twitch,0.25,4
JUNGLE,Nidalee,Ezreal,1.0,1
JUNGLE,Ezreal,Nidalee,0.0,1
BOTTOM,Vladimir,Nilah,1.0,1
BOTTOM,Nilah,Vladimir,0.0,1
JUNGLE,Camille,XinZhao,1.0,2
JUNGLE,XinZhao,Camille,0.0,2
TOP,Ambessa,DrMundo,0.75,8
TOP,DrMundo,Ambessa,0.25,8
MIDDLE,Mel,Karma,0.5,2
MIDDLE,Karma,Mel,0.5,2
UTILITY,Bard,Twitch,0.0,1
UTILITY,Twitch,Bard,1.0,1
UTILITY,Taliyah,Senna,0.6666666666666666,3
UTILITY,Senna,Taliyah,0.3333333333333333,3
MIDDLE,Diana,Lissandra,0.5,4
MIDDLE,Lissandra,Diana,0.5,4
TOP,Fizz,Sylas,0.0,1
TOP,Sylas,Fizz,1.0,1
MIDDLE,Garen,Orianna,0.0,1
MIDDLE,Orianna,Garen,1.0,1
JUNGLE,Graves,Shen,0.25,4
JUNGLE,Shen,Graves,0.75,4
MIDDLE,Diana,Fizz,0.4,5
MIDDLE,Fizz,Diana,0.6,5
MIDDLE,Qiyana,Akshan,0.6666666666666666,24
MIDDLE,Akshan,Qiyana,0.3333333333333333,24
TOP,Aatrox,Graves,1.0,1
TOP,Graves,Aatrox,0.0,1
JUNGLE,Nocturne,Skarner,0.4444444444444444,18
JUNGLE,Skarner,Nocturne,0.5555555555555556,18
JUNGLE,Neeko,RekSai,0.3333333333333333,3
JUNGLE,RekSai,Neeko,0.6666666666666666,3
TOP,Shyvana,Jayce,1.0,4
TOP,Jayce,Shyvana,0.0,4
TOP,Jayce,Karma,0.5,4
TOP,Karma,Jayce,0.5,4
UTILITY,Sona,Twitch,1.0,1
UTILITY,Twitch,Sona,0.0,1
JUNGLE,Trundle,MasterYi,1.0,3
JUNGLE,MasterYi,Trundle,0.0,3
UTILITY,Rell,Nidalee,0.6666666666666666,6
UTILITY,Nidalee,Rell,0.3333333333333333,6
TOP,Akali,Fiora,0.5,6
TOP,Fiora,Akali,0.5,6
BOTTOM,Swain,Kalista,0.4444444444444444,9
BOTTOM,Kalista,Swain,0.5555555555555556,9
JUNGLE,Rengar,Poppy,0.2,5
JUNGLE,Poppy,Rengar,0.8,5
MIDDLE,Nunu,Zoe,0.0,2
MIDDLE,Zoe,Nunu,1.0,2
TOP,Kalista,Malphite,0.16666666666666666,6
TOP,Malphite,Kalista,0.8333333333333334,6
JUNGLE,Kindred,MonkeyKing,0.5,10
JUNGLE,MonkeyKing,Kindred,0.5,10
JUNGLE,Aatrox,Skarner,0.3,10
JUNGLE,Skarner,Aatrox,0.7,10
TOP,Garen,TwistedFate,0.3333333333333333,6
TOP,TwistedFate,Garen,0.6666666666666666,6
MIDDLE,Akshan,Irelia,0.6153846153846154,13
MIDDLE,Irelia,Akshan,0.38461538461538464,13
JUNGLE,Nocturne,Ezreal,0.5,2
JUNGLE,Ezreal,Nocturne,0.5,2
UTILITY,Ekko,Lissandra,1.0,1
UTILITY,Lissandra,Ekko,0.0,1
TOP,Irelia,Pantheon,0.5833333333333334,12
TOP,Pantheon,Irelia,0.4166666666666667,12
JUNGLE,Briar,Neeko,0.0,1
JUNGLE,Neeko,Briar,1.0,1
MIDDLE,Kayle,Zed,0.5,6
MIDDLE,Zed,Kayle,0.5,6
JUNGLE,Chogath,Ezreal,1.0,1
JUNGLE,Ezreal,Chogath,0.0,1
TOP,Qiyana,TahmKench,1.0,1
TOP,TahmKench,Qiyana,0.0,1
UTILITY,Leblanc,Pantheon,0.5,2
UTILITY,Pantheon,Leblanc,0.5,2
TOP,Gnar,Yorick,0.6363636363636364,11
TOP,Yorick,Gnar,0.36363636363636365,11
UTILITY,Nami,Swain,0.75,4
UTILITY,Swain,Nami,0.25,4
TOP,Camille,Gwen,0.4444444444444444,9
TOP,Gwen,Camille,0.5555555555555556,9
UTILITY,Janna,Leblanc,0.75,4
UTILITY,Leblanc,Janna,0.25,4
MIDDLE,Vex,Mel,0.2,5
MIDDLE,Mel,Vex,0.8,5
TOP,Sylas,Vayne,0.5,4
TOP,Vayne,Sylas,0.5,4
UTILITY,Taric,Leblanc,0.0,1
UTILITY,Leblanc,Taric,1.0,1
MIDDLE,Aphelios,Ahri,0.0,1
MIDDLE,Ahri,Aphelios,1.0,1
TOP,Darius,Gangplank,0.5714285714285714,7
TOP,Gangplank,Darius,0.42857142857142855,7
UTILITY,MasterYi,Blitzcrank,0.0,1
UTILITY,Blitzcrank,MasterYi,1.0,1
MIDDLE,Yasuo,Shen,1.0,1
MIDDLE,Shen,Yasuo,0.0,1
TOP,Varus,Lux,0.5,2
TOP,Lux,Varus,0.5,2
UTILITY,Milio,Amumu,0.6666666666666666,3
UTILITY,Amumu,Milio,0.3333333333333333,3
UTILITY,Milio,Leblanc,0.3333333333333333,3
UTILITY,Leblanc,Milio,0.6666666666666666,3
UTILITY,Neeko,Sylas,0.0,2
UTILITY,Sylas,Neeko,1.0,2
TOP,DrMundo,Yorick,0.0,5
TOP,Yorick,DrMundo,1.0,5
UTILITY,Pyke,Veigar,0.0,1
UTILITY,Veigar,Pyke,1.0,1
BOTTOM,AurelionSol,MissFortune,0.75,4
BOTTOM,MissFortune,AurelionSol,0.25,4
UTILITY,Brand,Bard,0.5454545454545454,11
UTILITY,Bard,Brand,0.45454545454545453,11
MIDDLE,Sion,Aatrox,0.0,1
MIDDLE,Aatrox,Sion,1.0,1
TOP,Vayne,Anivia,0.3684210526315789,19
TOP,Anivia,Vayne,0.631578947368421,19
TOP,Draven,DrMundo,1.0,1
TOP,DrMundo,Draven,0.0,1
MIDDLE,Leblanc,Bard,0.0,1
MIDDLE,Bard,Leblanc,1.0,1
TOP,Illaoi,DrMundo,0.5,2
TOP,DrMundo,Illaoi,0.5,2
MIDDLE,Seraphine,TwistedFate,0.0,2
MIDDLE,TwistedFate,Seraphine,1.0,2
BOTTOM,Zilean,Veigar,0.0,1
BOTTOM,Veigar,Zilean,1.0,1
MIDDLE,Xerath,Akshan,0.8571428571428571,7
MIDDLE,Akshan,Xerath,0.14285714285714285,7
TOP,Vayne,Kayn,0.5,2
TOP,Kayn,Vayne,0.5,2
UTILITY,Bard,Zac,1.0,3
UTILITY,Zac,Bard,0.0,3
JUNGLE,Viego,Darius,0.6666666666666666,3
JUNGLE,Darius,Viego,0.3333333333333333,3
TOP,Shen,Anivia,0.4,5
TOP,Anivia,Shen,0.6,5
MIDDLE,Kassadin,Tristana,0.5833333333333334,12
MIDDLE,Tristana,Kassadin,0.4166666666666667,12
TOP,Varus,Quinn,0.5,4
TOP,Quinn,Varus,0.5,4
TOP,Sejuani,Sion,1.0,1
TOP,Sion,Sejuani,0.0,1
TOP,Zaahen,Naafiri,1.0,1
TOP,Naafiri,Zaahen,0.0,1
UTILITY,Camille,Velkoz,1.0,4
UTILITY,Velkoz,Camille,0.0,4
TOP,Yasuo,FiddleSticks,1.0,1
TOP,FiddleSticks,Yasuo,0.0,1
BOTTOM,Sylas,Ezreal,0.4,5
BOTTOM,Ezreal,Sylas,0.6,5
BOTTOM,Taliyah,Kaisa,0.0,4
BOTTOM,Kaisa,Taliyah,1.0,4
JUNGLE,Chogath,Pantheon,0.0,1
JUNGLE,Pantheon,Chogath,1.0,1
UTILITY,Thresh,Zac,0.5,2
UTILITY,Zac,Thresh,0.5,2
BOTTOM,Qiyana,Ezreal,0.75,4
BOTTOM,Ezreal,Qiyana,0.25,4
TOP,Malphite,Fizz,1.0,1
TOP,Fizz,Malphite,0.0,1
UTILITY,Pyke,RekSai,1.0,1
UTILITY,RekSai,Pyke,0.0,1
TOP,Quinn,Ornn,0.7142857142857143,7
TOP,Ornn,Quinn,0.2857142857142857,7
MIDDLE,Velkoz,Kalista,1.0,1
MIDDLE,Kalista,Velkoz,0.0,1
MIDDLE,Gragas,Naafiri,0.0,1
MIDDLE,Naafiri,Gragas,1.0,1
MIDDLE,Ekko,Riven,0.29411764705882354,17
MIDDLE,Riven,Ekko,0.7058823529411765,17
BOTTOM,Taliyah,Ezreal,1.0,1
BOTTOM,Ezreal,Taliyah,0.0,1
MIDDLE,Darius,Sylas,1.0,1
MIDDLE,Sylas,Darius,0.0,1
TOP,Corki,Gnar,1.0,3
TOP,Gnar,Corki,0.0,3
JUNGLE,Ezreal,Belveth,0.0,1
JUNGLE,Belveth,Ezreal,1.0,1
UTILITY,Lux,Senna,0.3333333333333333,18
UTILITY,Senna,Lux,0.6666666666666666,18
JUNGLE,Belveth,Aatrox,0.6,5
JUNGLE,Aatrox,Belveth,0.4,5
BOTTOM,KogMaw,Lucian,0.5625,16
BOTTOM,Lucian,KogMaw,0.4375,16
JUNGLE,Hecarim,FiddleSticks,0.4444444444444444,9
JUNGLE,FiddleSticks,Hecarim,0.5555555555555556,9
MIDDLE,Brand,Cassiopeia,0.6,5
MIDDLE,Cassiopeia,Brand,0.4,5
TOP,Varus,Anivia,0.42857142857142855,21
TOP,Anivia,Varus,0.5714285714285714,21
UTILITY,Blitzcrank,Jax,0.0,2
UTILITY,Jax,Blitzcrank,1.0,2
UTILITY,Anivia,Leona,0.14285714285714285,7
UTILITY,Leona,Anivia,0.8571428571428571,7
MIDDLE,Cassiopeia,Quinn,0.6,5
MIDDLE,Quinn,Cassiopeia,0.4,5
JUNGLE,MonkeyKing,Fizz,0.5,4
JUNGLE,Fizz,MonkeyKing,0.5,4
BOTTOM,Tristana,Syndra,0.8,5
BOTTOM,Syndra,Tristana,0.2,5
MIDDLE,Akali,Draven,1.0,1
MIDDLE,Draven,Akali,0.0,1
TOP,Jayce,Sett,0.6666666666666666,9
TOP,Sett,Jayce,0.3333333333333333,9
JUNGLE,Pantheon,Taliyah,0.6,5
JUNGLE,Taliyah,Pantheon,0.4,5
MIDDLE,Cassiopeia,TwistedFate,0.3333333333333333,9
MIDDLE,TwistedFate,Cassiopeia,0.6666666666666666,9
TOP,Aurora,Skarner,0.6666666666666666,3
TOP,Skarner,Aurora,0.3333333333333333,3
BOTTOM,AurelionSol,Kayn,1.0,1
BOTTOM,Kayn,AurelionSol,0.0,1
JUNGLE,RekSai,Fizz,0.3333333333333333,3
JUNGLE,Fizz,RekSai,0.6666666666666666,3
TOP,Riven,Akshan,0.2,5
TOP,Akshan,Riven,0.8,5
MIDDLE,Syndra,Ziggs,1.0,3
MIDDLE,Ziggs,Syndra,0.0,3
TOP,Renekton,Shen,0.5833333333333334,12
TOP,Shen,Renekton,0.4166666666666667,12
JUNGLE,Briar,Zaahen,0.6666666666666666,3
JUNGLE,Zaahen,Briar,0.3333333333333333,3
MIDDLE,Mel,Lissandra,0.5,6
MIDDLE,Lissandra,Mel,0.5,6
TOP,Urgot,Yorick,0.5,4
TOP,Yorick,Urgot,0.5,4
MIDDLE,Annie,Anivia,0.35294117647058826,17
MIDDLE,Anivia,Annie,0.6470588235294118,17
JUNGLE,Olaf,RekSai,0.5,2
JUNGLE,RekSai,Olaf,0.5,2
MIDDLE,Singed,Azir,0.5,4
MIDDLE,Azir,Singed,0.5,4
TOP,Sejuani,Vayne,1.0,2
TOP,Vayne,Sejuani,0.0,2
TOP,Gnar,Tristana,0.5,2
TOP,Tristana,Gnar,0.5,2
BOTTOM,Kayn,Draven,0.0,1
BOTTOM,Draven,Kayn,1.0,1
TOP,Udyr,Vayne,0.25,4
TOP,Vayne,Udyr,0.75,4
MIDDLE,Sion,Elise,1.0,1
MIDDLE,Elise,Sion,0.0,1
TOP,Zaahen,Anivia,0.5,10
TOP,Anivia,Zaahen,0.5,10
BOTTOM,Ekko,Velkoz,1.0,1
BOTTOM,Velkoz,Ekko,0.0,1
JUNGLE,Brand,Ambessa,0.6,5
JUNGLE,Ambessa,Brand,0.4,5
MIDDLE,Katarina,Diana,0.3333333333333333,12
MIDDLE,Diana,Katarina,0.6666666666666666,12
JUNGLE,Elise,Naafiri,0.6666666666666666,15
JUNGLE,Naafiri,Elise,0.3333333333333333,15
JUNGLE,Pantheon,Kindred,0.2,5
JUNGLE,Kindred,Pantheon,0.8,5
MIDDLE,Lissandra,Viktor,0.4375,16
MIDDLE,Viktor,Lissandra,0.5625,16
MIDDLE,Malphite,Irelia,0.6,5
MIDDLE,Irelia,Malphite,0.4,5
UTILITY,Camille,Sona,0.1111111111111111,9
UTILITY,Sona,Camille,0.8888888888888888,9
MIDDLE,AurelionSol,Cassiopeia,0.42857142857142855,7
MIDDLE,Cassiopeia,AurelionSol,0.5714285714285714,7
TOP,Veigar,Yone,0.5,2
TOP,Yone,Veigar,0.5,2
UTILITY,Sylas,Braum,0.7857142857142857,14
UTILITY,Braum,Sylas,0.21428571428571427,14
BOTTOM,Katarina,Jinx,0.3333333333333333,3
BOTTOM,Jinx,Katarina,0.6666666666666666,3
MIDDLE,Ornn,Quinn,0.0,1
MIDDLE,Quinn,Ornn,1.0,1
TOP,Teemo,Skarner,0.0,1
TOP,Skarner,Teemo,1.0,1
TOP,Ambessa,KogMaw,0.0,4
TOP,KogMaw,Ambessa,1.0,4
TOP,Sion,MasterYi,0.0,1
TOP,MasterYi,Sion,1.0,1
MIDDLE,Zilean,AurelionSol,1.0,2
MIDDLE,AurelionSol,Zilean,0.0,2
TOP,Gnar,Qiyana,0.2857142857142857,7
TOP,Qiyana,Gnar,0.7142857142857143,7
JUNGLE,Graves,Poppy,0.4,5
JUNGLE,Poppy,Graves,0.6,5
JUNGLE,Brand,Udyr,0.5,4
JUNGLE,Udyr,Brand,0.5,4
TOP,Zilean,Vayne,0.6666666666666666,3
TOP,Vayne,Zilean,0.3333333333333333,3
MIDDLE,Malzahar,Zoe,0.6666666666666666,6
MIDDLE,Zoe,Malzahar,0.3333333333333333,6
TOP,DrMundo,Olaf,0.3333333333333333,3
TOP,Olaf,DrMundo,0.6666666666666666,3
BOTTOM,Kaisa,Vex,1.0,1
BOTTOM,Vex,Kaisa,0.0,1
JUNGLE,Zyra,Udyr,0.0,1
JUNGLE,Udyr,Zyra,1.0,1
MIDDLE,Syndra,Camille,0.6666666666666666,3
MIDDLE,Camille,Syndra,0.3333333333333333,3
TOP,Skarner,Rumble,0.8,5
TOP,Rumble,Skarner,0.2,5
TOP,Olaf,Tristana,1.0,1
TOP,Tristana,Olaf,0.0,1
JUNGLE,Kayn,Olaf,0.75,4
JUNGLE,Olaf,Kayn,0.25,4
TOP,Ornn,Aatrox,0.6666666666666666,15
TOP,Aatrox,Ornn,0.3333333333333333,15
JUNGLE,JarvanIV,Warwick,0.5714285714285714,7
JUNGLE,Warwick,JarvanIV,0.42857142857142855,7
TOP,Anivia,Sett,1.0,1
TOP,Sett,Anivia,0.0,1
JUNGLE,Neeko,Zyra,1.0,1
JUNGLE,Zyra,Neeko,0.0,1
MIDDLE,Aurora,Sett,1.0,1
MIDDLE,Sett,Aurora,0.0,1
MIDDLE,Lux,Azir,0.3333333333333333,3
MIDDLE,Azir,Lux,0.6666666666666666,3
TOP,Kindred,Irelia,0.5,2
TOP,Irelia,Kindred,0.5,2
UTILITY,Seraphine,Zilean,0.42105263157894735,19
UTILITY,Zilean,Seraphine,0.5789473684210527,19
JUNGLE,Briar,Graves,0.2222222222222222,18
JUNGLE,Graves,Briar,0.7777777777777778,18
MIDDLE,Singed,Annie,0.4,5
MIDDLE,Annie,Singed,0.6,5
TOP,Skarner,Sett,0.5,2
TOP,Sett,Skarner,0.5,2
BOTTOM,Zoe,Ezreal,0.5,2
BOTTOM,Ezreal,Zoe,0.5,2
TOP,Akali,Ahri,0.0,2
TOP,Ahri,Akali,1.0,2
TOP,Chogath,Cassiopeia,0.2,5
TOP,Cassiopeia,Chogath,0.8,5
MIDDLE,AurelionSol,Zed,0.42857142857142855,7
MIDDLE,Zed,AurelionSol,0.5714285714285714,7
MIDDLE,Akali,KogMaw,1.0,2
MIDDLE,KogMaw,Akali,0.0,2
TOP,Ornn,Velkoz,0.0,1
TOP,Velkoz,Ornn,1.0,1
UTILITY,Qiyana,Alistar,0.3333333333333333,3
UTILITY,Alistar,Qiyana,0.6666666666666666,3
MIDDLE,TwistedFate,Lissandra,0.42857142857142855,7
MIDDLE,Lissandra,TwistedFate,0.5714285714285714,7
JUNGLE,Sylas,Amumu,1.0,4
JUNGLE,Amumu,Sylas,0.0,4
MIDDLE,Lux,Garen,1.0,1
MIDDLE,Garen,Lux,0.0,1
UTILITY,Rell,Hwei,1.0,1
UTILITY,Hwei,Rell,0.0,1
MIDDLE,Akshan,XinZhao,0.3333333333333333,6
MIDDLE,XinZhao,Akshan,0.6666666666666666,6
TOP,Ryze,Skarner,1.0,1
TOP,Skarner,Ryze,0.0,1
JUNGLE,Rammus,Talon,1.0,7
JUNGLE,Talon,Rammus,0.0,7
MIDDLE,Anivia,Azir,0.875,8
MIDDLE,Azir,Anivia,0.125,8
JUNGLE,Zyra,Warwick,0.5,4
JUNGLE,Warwick,Zyra,0.5,4
TOP,Quinn,Pantheon,0.5,8
TOP,Pantheon,Quinn,0.5,8
JUNGLE,Sylas,Sejuani,0.5714285714285714,7
JUNGLE,Sejuani,Sylas,0.42857142857142855,7
TOP,Rengar,Aurora,1.0,2
TOP,Aurora,Rengar,0.0,2
BOTTOM,Mel,Seraphine,0.625,8
BOTTOM,Seraphine,Mel,0.375,8
MIDDLE,Lux,Annie,0.42857142857142855,7
MIDDLE,Annie,Lux,0.5714285714285714,7
JUNGLE,Olaf,Zyra,0.3333333333333333,3
JUNGLE,Zyra,Olaf,0.6666666666666666,3
JUNGLE,Kaisa,XinZhao,0.5,2
JUNGLE,XinZhao,Kaisa,0.5,2
JUNGLE,Trundle,Vi,0.3333333333333333,3
JUNGLE,Vi,Trundle,0.6666666666666666,3
BOTTOM,Zilean,Xayah,1.0,1
BOTTOM,Xayah,Zilean,0.0,1
JUNGLE,Kayn,Vi,0.6666666666666666,12
JUNGLE,Vi,Kayn,0.3333333333333333,12
BOTTOM,Ekko,Varus,0.6666666666666666,3
BOTTOM,Varus,Ekko,0.3333333333333333,3
MIDDLE,Morgana,Lissandra,1.0,1
MIDDLE,Lissandra,Morgana,0.0,1
TOP,Aurora,Quinn,0.25,4
TOP,Quinn,Aurora,0.75,4
TOP,Anivia,Veigar,0.5,2
TOP,Veigar,Anivia,0.5,2
JUNGLE,Morgana,Fizz,1.0,1
JUNGLE,Fizz,Morgana,0.0,1
BOTTOM,Syndra,Mel,0.6,5
BOTTOM,Mel,Syndra,0.4,5
MIDDLE,Talon,Zed,0.5,4
MIDDLE,Zed,Talon,0.5,4
UTILITY,Soraka,Annie,0.5,2
UTILITY,Annie,Soraka,0.5,2
MIDDLE,Anivia,Brand,0.6,5
MIDDLE,Brand,Anivia,0.4,5
TOP,Gwen,Naafiri,0.0,1
TOP,Naafiri,Gwen,1.0,1
MIDDLE,Lucian,Sion,0.0,1
MIDDLE,Sion,Lucian,1.0,1
JUNGLE,Belveth,Nunu,0.4,5
JUNGLE,Nunu,Belveth,0.6,5
TOP,LeeSin,Taliyah,1.0,1
TOP,Taliyah,LeeSin,0.0,1
TOP,Ahri,Vayne,0.5,4
TOP,Vayne,Ahri,0.5,4
MIDDLE,Lissandra,Neeko,0.0,1
MIDDLE,Neeko,Lissandra,1.0,1
JUNGLE,Talon,Gwen,0.3333333333333333,3
JUNGLE,Gwen,Talon,0.6666666666666666,3
TOP,Vayne,Zoe,0.0,3
TOP,Zoe,Vayne,1.0,3
BOTTOM,Varus,Brand,0.4166666666666667,12
BOTTOM,Brand,Varus,0.5833333333333334,12
MIDDLE,Katarina,Irelia,0.47368421052631576,19
MIDDLE,Irelia,Katarina,0.5263157894736842,19
TOP,Gragas,Cassiopeia,0.6,10
TOP,Cassiopeia,Gragas,0.4,10
JUNGLE,Camille,Olaf,1.0,1
JUNGLE,Olaf,Camille,0.0,1
TOP,DrMundo,Ekko,0.5,2
TOP,Ekko,DrMundo,0.5,2
MIDDLE,Corki,Malzahar,0.0,1
MIDDLE,Malzahar,Corki,1.0,1
MIDDLE,Zed,Vex,0.7142857142857143,7
MIDDLE,Vex,Zed,0.2857142857142857,7
UTILITY,Katarina,Leona,1.0,1
UTILITY,Leona,Katarina,0.0,1
MIDDLE,Hwei,Brand,0.8571428571428571,7
MIDDLE,Brand,Hwei,0.14285714285714285,7
BOTTOM,Smolder,KogMaw,0.26666666666666666,15
BOTTOM,KogMaw,Smolder,0.7333333333333333,15
MIDDLE,Lissandra,Tristana,0.2857142857142857,7
MIDDLE,Tristana,Lissandra,0.7142857142857143,7
MIDDLE,Annie,Quinn,0.42857142857142855,7
MIDDLE,Quinn,Annie,0.5714285714285714,7
MIDDLE,Malzahar,Brand,0.0,3
MIDDLE,Brand,Malzahar,1.0,3
BOTTOM,Katarina,Tristana,0.75,4
BOTTOM,Tristana,Katarina,0.25,4
JUNGLE,FiddleSticks,Shyvana,0.5555555555555556,9
JUNGLE,Shyvana,FiddleSticks,0.4444444444444444,9
MIDDLE,Viktor,Vayne,0.0,2
MIDDLE,Vayne,Viktor,1.0,2
MIDDLE,Talon,Viktor,0.6666666666666666,6
MIDDLE,Viktor,Talon,0.3333333333333333,6
JUNGLE,Hecarim,Evelynn,0.5833333333333334,12
JUNGLE,Evelynn,Hecarim,0.4166666666666667,12
MIDDLE,Ekko,Naafiri,0.5,8
MIDDLE,Naafiri,Ekko,0.5,8
MIDDLE,Camille,Leblanc,1.0,1
MIDDLE,Leblanc,Camille,0.0,1
UTILITY,Zoe,Seraphine,0.6666666666666666,9
UTILITY,Seraphine,Zoe,0.3333333333333333,9
BOTTOM,Xerath,Caitlyn,0.2222222222222222,9
BOTTOM,Caitlyn,Xerath,0.7777777777777778,9
JUNGLE,Aatrox,Ezreal,1.0,1
JUNGLE,Ezreal,Aatrox,0.0,1
JUNGLE,Ivern,Vayne,0.25,4
JUNGLE,Vayne,Ivern,0.75,4
TOP,Corki,Galio,0.0,1
TOP,Galio,Corki,1.0,1
MIDDLE,Twitch,Orianna,0.6666666666666666,3
MIDDLE,Orianna,Twitch,0.3333333333333333,3
JUNGLE,Skarner,Shaco,0.47619047619047616,21
JUNGLE,Shaco,Skarner,0.5238095238095238,21
MIDDLE,Sion,Qiyana,0.6666666666666666,6
MIDDLE,Qiyana,Sion,0.3333333333333333,6
BOTTOM,Twitch,Yasuo,0.4,5
BOTTOM,Yasuo,Twitch,0.6,5
JUNGLE,Nocturne,Ekko,0.36363636363636365,11
JUNGLE,Ekko,Nocturne,0.6363636363636364,11
TOP,Akshan,Sion,0.6,5
TOP,Sion,Akshan,0.4,5
MIDDLE,Ryze,Zyra,1.0,1
MIDDLE,Zyra,Ryze,0.0,1
TOP,Varus,Jhin,0.3333333333333333,3
TOP,Jhin,Varus,0.6666666666666666,3
UTILITY,Ekko,Velkoz,0.5,2
UTILITY,Velkoz,Ekko,0.5,2
UTILITY,Zilean,Rakan,0.8181818181818182,11
UTILITY,Rakan,Zilean,0.18181818181818182,11
MIDDLE,Lissandra,Quinn,0.5,2
MIDDLE,Quinn,Lissandra,0.5,2
JUNGLE,Malphite,LeeSin,0.6666666666666666,3
JUNGLE,LeeSin,Malphite,0.3333333333333333,3
MIDDLE,Sylas,Irelia,0.8461538461538461,13
MIDDLE,Irelia,Sylas,0.15384615384615385,13
MIDDLE,Fiora,Tryndamere,0.0,1
MIDDLE,Tryndamere,Fiora,1.0,1
TOP,KSante,Poppy,0.0,4
TOP,Poppy,KSante,1.0,4
BOTTOM,Ashe,Camille,1.0,1
BOTTOM,Camille,Ashe,0.0,1
JUNGLE,Kayn,Brand,1.0,2
JUNGLE,Brand,Kayn,0.0,2
MIDDLE,Ryze,Gnar,1.0,1
MIDDLE,Gnar,Ryze,0.0,1
MIDDLE,Viego,Zed,0.0,4
MIDDLE,Zed,Viego,1.0,4
UTILITY,Senna,Zyra,0.3333333333333333,6
UTILITY,Zyra,Senna,0.6666666666666666,6
MIDDLE,Ryze,Nocturne,0.0,1
MIDDLE,Nocturne,Ryze,1.0,1
JUNGLE,Vi,Teemo,1.0,1
JUNGLE,Teemo,Vi,0.0,1
UTILITY,Skarner,Karma,0.6666666666666666,3
UTILITY,Karma,Skarner,0.3333333333333333,3
TOP,Garen,Volibear,0.0,3
TOP,Volibear,Garen,1.0,3
JUNGLE,Vi,Shyvana,0.5833333333333334,12
JUNGLE,Shyvana,Vi,0.4166666666666667,12
JUNGLE,MonkeyKing,Warwick,0.0,3
JUNGLE,Warwick,MonkeyKing,1.0,3
UTILITY,Lulu,Shaco,0.2857142857142857,7
UTILITY,Shaco,Lulu,0.7142857142857143,7
JUNGLE,Rengar,Lillia,0.3333333333333333,6
JUNGLE,Lillia,Rengar,0.6666666666666666,6
MIDDLE,Leblanc,Malzahar,0.6428571428571429,14
MIDDLE,Malzahar,Leblanc,0.35714285714285715,14
TOP,Vex,Ambessa,0.5,2
TOP,Ambessa,Vex,0.5,2
TOP,Chogath,Kennen,1.0,2
TOP,Kennen,Chogath,0.0,2
MIDDLE,Seraphine,Annie,0.5,4
MIDDLE,Annie,Seraphine,0.5,4
UTILITY,Leona,Sylas,0.5714285714285714,7
UTILITY,Sylas,Leona,0.42857142857142855,7
JUNGLE,Lillia,XinZhao,0.35714285714285715,14
JUNGLE,XinZhao,Lillia,0.6428571428571429,14
TOP,Nasus,Sylas,0.0,3
TOP,Sylas,Nasus,1.0,3
BOTTOM,Olaf,Ashe,1.0,1
BOTTOM,Ashe,Olaf,0.0,1
JUNGLE,Hecarim,Lillia,0.6521739130434783,23
JUNGLE,Lillia,Hecarim,0.34782608695652173,23
TOP,XinZhao,Ambessa,0.6,5
TOP,Ambessa,XinZhao,0.4,5
UTILITY,Leona,Zilean,0.1875,16
UTILITY,Zilean,Leona,0.8125,16
MIDDLE,Quinn,Akshan,0.1111111111111111,9
MIDDLE,Akshan,Quinn,0.8888888888888888,9
UTILITY,Rell,Skarner,0.6666666666666666,6
UTILITY,Skarner,Rell,0.3333333333333333,6
JUNGLE,Evelynn,RekSai,0.7142857142857143,7
JUNGLE,RekSai,Evelynn,0.2857142857142857,7
TOP,Aatrox,Skarner,0.5,4
TOP,Skarner,Aatrox,0.5,4
TOP,Trundle,Teemo,0.4,5
TOP,Teemo,Trundle,0.6,5
BOTTOM,Vayne,Velkoz,0.75,4
BOTTOM,Velkoz,Vayne,0.25,4
MIDDLE,Viktor,Shen,1.0,1
MIDDLE,Shen,Viktor,0.0,1
TOP,Nasus,Trundle,0.5,2
TOP,Trundle,Nasus,0.5,2
TOP,Renekton,Pantheon,0.3076923076923077,13
TOP,Pantheon,Renekton,0.6923076923076923,13
UTILITY,Poppy,Skarner,1.0,2
UTILITY,Skarner,Poppy,0.0,2
TOP,Shen,Chogath,0.4,5
TOP,Chogath,Shen,0.6,5
BOTTOM,Ezreal,Malzahar,0.625,8
BOTTOM,Malzahar,Ezreal,0.375,8
MIDDLE,Anivia,Kayle,0.42857142857142855,7
MIDDLE,Kayle,Anivia,0.5714285714285714,7
TOP,Kennen,Malphite,0.1111111111111111,9
TOP,Malphite,Kennen,0.8888888888888888,9
BOTTOM,Singed,Corki,1.0,1
BOTTOM,Corki,Singed,0.0,1
MIDDLE,Quinn,Zed,0.375,8
MIDDLE,Zed,Quinn,0.625,8
BOTTOM,Taliyah,Ashe,1.0,4
BOTTOM,Ashe,Taliyah,0.0,4
MIDDLE,Galio,Sivir,1.0,1
MIDDLE,Sivir,Galio,0.0,1
JUNGLE,Warwick,Graves,0.625,8
JUNGLE,Graves,Warwick,0.375,8
MIDDLE,Malzahar,Kassadin,0.875,8
MIDDLE,Kassadin,Malzahar,0.125,8
JUNGLE,Hecarim,Vayne,1.0,1
JUNGLE,Vayne,Hecarim,0.0,1
MIDDLE,Singed,Brand,1.0,1
MIDDLE,Brand,Singed,0.0,1
JUNGLE,Qiyana,Shen,0.6666666666666666,3
JUNGLE,Shen,Qiyana,0.3333333333333333,3
TOP,Zed,Gnar,0.5,4
TOP,Gnar,Zed,0.5,4
MIDDLE,Talon,Kassadin,0.0,1
MIDDLE,Kassadin,Talon,1.0,1
TOP,DrMundo,Poppy,0.0,1
TOP,Poppy,DrMundo,1.0,1
MIDDLE,Yasuo,TwistedFate,0.4782608695652174,23
MIDDLE,TwistedFate,Yasuo,0.5217391304347826,23
UTILITY,Elise,Lux,0.3,10
UTILITY,Lux,Elise,0.7,10
BOTTOM,Orianna,Ezreal,0.5,2
BOTTOM,Ezreal,Orianna,0.5,2
MIDDLE,Cassiopeia,Hwei,0.5294117647058824,17
MIDDLE,Hwei,Cassiopeia,0.47058823529411764,17
UTILITY,Ivern,Camille,0.0,1
UTILITY,Camille,Ivern,1.0,1
BOTTOM,Hwei,Sivir,0.4444444444444444,9
BOTTOM,Sivir,Hwei,0.5555555555555556,9
MIDDLE,Taliyah,Sion,0.6666666666666666,6
MIDDLE,Sion,Taliyah,0.3333333333333333,6
JUNGLE,Riven,Chogath,1.0,1
JUNGLE,Chogath,Riven,0.0,1
MIDDLE,Gnar,Yone,1.0,1
MIDDLE,Yone,Gnar,0.0,1
UTILITY,Ekko,Nautilus,0.6666666666666666,3
UTILITY,Nautilus,Ekko,0.3333333333333333,3
MIDDLE,Fizz,Sion,0.7142857142857143,7
MIDDLE,Sion,Fizz,0.2857142857142857,7
TOP,Naafiri,Vayne,0.5454545454545454,11
TOP,Vayne,Naafiri,0.45454545454545453,11
JUNGLE,Vi,Zyra,0.6666666666666666,3
JUNGLE,Zyra,Vi,0.3333333333333333,3
BOTTOM,Velkoz,Tristana,0.46153846153846156,13
BOTTOM,Tristana,Velkoz,0.5384615384615384,13
JUNGLE,Olaf,Brand,0.0,1
JUNGLE,Brand,Olaf,1.0,1
MIDDLE,Anivia,Akshan,0.5714285714285714,14
MIDDLE,Akshan,Anivia,0.42857142857142855,14
TOP,Ornn,Kled,0.5714285714285714,7
TOP,Kled,Ornn,0.42857142857142855,7
TOP,LeeSin,Sion,0.7142857142857143,7
TOP,Sion,LeeSin,0.2857142857142857,7
TOP,Viktor,Malphite,0.0,1
TOP,Malphite,Viktor,1.0,1
TOP,RekSai,Sett,1.0,1
TOP,Sett,RekSai,0.0,1
MIDDLE,Annie,Sejuani,1.0,1
MIDDLE,Sejuani,Annie,0.0,1
UTILITY,Rakan,Warwick,1.0,1
UTILITY,Warwick,Rakan,0.0,1
JUNGLE,Belveth,Briar,0.5,4
JUNGLE,Briar,Belveth,0.5,4
MIDDLE,Diana,Cassiopeia,0.25,4
MIDDLE,Cassiopeia,Diana,0.75,4
MIDDLE,Aurora,KSante,1.0,1
MIDDLE,KSante,Aurora,0.0,1
BOTTOM,Jinx,Smolder,0.4594594594594595,37
BOTTOM,Smolder,Jinx,0.5405405405405406,37
TOP,DrMundo,Kayle,0.3333333333333333,3
TOP,Kayle,DrMundo,0.6666666666666666,3
MIDDLE,Ryze,Viego,1.0,2
MIDDLE,Viego,Ryze,0.0,2
BOTTOM,Swain,Jinx,0.7777777777777778,9
BOTTOM,Jinx,Swain,0.2222222222222222,9
UTILITY,Nami,Leblanc,0.7142857142857143,7
UTILITY,Leblanc,Nami,0.2857142857142857,7
TOP,Kennen,Trundle,0.5,2
TOP,Trundle,Kennen,0.5,2
TOP,Kayle,Camille,0.5,4
TOP,Camille,Kayle,0.5,4
TOP,DrMundo,Mordekaiser,0.5,2
TOP,Mordekaiser,DrMundo,0.5,2
TOP,Zac,Zaahen,0.6666666666666666,3
TOP,Zaahen,Zac,0.3333333333333333,3
TOP,Pantheon,Shyvana,1.0,2
TOP,Shyvana,Pantheon,0.0,2
JUNGLE,Rengar,FiddleSticks,0.6,5
JUNGLE,FiddleSticks,Rengar,0.4,5
MIDDLE,KogMaw,Tryndamere,0.0,1
MIDDLE,Tryndamere,KogMaw,1.0,1
TOP,Kassadin,Garen,0.0,1
TOP,Garen,Kassadin,1.0,1
TOP,Riven,Poppy,0.7142857142857143,7
TOP,Poppy,Riven,0.2857142857142857,7
UTILITY,Zilean,Soraka,0.14285714285714285,7
UTILITY,Soraka,Zilean,0.8571428571428571,7
TOP,Gragas,Zac,1.0,1
TOP,Zac,Gragas,0.0,1
TOP,Skarner,Olaf,0.5,4
TOP,Olaf,Skarner,0.5,4
UTILITY,Maokai,Hwei,0.0,1
UTILITY,Hwei,Maokai,1.0,1
MIDDLE,Talon,Xerath,0.5,2
MIDDLE,Xerath,Talon,0.5,2
TOP,Velkoz,Jayce,0.25,4
TOP,Jayce,Velkoz,0.75,4
BOTTOM,Velkoz,Zeri,0.5,10
BOTTOM,Zeri,Velkoz,0.5,10
UTILITY,Morgana,Zoe,0.6666666666666666,3
UTILITY,Zoe,Morgana,0.3333333333333333,3
TOP,Ekko,Varus,0.75,4
TOP,Varus,Ekko,0.25,4
MIDDLE,Leblanc,Zed,0.6153846153846154,26
MIDDLE,Zed,Leblanc,0.38461538461538464,26
TOP,Teemo,Viktor,0.5,2
TOP,Viktor,Teemo,0.5,2
MIDDLE,Syndra,Cassiopeia,0.5238095238095238,42
MIDDLE,Cassiopeia,Syndra,0.47619047619047616,42
TOP,Brand,Gnar,0.5714285714285714,7
TOP,Gnar,Brand,0.42857142857142855,7
UTILITY,Zilean,Gragas,0.3333333333333333,3
UTILITY,Gragas,Zilean,0.6666666666666666,3
TOP,Renekton,Teemo,0.42857142857142855,7
TOP,Teemo,Renekton,0.5714285714285714,7
JUNGLE,Nidalee,Shen,0.0,1
JUNGLE,Shen,Nidalee,1.0,1
MIDDLE,Akshan,Brand,0.0,3
MIDDLE,Brand,Akshan,1.0,3
TOP,Malphite,Kayle,0.5,4
TOP,Kayle,Malphite,0.5,4
UTILITY,Caitlyn,Ashe,0.0,1
UTILITY,Ashe,Caitlyn,1.0,1
MIDDLE,Aurora,Camille,0.0,1
MIDDLE,Camille,Aurora,1.0,1
MIDDLE,KogMaw,Annie,0.5,2
MIDDLE,Annie,KogMaw,0.5,2
TOP,Riven,Udyr,0.3333333333333333,3
TOP,Udyr,Riven,0.6666666666666666,3
MIDDLE,Yone,Malphite,0.6666666666666666,3
MIDDLE,Malphite,Yone,0.3333333333333333,3
BOTTOM,Sion,Swain,1.0,1
BOTTOM,Swain,Sion,0.0,1
JUNGLE,Talon,Evelynn,0.5833333333333334,12
JUNGLE,Evelynn,Talon,0.4166666666666667,12
TOP,Anivia,Zed,0.0,3
TOP,Zed,Anivia,1.0,3
JUNGLE,Ambessa,Neeko,0.6666666666666666,3
JUNGLE,Neeko,Ambessa,0.3333333333333333,3
BOTTOM,Veigar,Seraphine,0.3333333333333333,3
BOTTOM,Seraphine,Veigar,0.6666666666666666,3
UTILITY,Seraphine,Ezreal,0.3333333333333333,3
UTILITY,Ezreal,Seraphine,0.6666666666666666,3
UTILITY,Thresh,Anivia,0.875,8
UTILITY,Anivia,Thresh,0.125,8
TOP,Sett,Varus,0.0,3
TOP,Varus,Sett,1.0,3
UTILITY,Nautilus,Maokai,0.4,10
UTILITY,Maokai,Nautilus,0.6,10
BOTTOM,Ekko,Lucian,0.6666666666666666,3
BOTTOM,Lucian,Ekko,0.3333333333333333,3
MIDDLE,Neeko,LeeSin,0.0,1
MIDDLE,LeeSin,Neeko,1.0,1
TOP,Zaahen,Ahri,0.0,1
TOP,Ahri,Zaahen,1.0,1
BOTTOM,Hwei,MissFortune,0.0,1
BOTTOM,MissFortune,Hwei,1.0,1
MIDDLE,Camille,Ahri,0.0,2
MIDDLE,Ahri,Camille,1.0,2
JUNGLE,Zaahen,Ivern,1.0,2
JUNGLE,Ivern,Zaahen,0.0,2
JUNGLE,MasterYi,Skarner,0.125,8
JUNGLE,Skarner,MasterYi,0.875,8
TOP,Varus,Viktor,0.5,6
TOP,Viktor,Varus,0.5,6
TOP,Yone,Volibear,0.2,5
TOP,Volibear,Yone,0.8,5
UTILITY,Leblanc,Seraphine,0.5,6
UTILITY,Seraphine,Leblanc,0.5,6
TOP,Malphite,Volibear,0.5,4
TOP,Volibear,Malphite,0.5,4
UTILITY,Braum,Taliyah,0.5,2
UTILITY,Taliyah,Braum,0.5,2
JUNGLE,Shyvana,Jayce,0.14285714285714285,7
JUNGLE,Jayce,Shyvana,0.8571428571428571,7
TOP,Talon,Skarner,0.0,1
TOP,Skarner,Talon,1.0,1
JUNGLE,Shen,Viego,0.2,5
JUNGLE,Viego,Shen,0.8,5
TOP,Akali,Riven,0.4,5
TOP,Riven,Akali,0.6,5
TOP,Heimerdinger,Syndra,1.0,1
TOP,Syndra,Heimerdinger,0.0,1
BOTTOM,Fizz,Jhin,1.0,1
BOTTOM,Jhin,Fizz,0.0,1
UTILITY,Thresh,Zyra,0.5,4
UTILITY,Zyra,Thresh,0.5,4
UTILITY,Anivia,Ornn,1.0,1
UTILITY,Ornn,Anivia,0.0,1
UTILITY,Blitzcrank,Sylas,1.0,2
UTILITY,Sylas,Blitzcrank,0.0,2
JUNGLE,Skarner,Qiyana,0.7142857142857143,14
JUNGLE,Qiyana,Skarner,0.2857142857142857,14
TOP,Olaf,Teemo,0.375,8
TOP,Teemo,Olaf,0.625,8
UTILITY,Elise,Velkoz,0.14285714285714285,7
UTILITY,Velkoz,Elise,0.8571428571428571,7
TOP,Varus,Akshan,0.36363636363636365,11
TOP,Akshan,Varus,0.6363636363636364,11
MIDDLE,Seraphine,Aurora,0.6666666666666666,3
MIDDLE,Aurora,Seraphine,0.3333333333333333,3
BOTTOM,Ekko,Mel,0.5,4
BOTTOM,Mel,Ekko,0.5,4
JUNGLE,Maokai,Pantheon,1.0,1
JUNGLE,Pantheon,Maokai,0.0,1
TOP,Skarner,Pantheon,0.3333333333333333,3
TOP,Pantheon,Skarner,0.6666666666666666,3
UTILITY,Shen,Karma,0.2857142857142857,7
UTILITY,Karma,Shen,0.7142857142857143,7
TOP,Anivia,Akshan,0.8,5
TOP,Akshan,Anivia,0.2,5
UTILITY,Nami,Qiyana,1.0,1
UTILITY,Qiyana,Nami,0.0,1
JUNGLE,Morgana,Nunu,0.2,5
JUNGLE,Nunu,Morgana,0.8,5
MIDDLE,Zed,Yasuo,0.36363636363636365,44
MIDDLE,Yasuo,Zed,0.6363636363636364,44
TOP,Elise,Mel,0.0,1
TOP,Mel,Elise,1.0,1
TOP,Karthus,Sylas,1.0,1
TOP,Sylas,Karthus,0.0,1
UTILITY,Poppy,Sona,0.75,4
UTILITY,Sona,Poppy,0.25,4
UTILITY,Karma,Galio,0.4,5
UTILITY,Galio,Karma,0.6,5
MIDDLE,Malzahar,Annie,0.35714285714285715,14
MIDDLE,Annie,Malzahar,0.6428571428571429,14
TOP,Quinn,Sion,0.5555555555555556,9
TOP,Sion,Quinn,0.4444444444444444,9
BOTTOM,Vayne,Kalista,0.5555555555555556,18
BOTTOM,Kalista,Vayne,0.4444444444444444,18
MIDDLE,Viego,Hwei,1.0,1
MIDDLE,Hwei,Viego,0.0,1
MIDDLE,Akshan,Jayce,0.6,10
MIDDLE,Jayce,Akshan,0.4,10
TOP,Camille,Teemo,0.5,2
TOP,Teemo,Camille,0.5,2
JUNGLE,Lillia,Belveth,0.3333333333333333,3
JUNGLE,Belveth,Lillia,0.6666666666666666,3
JUNGLE,Udyr,Belveth,0.3333333333333333,3
JUNGLE,Belveth,Udyr,0.6666666666666666,3
UTILITY,Lux,Soraka,0.45454545454545453,11
UTILITY,Soraka,Lux,0.5454545454545454,11
BOTTOM,Cassiopeia,Caitlyn,0.5,6
BOTTOM,Caitlyn,Cassiopeia,0.5,6
MIDDLE,Viktor,Malzahar,0.5714285714285714,7
MIDDLE,Malzahar,Viktor,0.42857142857142855,7
UTILITY,Karma,Taliyah,0.6666666666666666,3
UTILITY,Taliyah,Karma,0.3333333333333333,3
MIDDLE,Singed,Orianna,0.6666666666666666,3
MIDDLE,Orianna,Singed,0.3333333333333333,3
JUNGLE,Shyvana,Zac,0.3333333333333333,3
JUNGLE,Zac,Shyvana,0.6666666666666666,3
MIDDLE,Jax,Aurora,0.5,4
MIDDLE,Aurora,Jax,0.5,4
TOP,Vayne,Akshan,0.2,5
TOP,Akshan,Vayne,0.8,5
MIDDLE,Veigar,Lissandra,0.0,1
MIDDLE,Lissandra,Veigar,1.0,1
MIDDLE,Qiyana,Ashe,0.0,1
MIDDLE,Ashe,Qiyana,1.0,1
UTILITY,KSante,Karma,0.5,2
UTILITY,Karma,KSante,0.5,2
JUNGLE,Chogath,Naafiri,0.6,5
JUNGLE,Naafiri,Chogath,0.4,5
JUNGLE,Warwick,Khazix,0.6666666666666666,3
JUNGLE,Khazix,Warwick,0.3333333333333333,3
BOTTOM,Ashe,Katarina,0.3333333333333333,12
BOTTOM,Katarina,Ashe,0.6666666666666666,12
BOTTOM,Velkoz,Mel,0.5,4
BOTTOM,Mel,Velkoz,0.5,4
MIDDLE,Ryze,Ashe,0.0,1
MIDDLE,Ashe,Ryze,1.0,1
BOTTOM,Irelia,Ezreal,0.3333333333333333,3
BOTTOM,Ezreal,Irelia,0.6666666666666666,3
UTILITY,Anivia,Rell,0.35714285714285715,14
UTILITY,Rell,Anivia,0.6428571428571429,14
TOP,Renekton,Akali,0.7333333333333333,15
TOP,Akali,Renekton,0.26666666666666666,15
MIDDLE,Ekko,Jayce,0.38461538461538464,13
MIDDLE,Jayce,Ekko,0.6153846153846154,13
UTILITY,LeeSin,Janna,0.0,1
UTILITY,Janna,LeeSin,1.0,1
MIDDLE,Ahri,Renekton,0.3333333333333333,6
MIDDLE,Renekton,Ahri,0.6666666666666666,6
JUNGLE,Nocturne,Nasus,0.25,4
JUNGLE,Nasus,Nocturne,0.75,4
TOP,Akali,Shen,0.625,8
TOP,Shen,Akali,0.375,8
BOTTOM,Sivir,Yasuo,0.1111111111111111,9
BOTTOM,Yasuo,Sivir,0.8888888888888888,9
JUNGLE,Darius,DrMundo,0.0,2
JUNGLE,DrMundo,Darius,1.0,2
MIDDLE,Soraka,Lucian,0.0,1
MIDDLE,Lucian,Soraka,1.0,1
UTILITY,Yuumi,Anivia,0.25,4
UTILITY,Anivia,Yuumi,0.75,4
JUNGLE,Ezreal,RekSai,1.0,1
JUNGLE,RekSai,Ezreal,0.0,1
UTILITY,Senna,Yuumi,0.6666666666666666,27
UTILITY,Yuumi,Senna,0.3333333333333333,27
TOP,Vayne,Skarner,0.75,4
TOP,Skarner,Vayne,0.25,4
TOP,Kaisa,Yasuo,0.3333333333333333,3
TOP,Yasuo,Kaisa,0.6666666666666666,3
MIDDLE,Sivir,Orianna,1.0,2
MIDDLE,Orianna,Sivir,0.0,2
JUNGLE,Riven,DrMundo,0.3333333333333333,3
JUNGLE,DrMundo,Riven,0.6666666666666666,3
UTILITY,Xerath,Seraphine,0.5,2
UTILITY,Seraphine,Xerath,0.5,2
JUNGLE,Ezreal,Ambessa,0.5,2
JUNGLE,Ambessa,Ezreal,0.5,2
TOP,RekSai,Malphite,0.0,1
TOP,Malphite,RekSai,1.0,1
JUNGLE,Ekko,Olaf,0.25,4
JUNGLE,Olaf,Ekko,0.75,4
MIDDLE,Leblanc,Kassadin,0.3333333333333333,9
MIDDLE,Kassadin,Leblanc,0.6666666666666666,9
MIDDLE,Riven,FiddleSticks,1.0,1
MIDDLE,FiddleSticks,Riven,0.0,1
TOP,Gangplank,Kennen,0.4444444444444444,9
TOP,Kennen,Gangplank,0.5555555555555556,9
UTILITY,Zyra,Karma,0.4,5
UTILITY,Karma,Zyra,0.6,5
JUNGLE,Jayce,Kindred,0.5,4
JUNGLE,Kindred,Jayce,0.5,4
MIDDLE,Xerath,Seraphine,0.5,2
MIDDLE,Seraphine,Xerath,0.5,2
BOTTOM,Draven,Heimerdinger,1.0,1
BOTTOM,Heimerdinger,Draven,0.0,1
MIDDLE,KSante,Nautilus,1.0,1
MIDDLE,Nautilus,KSante,0.0,1
MIDDLE,Garen,Pantheon,0.0,1
MIDDLE,Pantheon,Garen,1.0,1
JUNGLE,Shaco,Briar,0.75,12
JUNGLE,Briar,Shaco,0.25,12
BOTTOM,Zyra,Ezreal,0.46153846153846156,13
BOTTOM,Ezreal,Zyra,0.5384615384615384,13
JUNGLE,Poppy,XinZhao,1.0,1
JUNGLE,XinZhao,Poppy,0.0,1
MIDDLE,Aurora,Jayce,0.6190476190476191,21
MIDDLE,Jayce,Aurora,0.38095238095238093,21
UTILITY,Lux,Mel,0.4,5
UTILITY,Mel,Lux,0.6,5
TOP,Varus,Karma,0.7142857142857143,7
TOP,Karma,Varus,0.2857142857142857,7
MIDDLE,Viktor,KogMaw,0.6666666666666666,3
MIDDLE,KogMaw,Viktor,0.3333333333333333,3
JUNGLE,Udyr,Aatrox,0.2,10
JUNGLE,Aatrox,Udyr,0.8,10
JUNGLE,Naafiri,Skarner,0.4375,16
JUNGLE,Skarner,Naafiri,0.5625,16
JUNGLE,Chogath,Hecarim,0.3333333333333333,3
JUNGLE,Hecarim,Chogath,0.6666666666666666,3
MIDDLE,Malzahar,Hwei,0.5,6
MIDDLE,Hwei,Malzahar,0.5,6
UTILITY,Sylas,Soraka,0.25,4
UTILITY,Soraka,Sylas,0.75,4
TOP,Akshan,Kayle,0.5,2
TOP,Kayle,Akshan,0.5,2
UTILITY,Shaco,Elise,0.5,4
UTILITY,Elise,Shaco,0.5,4
JUNGLE,Rengar,Riven,0.5,2
JUNGLE,Riven,Rengar,0.5,2
MIDDLE,Orianna,Gragas,0.75,4
MIDDLE,Gragas,Orianna,0.25,4
TOP,MasterYi,Shen,0.25,4
TOP,Shen,MasterYi,0.75,4
BOTTOM,Zed,Singed,0.0,1
BOTTOM,Singed,Zed,1.0,1
MIDDLE,DrMundo,Garen,1.0,1
MIDDLE,Garen,DrMundo,0.0,1
TOP,Akshan,Aatrox,1.0,2
TOP,Aatrox,Akshan,0.0,2
JUNGLE,Graves,Kayn,0.5,26
JUNGLE,Kayn,Graves,0.5,26
JUNGLE,Talon,Zac,0.625,8
JUNGLE,Zac,Talon,0.375,8
JUNGLE,FiddleSticks,Zyra,0.5,2
JUNGLE,Zyra,FiddleSticks,0.5,2
MIDDLE,Zoe,Quinn,0.8,5
MIDDLE,Quinn,Zoe,0.2,5
BOTTOM,Velkoz,Katarina,1.0,2
BOTTOM,Katarina,Velkoz,0.0,2
MIDDLE,Azir,DrMundo,0.6666666666666666,3
MIDDLE,DrMundo,Azir,0.3333333333333333,3
MIDDLE,Leblanc,Riven,0.5333333333333333,15
MIDDLE,Riven,Leblanc,0.4666666666666667,15
TOP,Renekton,Tryndamere,0.35714285714285715,14
TOP,Tryndamere,Renekton,0.6428571428571429,14
BOTTOM,Cassiopeia,Velkoz,0.5,2
BOTTOM,Velkoz,Cassiopeia,0.5,2
BOTTOM,Vayne,Singed,0.5,2
BOTTOM,Singed,Vayne,0.5,2
TOP,Kennen,Camille,0.5,4
TOP,Camille,Kennen,0.5,4
MIDDLE,Malzahar,AurelionSol,0.0,2
MIDDLE,AurelionSol,Malzahar,1.0,2
TOP,Leblanc,Yasuo,0.0,2
TOP,Yasuo,Leblanc,1.0,2
JUNGLE,Udyr,Gwen,1.0,2
JUNGLE,Gwen,Udyr,0.0,2
UTILITY,Seraphine,Taliyah,0.3333333333333333,3
UTILITY,Taliyah,Seraphine,0.6666666666666666,3
BOTTOM,Samira,Kalista,0.48,25
BOTTOM,Kalista,Samira,0.52,25
UTILITY,Amumu,Neeko,0.6666666666666666,3
UTILITY,Neeko,Amumu,0.3333333333333333,3
BOTTOM,Katarina,Xayah,0.0,1
BOTTOM,Xayah,Katarina,1.0,1
MIDDLE,Tristana,Cassiopeia,0.5,4
MIDDLE,Cassiopeia,Tristana,0.5,4
TOP,Yasuo,Zaahen,0.6363636363636364,11
TOP,Zaahen,Yasuo,0.36363636363636365,11
JUNGLE,Pantheon,Olaf,0.6666666666666666,3
JUNGLE,Olaf,Pantheon,0.3333333333333333,3
BOTTOM,Nilah,Jinx,0.25,8
BOTTOM,Jinx,Nilah,0.75,8
BOTTOM,Swain,Nilah,1.0,2
BOTTOM,Nilah,Swain,0.0,2
UTILITY,FiddleSticks,Soraka,0.5,2
UTILITY,Soraka,FiddleSticks,0.5,2
MIDDLE,Kassadin,Veigar,0.8,5
MIDDLE,Veigar,Kassadin,0.2,5
JUNGLE,FiddleSticks,Malphite,0.5,2
JUNGLE,Malphite,FiddleSticks,0.5,2
TOP,Aatrox,AurelionSol,0.0,1
TOP,AurelionSol,Aatrox,1.0,1
TOP,Karma,Vayne,0.5,4
TOP,Vayne,Karma,0.5,4
UTILITY,Shen,Seraphine,1.0,2
UTILITY,Seraphine,Shen,0.0,2
MIDDLE,Syndra,Karma,1.0,2
MIDDLE,Karma,Syndra,0.0,2
TOP,Pantheon,Gnar,0.6666666666666666,6
TOP,Gnar,Pantheon,0.3333333333333333,6
TOP,Jayce,Poppy,0.25,4
TOP,Poppy,Jayce,0.75,4
MIDDLE,Seraphine,Yasuo,1.0,2
MIDDLE,Yasuo,Seraphine,0.0,2
MIDDLE,Ekko,Ambessa,0.6666666666666666,3
MIDDLE,Ambessa,Ekko,0.3333333333333333,3
UTILITY,Leona,Shaco,0.5454545454545454,11
UTILITY,Shaco,Leona,0.45454545454545453,11
MIDDLE,Lux,Yone,0.5,6
MIDDLE,Yone,Lux,0.5,6
UTILITY,Senna,Syndra,1.0,2
UTILITY,Syndra,Senna,0.0,2
JUNGLE,Graves,Malphite,0.6666666666666666,6
JUNGLE,Malphite,Graves,0.3333333333333333,6
UTILITY,Neeko,Seraphine,0.48,25
UTILITY,Seraphine,Neeko,0.52,25
BOTTOM,Lux,Heimerdinger,1.0,1
BOTTOM,Heimerdinger,Lux,0.0,1
MIDDLE,Xerath,Gangplank,1.0,2
MIDDLE,Gangplank,Xerath,0.0,2
TOP,Aatrox,Warwick,0.5,6
TOP,Warwick,Aatrox,0.5,6
UTILITY,Senna,Ezreal,0.8,5
UTILITY,Ezreal,Senna,0.2,5
TOP,Singed,KogMaw,0.0,2
TOP,KogMaw,Singed,1.0,2
UTILITY,Leblanc,Anivia,0.3333333333333333,3
UTILITY,Anivia,Leblanc,0.6666666666666666,3
MIDDLE,Hwei,Annie,0.4090909090909091,22
MIDDLE,Annie,Hwei,0.5909090909090909,22
JUNGLE,Hecarim,Nasus,0.45454545454545453,11
JUNGLE,Nasus,Hecarim,0.5454545454545454,11
TOP,Gnar,Karma,1.0,1
TOP,Karma,Gnar,0.0,1
MIDDLE,Xerath,Leblanc,0.5333333333333333,15
MIDDLE,Leblanc,Xerath,0.4666666666666667,15
JUNGLE,Kayn,MasterYi,0.4444444444444444,9
JUNGLE,MasterYi,Kayn,0.5555555555555556,9
MIDDLE,Ahri,Nasus,0.4444444444444444,9
MIDDLE,Nasus,Ahri,0.5555555555555556,9
UTILITY,Annie,Zilean,1.0,1
UTILITY,Zilean,Annie,0.0,1
TOP,KSante,Fizz,0.0,2
TOP,Fizz,KSante,1.0,2
UTILITY,Senna,Galio,0.3333333333333333,3
UTILITY,Galio,Senna,0.6666666666666666,3
TOP,Anivia,Irelia,0.6,20
TOP,Irelia,Anivia,0.4,20
UTILITY,Skarner,Seraphine,0.3333333333333333,3
UTILITY,Seraphine,Skarner,0.6666666666666666,3
TOP,MasterYi,Malphite,0.6666666666666666,3
TOP,Malphite,MasterYi,0.3333333333333333,3
MIDDLE,Jayce,Diana,0.75,4
MIDDLE,Diana,Jayce,0.25,4
TOP,Riven,Anivia,0.3333333333333333,12
TOP,Anivia,Riven,0.6666666666666666,12
MIDDLE,Hwei,Katarina,0.45,20
MIDDLE,Katarina,Hwei,0.55,20
MIDDLE,Zed,Veigar,0.375,8
MIDDLE,Veigar,Zed,0.625,8
TOP,TwistedFate,Singed,0.7142857142857143,14
TOP,Singed,TwistedFate,0.2857142857142857,14
UTILITY,Pyke,Annie,0.5,6
UTILITY,Annie,Pyke,0.5,6
JUNGLE,Taliyah,MasterYi,0.6666666666666666,12
JUNGLE,MasterYi,Taliyah,0.3333333333333333,12
MIDDLE,Corki,Talon,0.0,1
MIDDLE,Talon,Corki,1.0,1
MIDDLE,KogMaw,Diana,0.6666666666666666,3
MIDDLE,Diana,KogMaw,0.3333333333333333,3
BOTTOM,Samira,KogMaw,0.6,10
BOTTOM,KogMaw,Samira,0.4,10
BOTTOM,Jhin,Akali,1.0,1
BOTTOM,Akali,Jhin,0.0,1
MIDDLE,Garen,Yone,0.6666666666666666,3
MIDDLE,Yone,Garen,0.3333333333333333,3
TOP,Quinn,Renekton,0.5,6
TOP,Renekton,Quinn,0.5,6
UTILITY,Sylas,Annie,1.0,1
UTILITY,Annie,Sylas,0.0,1
MIDDLE,Ezreal,Veigar,0.6666666666666666,6
MIDDLE,Veigar,Ezreal,0.3333333333333333,6
JUNGLE,Ambessa,Zyra,0.75,8
JUNGLE,Zyra,Ambessa,0.25,8
JUNGLE,Skarner,Skarner,1.0,2
JUNGLE,Sylas,Naafiri,0.5588235294117647,34
JUNGLE,Naafiri,Sylas,0.4411764705882353,34
TOP,Akshan,Zilean,0.5,2
TOP,Zilean,Akshan,0.5,2
TOP,Zed,Galio,0.0,1
TOP,Galio,Zed,1.0,1
TOP,Fiora,Teemo,0.25,4
TOP,Teemo,Fiora,0.75,4
BOTTOM,Zeri,Ziggs,0.5,8
BOTTOM,Ziggs,Zeri,0.5,8
BOTTOM,Kalista,Twitch,0.6,15
BOTTOM,Twitch,Kalista,0.4,15
JUNGLE,Zac,Taliyah,0.0,2
JUNGLE,Taliyah,Zac,1.0,2
MIDDLE,Mel,Zilean,0.5,2
MIDDLE,Zilean,Mel,0.5,2
MIDDLE,Annie,Mel,0.7,10
MIDDLE,Mel,Annie,0.3,10
MIDDLE,Diana,Yasuo,0.42857142857142855,14
MIDDLE,Yasuo,Diana,0.5714285714285714,14
TOP,AurelionSol,Vayne,0.5,2
TOP,Vayne,AurelionSol,0.5,2
TOP,Skarner,Ambessa,0.5,2
TOP,Ambessa,Skarner,0.5,2
TOP,Irelia,Darius,0.3333333333333333,9
TOP,Darius,Irelia,0.6666666666666666,9
TOP,Skarner,Singed,0.0,3
TOP,Singed,Skarner,1.0,3
BOTTOM,AurelionSol,Katarina,1.0,1
BOTTOM,Katarina,AurelionSol,0.0,1
MIDDLE,Akali,Malzahar,0.625,8
MIDDLE,Malzahar,Akali,0.375,8
TOP,Riven,Kalista,0.5,2
TOP,Kalista,Riven,0.5,2
BOTTOM,Neeko,Draven,1.0,1
BOTTOM,Draven,Neeko,0.0,1
TOP,Vayne,Leblanc,0.8,5
TOP,Leblanc,Vayne,0.2,5
JUNGLE,Volibear,Diana,0.0,1
JUNGLE,Diana,Volibear,1.0,1
UTILITY,Trundle,Rakan,0.3333333333333333,3
UTILITY,Rakan,Trundle,0.6666666666666666,3
TOP,Pantheon,Anivia,0.5555555555555556,9
TOP,Anivia,Pantheon,0.4444444444444444,9
JUNGLE,Ezreal,Vi,1.0,1
JUNGLE,Vi,Ezreal,0.0,1
UTILITY,Thresh,Shen,1.0,3
UTILITY,Shen,Thresh,0.0,3
BOTTOM,Ahri,Yasuo,0.0,1
BOTTOM,Yasuo,Ahri,1.0,1
TOP,Karthus,Ekko,0.0,1
TOP,Ekko,Karthus,1.0,1
JUNGLE,Evelynn,Zyra,0.0,1
JUNGLE,Zyra,Evelynn,1.0,1
UTILITY,Nami,JarvanIV,1.0,1
UTILITY,JarvanIV,Nami,0.0,1
BOTTOM,Zeri,Karthus,0.5806451612903226,31
BOTTOM,Karthus,Zeri,0.41935483870967744,31
JUNGLE,Zyra,MasterYi,0.4,5
JUNGLE,MasterYi,Zyra,0.6,5
MIDDLE,Kindred,AurelionSol,0.0,1
MIDDLE,AurelionSol,Kindred,1.0,1
TOP,Udyr,Gnar,0.75,4
TOP,Gnar,Udyr,0.25,4
JUNGLE,DrMundo,Poppy,0.6666666666666666,3
JUNGLE,Poppy,DrMundo,0.3333333333333333,3
UTILITY,Zyra,Braum,0.0,1
UTILITY,Braum,Zyra,1.0,1
JUNGLE,Ezreal,Graves,0.0,1
JUNGLE,Graves,Ezreal,1.0,1
TOP,Corki,KSante,1.0,1
TOP,KSante,Corki,0.0,1
JUNGLE,Zaahen,AurelionSol,0.0,1
JUNGLE,AurelionSol,Zaahen,1.0,1
JUNGLE,Malphite,Nunu,1.0,1
JUNGLE,Nunu,Malphite,0.0,1
MIDDLE,Zilean,Corki,1.0,1
MIDDLE,Corki,Zilean,0.0,1
UTILITY,Maokai,Soraka,0.25,4
UTILITY,Soraka,Maokai,0.75,4
JUNGLE,Belveth,Zac,1.0,1
JUNGLE,Zac,Belveth,0.0,1
TOP,Renekton,AurelionSol,0.25,4
TOP,AurelionSol,Renekton,0.75,4
JUNGLE,Sylas,Volibear,0.3333333333333333,6
JUNGLE,Volibear,Sylas,0.6666666666666666,6
UTILITY,Taric,Ashe,0.0,1
UTILITY,Ashe,Taric,1.0,1
JUNGLE,Nasus,Nunu,0.6,5
JUNGLE,Nunu,Nasus,0.4,5
BOTTOM,Sylas,Caitlyn,1.0,1
BOTTOM,Caitlyn,Sylas,0.0,1
BOTTOM,Veigar,Yasuo,0.6,5
BOTTOM,Yasuo,Veigar,0.4,5
JUNGLE,Skarner,Evelynn,0.5,4
JUNGLE,Evelynn,Skarner,0.5,4
MIDDLE,Yone,Vex,0.6,5
MIDDLE,Vex,Yone,0.4,5
TOP,Skarner,Chogath,0.5,2
TOP,Chogath,Skarner,0.5,2
UTILITY,Lulu,Xerath,0.5,2
UTILITY,Xerath,Lulu,0.5,2
JUNGLE,Volibear,Rammus,0.0,1
JUNGLE,Rammus,Volibear,1.0,1
TOP,Ahri,Darius,0.5,2
TOP,Darius,Ahri,0.5,2
UTILITY,Shen,Senna,0.5,2
UTILITY,Senna,Shen,0.5,2
MIDDLE,Aatrox,KogMaw,0.0,1
MIDDLE,KogMaw,Aatrox,1.0,1
BOTTOM,Veigar,Xerath,1.0,2
BOTTOM,Xerath,Veigar,0.0,2
JUNGLE,Riven,Graves,0.2857142857142857,7
JUNGLE,Graves,Riven,0.7142857142857143,7
TOP,Ekko,Gragas,0.3333333333333333,3
TOP,Gragas,Ekko,0.6666666666666666,3
JUNGLE,Teemo,Talon,0.5,4
JUNGLE,Talon,Teemo,0.5,4
TOP,Zoe,Qiyana,1.0,1
TOP,Qiyana,Zoe,0.0,1
TOP,Gwen,Skarner,0.5,2
TOP,Skarner,Gwen,0.5,2
JUNGLE,Hecarim,Diana,0.5,16
JUNGLE,Diana,Hecarim,0.5,16
TOP,Mordekaiser,Jayce,0.25,4
TOP,Jayce,Mordekaiser,0.75,4
UTILITY,Anivia,Pyke,0.6923076923076923,13
UTILITY,Pyke,Anivia,0.3076923076923077,13
JUNGLE,Shen,Khazix,0.0,2
JUNGLE,Khazix,Shen,1.0,2
TOP,Gnar,AurelionSol,0.5,2
TOP,AurelionSol,Gnar,0.5,2
BOTTOM,Swain,Sett,0.0,1
BOTTOM,Sett,Swain,1.0,1
BOTTOM,Ziggs,Hwei,0.3333333333333333,9
BOTTOM,Hwei,Ziggs,0.6666666666666666,9
JUNGLE,Qiyana,Ivern,0.8181818181818182,11
JUNGLE,Ivern,Qiyana,0.18181818181818182,11
JUNGLE,Rammus,DrMundo,1.0,3
JUNGLE,DrMundo,Rammus,0.0,3
MIDDLE,Fizz,Irelia,0.5,6
MIDDLE,Irelia,Fizz,0.5,6
TOP,Zilean,Pantheon,0.0,1
TOP,Pantheon,Zilean,1.0,1
BOTTOM,Tristana,Lux,0.8,5
BOTTOM,Lux,Tristana,0.2,5
MIDDLE,Taliyah,Belveth,1.0,1
MIDDLE,Belveth,Taliyah,0.0,1
TOP,Briar,Fiora,0.5,2
TOP,Fiora,Briar,0.5,2
TOP,Karma,Naafiri,1.0,1
TOP,Naafiri,Karma,0.0,1
UTILITY,Lux,Braum,0.6,5
UTILITY,Braum,Lux,0.4,5
TOP,Tryndamere,Anivia,0.75,4
TOP,Anivia,Tryndamere,0.25,4
BOTTOM,Karthus,Xayah,0.6666666666666666,3
BOTTOM,Xayah,Karthus,0.3333333333333333,3
MIDDLE,Lissandra,Aurora,0.36363636363636365,11
MIDDLE,Aurora,Lissandra,0.6363636363636364,11
MIDDLE,Vladimir,Xerath,0.25,4
MIDDLE,Xerath,Vladimir,0.75,4
BOTTOM,Kalista,Ziggs,0.5,12
BOTTOM,Ziggs,Kalista,0.5,12
TOP,Ryze,Shen,0.0,1
TOP,Shen,Ryze,1.0,1
BOTTOM,Yasuo,Singed,0.5,2
BOTTOM,Singed,Yasuo,0.5,2
TOP,Vayne,Camille,0.42857142857142855,14
TOP,Camille,Vayne,0.5714285714285714,14
BOTTOM,Yasuo,Velkoz,0.6666666666666666,3
BOTTOM,Velkoz,Yasuo,0.3333333333333333,3
JUNGLE,Karthus,Pantheon,0.2857142857142857,7
JUNGLE,Pantheon,Karthus,0.7142857142857143,7
TOP,Ornn,TahmKench,0.0,3
TOP,TahmKench,Ornn,1.0,3
TOP,Anivia,Gnar,0.3,10
TOP,Gnar,Anivia,0.7,10
MIDDLE,Singed,Riven,0.0,1
MIDDLE,Riven,Singed,1.0,1
MIDDLE,Veigar,Annie,0.375,8
MIDDLE,Annie,Veigar,0.625,8
BOTTOM,AurelionSol,Hwei,1.0,3
BOTTOM,Hwei,AurelionSol,0.0,3
UTILITY,Sion,Lux,1.0,1
UTILITY,Lux,Sion,0.0,1
BOTTOM,Jhin,Xerath,0.5,8
BOTTOM,Xerath,Jhin,0.5,8
UTILITY,Sona,Anivia,0.6,5
UTILITY,Anivia,Sona,0.4,5
MIDDLE,Jayce,Karthus,0.6666666666666666,3
MIDDLE,Karthus,Jayce,0.3333333333333333,3
UTILITY,Teemo,TwistedFate,1.0,1
UTILITY,TwistedFate,Teemo,0.0,1
JUNGLE,Darius,FiddleSticks,0.3333333333333333,3
JUNGLE,FiddleSticks,Darius,0.6666666666666666,3
TOP,Garen,Corki,1.0,1
TOP,Corki,Garen,0.0,1
UTILITY,Ahri,Nami,1.0,1
UTILITY,Nami,Ahri,0.0,1
BOTTOM,Syndra,Hwei,0.8,5
BOTTOM,Hwei,Syndra,0.2,5
TOP,Aatrox,Kayle,0.5,4
TOP,Kayle,Aatrox,0.5,4
TOP,Velkoz,Darius,1.0,1
TOP,Darius,Velkoz,0.0,1
TOP,LeeSin,Zed,0.0,1
TOP,Zed,LeeSin,1.0,1
BOTTOM,Ziggs,Xerath,0.3333333333333333,3
BOTTOM,Xerath,Ziggs,0.6666666666666666,3
MIDDLE,Kassadin,Jayce,0.3181818181818182,22
MIDDLE,Jayce,Kassadin,0.6818181818181818,22
TOP,Nidalee,Ambessa,0.5,2
TOP,Ambessa,Nidalee,0.5,2
MIDDLE,Qiyana,Brand,0.16666666666666666,6
MIDDLE,Brand,Qiyana,0.8333333333333334,6
UTILITY,Blitzcrank,Teemo,0.0,1
UTILITY,Teemo,Blitzcrank,1.0,1
JUNGLE,Camille,Shaco,0.0,1
JUNGLE,Shaco,Camille,1.0,1
MIDDLE,Ekko,Lux,0.42857142857142855,7
MIDDLE,Lux,Ekko,0.5714285714285714,7
TOP,Neeko,Ambessa,1.0,1
TOP,Ambessa,Neeko,0.0,1
MIDDLE,Galio,Brand,0.45454545454545453,11
MIDDLE,Brand,Galio,0.5454545454545454,11
JUNGLE,Rengar,Pantheon,0.5,12
JUNGLE,Pantheon,Rengar,0.5,12
MIDDLE,Brand,TwistedFate,0.4444444444444444,9
MIDDLE,TwistedFate,Brand,0.5555555555555556,9
TOP,Cassiopeia,Kalista,0.5,2
TOP,Kalista,Cassiopeia,0.5,2
BOTTOM,Yone,Ziggs,1.0,1
BOTTOM,Ziggs,Yone,0.0,1
JUNGLE,Evelynn,Ambessa,0.8333333333333334,6
JUNGLE,Ambessa,Evelynn,0.16666666666666666,6
JUNGLE,Aatrox,Zac,0.4,5
JUNGLE,Zac,Aatrox,0.6,5
TOP,Velkoz,Karma,0.0,2
TOP,Karma,Velkoz,1.0,2
JUNGLE,Shaco,Fizz,0.375,8
JUNGLE,Fizz,Shaco,0.625,8
UTILITY,Soraka,Qiyana,0.0,1
UTILITY,Qiyana,Soraka,1.0,1
UTILITY,Ashe,Pyke,1.0,2
UTILITY,Pyke,Ashe,0.0,2
MIDDLE,Vayne,Singed,0.5,2
MIDDLE,Singed,Vayne,0.5,2
TOP,Cassiopeia,KSante,0.5454545454545454,11
TOP,KSante,Cassiopeia,0.45454545454545453,11
BOTTOM,Smolder,Tristana,0.32432432432432434,37
BOTTOM,Tristana,Smolder,0.6756756756756757,37
MIDDLE,Cassiopeia,Vladimir,0.625,16
MIDDLE,Vladimir,Cassiopeia,0.375,16
BOTTOM,Nilah,Yasuo,0.0,2
BOTTOM,Yasuo,Nilah,1.0,2
TOP,Vladimir,Quinn,0.0,4
TOP,Quinn,Vladimir,1.0,4
BOTTOM,Ashe,Yasuo,0.75,16
BOTTOM,Yasuo,Ashe,0.25,16
JUNGLE,Briar,Riven,0.5,2
JUNGLE,Riven,Briar,0.5,2
TOP,Poppy,Ornn,0.42857142857142855,7
TOP,Ornn,Poppy,0.5714285714285714,7
JUNGLE,LeeSin,Trundle,0.5,2
JUNGLE,Trundle,LeeSin,0.5,2
TOP,KSante,Annie,0.0,3
TOP,Annie,KSante,1.0,3
JUNGLE,Sylas,Mordekaiser,1.0,1
JUNGLE,Mordekaiser,Sylas,0.0,1
BOTTOM,Hwei,Qiyana,0.5,2
BOTTOM,Qiyana,Hwei,0.5,2
JUNGLE,Briar,Chogath,0.5,2
JUNGLE,Chogath,Briar,0.5,2
UTILITY,Ekko,Lulu,0.75,4
UTILITY,Lulu,Ekko,0.25,4
BOTTOM,Velkoz,Swain,0.5,4
BOTTOM,Swain,Velkoz,0.5,4
TOP,Orianna,KSante,0.0,1
TOP,KSante,Orianna,1.0,1
JUNGLE,Brand,MonkeyKing,0.5,6
JUNGLE,MonkeyKing,Brand,0.5,6
TOP,Pantheon,Viego,0.0,1
TOP,Viego,Pantheon,1.0,1
BOTTOM,Vayne,Yasuo,0.3333333333333333,6
BOTTOM,Yasuo,Vayne,0.6666666666666666,6
MIDDLE,Katarina,Nasus,0.0,4
MIDDLE,Nasus,Katarina,1.0,4
TOP,Illaoi,Jayce,0.4444444444444444,9
TOP,Jayce,Illaoi,0.5555555555555556,9
UTILITY,Ivern,Seraphine,0.5,2
UTILITY,Seraphine,Ivern,0.5,2
BOTTOM,TwistedFate,Jinx,1.0,1
BOTTOM,Jinx,TwistedFate,0.0,1
TOP,Olaf,Garen,0.5833333333333334,12
TOP,Garen,Olaf,0.4166666666666667,12
UTILITY,Bard,Nidalee,0.5,2
UTILITY,Nidalee,Bard,0.5,2
BOTTOM,Jhin,Nilah,0.5,6
BOTTOM,Nilah,Jhin,0.5,6
TOP,KSante,Skarner,1.0,2
TOP,Skarner,KSante,0.0,2
UTILITY,Senna,Qiyana,1.0,2
UTILITY,Qiyana,Senna,0.0,2
MIDDLE,Zyra,Ahri,0.5,2
MIDDLE,Ahri,Zyra,0.5,2
JUNGLE,Naafiri,Nunu,0.3181818181818182,22
JUNGLE,Nunu,Naafiri,0.6818181818181818,22
TOP,Gragas,Anivia,0.6666666666666666,3
TOP,Anivia,Gragas,0.3333333333333333,3
MIDDLE,Mel,Graves,0.0,1
MIDDLE,Graves,Mel,1.0,1
TOP,Varus,Ezreal,0.0,2
TOP,Ezreal,Varus,1.0,2
TOP,Pantheon,Gwen,0.25,4
TOP,Gwen,Pantheon,0.75,4
TOP,Rumble,Garen,0.5,8
TOP,Garen,Rumble,0.5,8
JUNGLE,JarvanIV,Camille,0.5,2
JUNGLE,Camille,JarvanIV,0.5,2
MIDDLE,Akali,Fizz,0.2,5
MIDDLE,Fizz,Akali,0.8,5
UTILITY,KSante,Senna,1.0,1
UTILITY,Senna,KSante,0.0,1
BOTTOM,Jhin,TwistedFate,0.0,1
BOTTOM,TwistedFate,Jhin,1.0,1
MIDDLE,Zoe,Xerath,0.4444444444444444,9
MIDDLE,Xerath,Zoe,0.5555555555555556,9
MIDDLE,KSante,Mel,0.5,2
MIDDLE,Mel,KSante,0.5,2
BOTTOM,KogMaw,Katarina,0.3333333333333333,3
BOTTOM,Katarina,KogMaw,0.6666666666666666,3
MIDDLE,Galio,Velkoz,0.3333333333333333,6
MIDDLE,Velkoz,Galio,0.6666666666666666,6
MIDDLE,Quinn,Anivia,0.2,5
MIDDLE,Anivia,Quinn,0.8,5
BOTTOM,Yunara,Xerath,0.42857142857142855,7
BOTTOM,Xerath,Yunara,0.5714285714285714,7
JUNGLE,Chogath,Kindred,0.3333333333333333,3
JUNGLE,Kindred,Chogath,0.6666666666666666,3
JUNGLE,Chogath,Elise,0.0,1
JUNGLE,Elise,Chogath,1.0,1
UTILITY,Seraphine,TwistedFate,0.5,2
UTILITY,TwistedFate,Seraphine,0.5,2
UTILITY,Alistar,Ekko,0.3333333333333333,3
UTILITY,Ekko,Alistar,0.6666666666666666,3
JUNGLE,Ezreal,Sylas,0.0,2
JUNGLE,Sylas,Ezreal,1.0,2
MIDDLE,Talon,Brand,0.6666666666666666,3
MIDDLE,Brand,Talon,0.3333333333333333,3
UTILITY,Rell,Soraka,0.46153846153846156,26
UTILITY,Soraka,Rell,0.5384615384615384,26
TOP,Akshan,Ivern,1.0,1
TOP,Ivern,Akshan,0.0,1
UTILITY,Poppy,Nidalee,1.0,1
UTILITY,Nidalee,Poppy,0.0,1
BOTTOM,KogMaw,Xerath,0.0,1
BOTTOM,Xerath,KogMaw,1.0,1
MIDDLE,Viktor,Azir,0.25,4
MIDDLE,Azir,Viktor,0.75,4
UTILITY,Blitzcrank,Brand,1.0,3
UTILITY,Brand,Blitzcrank,0.0,3
JUNGLE,Udyr,Zaahen,0.5,4
JUNGLE,Zaahen,Udyr,0.5,4
MIDDLE,Azir,Sett,1.0,1
MIDDLE,Sett,Azir,0.0,1
MIDDLE,Sylas,Xerath,0.75,8
MIDDLE,Xerath,Sylas,0.25,8
MIDDLE,Kassadin,KSante,0.0,2
MIDDLE,KSante,Kassadin,1.0,2
JUNGLE,Rammus,RekSai,0.6666666666666666,3
JUNGLE,RekSai,Rammus,0.3333333333333333,3
UTILITY,Anivia,Blitzcrank,0.6666666666666666,3
UTILITY,Blitzcrank,Anivia,0.3333333333333333,3
JUNGLE,Morgana,Viego,0.6666666666666666,6
JUNGLE,Viego,Morgana,0.3333333333333333,6
MIDDLE,Ryze,Rumble,0.5,6
MIDDLE,Rumble,Ryze,0.5,6
TOP,Jayce,Skarner,0.5714285714285714,7
TOP,Skarner,Jayce,0.42857142857142855,7
MIDDLE,Karma,Morgana,0.0,1
MIDDLE,Morgana,Karma,1.0,1
MIDDLE,Malzahar,Sion,0.3333333333333333,3
MIDDLE,Sion,Malzahar,0.6666666666666666,3
MIDDLE,Sion,Belveth,0.5,2
MIDDLE,Belveth,Sion,0.5,2
JUNGLE,Rammus,Naafiri,0.3333333333333333,3
JUNGLE,Naafiri,Rammus,0.6666666666666666,3
MIDDLE,Gragas,Lissandra,0.6,5
MIDDLE,Lissandra,Gragas,0.4,5
TOP,Velkoz,Yone,0.0,1
TOP,Yone,Velkoz,1.0,1
MIDDLE,Belveth,Ziggs,0.0,1
MIDDLE,Ziggs,Belveth,1.0,1
UTILITY,Lulu,Lissandra,0.0,1
UTILITY,Lissandra,Lulu,1.0,1
BOTTOM,Vayne,Sion,0.0,1
BOTTOM,Sion,Vayne,1.0,1
JUNGLE,Shyvana,Chogath,0.5,2
JUNGLE,Chogath,Shyvana,0.5,2
MIDDLE,Zeri,Ahri,0.6666666666666666,3
MIDDLE,Ahri,Zeri,0.3333333333333333,3
TOP,Jayce,Quinn,0.5714285714285714,7
TOP,Quinn,Jayce,0.42857142857142855,7
JUNGLE,Rammus,Shaco,0.5,2
JUNGLE,Shaco,Rammus,0.5,2
UTILITY,Sion,Lulu,0.6666666666666666,3
UTILITY,Lulu,Sion,0.3333333333333333,3
UTILITY,Ezreal,Nami,0.0,1
UTILITY,Nami,Ezreal,1.0,1
TOP,Rengar,Ahri,0.0,1
TOP,Ahri,Rengar,1.0,1
TOP,Yone,Qiyana,0.3333333333333333,3
TOP,Qiyana,Yone,0.6666666666666666,3
MIDDLE,Nunu,Aurora,1.0,2
MIDDLE,Aurora,Nunu,0.0,2
MIDDLE,Garen,Swain,1.0,1
MIDDLE,Swain,Garen,0.0,1
MIDDLE,Yone,Karma,0.75,4
MIDDLE,Karma,Yone,0.25,4
TOP,Sion,Swain,1.0,1
TOP,Swain,Sion,0.0,1
MIDDLE,Graves,Ahri,1.0,1
MIDDLE,Ahri,Graves,0.0,1
JUNGLE,Taliyah,Viego,0.36363636363636365,11
JUNGLE,Viego,Taliyah,0.6363636363636364,11
MIDDLE,TwistedFate,Anivia,0.47619047619047616,21
MIDDLE,Anivia,TwistedFate,0.5238095238095238,21
TOP,Swain,Vayne,0.5,2
TOP,Vayne,Swain,0.5,2
UTILITY,Fiora,Neeko,0.0,1
UTILITY,Neeko,Fiora,1.0,1
MIDDLE,Katarina,Singed,0.6666666666666666,6
MIDDLE,Singed,Katarina,0.3333333333333333,6
JUNGLE,Olaf,Skarner,0.7142857142857143,7
JUNGLE,Skarner,Olaf,0.2857142857142857,7
UTILITY,Pantheon,Anivia,0.4,5
UTILITY,Anivia,Pantheon,0.6,5
MIDDLE,Kaisa,Jayce,0.0,1
MIDDLE,Jayce,Kaisa,1.0,1
BOTTOM,Katarina,Kaisa,0.3333333333333333,6
BOTTOM,Kaisa,Katarina,0.6666666666666666,6
TOP,Darius,Udyr,1.0,2
TOP,Udyr,Darius,0.0,2
MIDDLE,Galio,Ziggs,1.0,1
MIDDLE,Ziggs,Galio,0.0,1
JUNGLE,Elise,Rumble,1.0,2
JUNGLE,Rumble,Elise,0.0,2
TOP,Sett,Yorick,1.0,1
TOP,Yorick,Sett,0.0,1
UTILITY,Alistar,Anivia,0.5714285714285714,7
UTILITY,Anivia,Alistar,0.42857142857142855,7
BOTTOM,Ezreal,Xerath,0.375,8
BOTTOM,Xerath,Ezreal,0.625,8
TOP,Zac,Trundle,0.0,1
TOP,Trundle,Zac,1.0,1
UTILITY,Seraphine,Nidalee,0.5,2
UTILITY,Nidalee,Seraphine,0.5,2
TOP,Ornn,Tristana,1.0,2
TOP,Tristana,Ornn,0.0,2
TOP,Warwick,Vayne,0.0,8
TOP,Vayne,Warwick,1.0,8
MIDDLE,Ekko,Hwei,0.4444444444444444,9
MIDDLE,Hwei,Ekko,0.5555555555555556,9
BOTTOM,Xerath,Kalista,0.6,5
BOTTOM,Kalista,Xerath,0.4,5
TOP,Garen,Qiyana,1.0,1
TOP,Qiyana,Garen,0.0,1
MIDDLE,Brand,Ahri,0.47058823529411764,17
MIDDLE,Ahri,Brand,0.5294117647058824,17
TOP,Quinn,Malphite,1.0,4
TOP,Malphite,Quinn,0.0,4
TOP,Soraka,Yone,1.0,1
TOP,Yone,Soraka,0.0,1
TOP,Illaoi,Syndra,0.0,2
TOP,Syndra,Illaoi,1.0,2
TOP,Sion,Veigar,0.0,1
TOP,Veigar,Sion,1.0,1
TOP,Yorick,Olaf,0.25,4
TOP,Olaf,Yorick,0.75,4
JUNGLE,Sylas,Kayn,0.5833333333333334,24
JUNGLE,Kayn,Sylas,0.4166666666666667,24
JUNGLE,Jax,Kindred,0.75,4
JUNGLE,Kindred,Jax,0.25,4
UTILITY,Karma,Twitch,1.0,1
UTILITY,Twitch,Karma,0.0,1
MIDDLE,Sejuani,Jayce,0.0,1
MIDDLE,Jayce,Sejuani,1.0,1
MIDDLE,Velkoz,Leblanc,0.5,4
MIDDLE,Leblanc,Velkoz,0.5,4
TOP,Karma,Aurora,0.3333333333333333,3
TOP,Aurora,Karma,0.6666666666666666,3
MIDDLE,Akshan,Gwen,0.0,2
MIDDLE,Gwen,Akshan,1.0,2
TOP,Tryndamere,Akali,0.6666666666666666,9
TOP,Akali,Tryndamere,0.3333333333333333,9
TOP,Olaf,Gnar,0.4666666666666667,15
TOP,Gnar,Olaf,0.5333333333333333,15
BOTTOM,Ezreal,LeeSin,1.0,1
BOTTOM,LeeSin,Ezreal,0.0,1
JUNGLE,Pantheon,Skarner,0.5,12
JUNGLE,Skarner,Pantheon,0.5,12
JUNGLE,JarvanIV,AurelionSol,1.0,2
JUNGLE,AurelionSol,JarvanIV,0.0,2
MIDDLE,Orianna,Jayce,0.4,5
MIDDLE,Jayce,Orianna,0.6,5
UTILITY,Lux,Anivia,0.8,5
UTILITY,Anivia,Lux,0.2,5
TOP,Varus,Shaco,0.5,2
TOP,Shaco,Varus,0.5,2
UTILITY,Lux,Twitch,0.0,1
UTILITY,Twitch,Lux,1.0,1
TOP,Varus,Leblanc,0.5,2
TOP,Leblanc,Varus,0.5,2
JUNGLE,Aatrox,Kaisa,1.0,1
JUNGLE,Kaisa,Aatrox,0.0,1
TOP,Kennen,Kayle,1.0,1
TOP,Kayle,Kennen,0.0,1
JUNGLE,Graves,Camille,0.0,2
JUNGLE,Camille,Graves,1.0,2
MIDDLE,Cassiopeia,Nasus,0.5,2
MIDDLE,Nasus,Cassiopeia,0.5,2
MIDDLE,Cassiopeia,Xerath,0.7272727272727273,11
MIDDLE,Xerath,Cassiopeia,0.2727272727272727,11
MIDDLE,Zac,Akali,1.0,1
MIDDLE,Akali,Zac,0.0,1
BOTTOM,Velkoz,Xayah,0.0,1
BOTTOM,Xayah,Velkoz,1.0,1
TOP,Katarina,Annie,1.0,1
TOP,Annie,Katarina,0.0,1
MIDDLE,Qiyana,Yone,0.631578947368421,19
MIDDLE,Yone,Qiyana,0.3684210526315789,19
TOP,Pantheon,Trundle,0.3333333333333333,3
TOP,Trundle,Pantheon,0.6666666666666666,3
MIDDLE,Mel,Kayle,1.0,2
MIDDLE,Kayle,Mel,0.0,2
TOP,Riven,Skarner,1.0,2
TOP,Skarner,Riven,0.0,2
BOTTOM,Brand,Sivir,0.4375,16
BOTTOM,Sivir,Brand,0.5625,16
MIDDLE,Vayne,Leblanc,0.6666666666666666,3
MIDDLE,Leblanc,Vayne,0.3333333333333333,3
JUNGLE,Ekko,Lillia,0.625,8
JUNGLE,Lillia,Ekko,0.375,8
TOP,Kled,Garen,0.6,5
TOP,Garen,Kled,0.4,5
UTILITY,Skarner,Velkoz,0.0,1
UTILITY,Velkoz,Skarner,1.0,1
MIDDLE,Orianna,Gnar,1.0,1
MIDDLE,Gnar,Orianna,0.0,1
UTILITY,Braum,Skarner,1.0,1
UTILITY,Skarner,Braum,0.0,1
TOP,Gragas,Ornn,0.4,20
TOP,Ornn,Gragas,0.6,20
JUNGLE,MasterYi,Zaahen,0.6666666666666666,3
JUNGLE,Zaahen,MasterYi,0.3333333333333333,3
TOP,Rumble,Heimerdinger,0.3333333333333333,3
TOP,Heimerdinger,Rumble,0.6666666666666666,3
BOTTOM,Xerath,Ashe,0.5714285714285714,7
BOTTOM,Ashe,Xerath,0.42857142857142855,7
JUNGLE,Amumu,Nunu,0.0,1
JUNGLE,Nunu,Amumu,1.0,1
TOP,Quinn,Vex,0.0,1
TOP,Vex,Quinn,1.0,1
TOP,Yasuo,Lux,1.0,2
TOP,Lux,Yasuo,0.0,2
TOP,Qiyana,Varus,0.625,8
TOP,Varus,Qiyana,0.375,8
BOTTOM,Seraphine,Zeri,0.2222222222222222,9
BOTTOM,Zeri,Seraphine,0.7777777777777778,9
TOP,Velkoz,Tristana,0.5,2
TOP,Tristana,Velkoz,0.5,2
BOTTOM,Lux,Seraphine,0.3333333333333333,3
BOTTOM,Seraphine,Lux,0.6666666666666666,3
JUNGLE,JarvanIV,Sion,0.5,2
JUNGLE,Sion,JarvanIV,0.5,2
JUNGLE,Ambessa,Rammus,0.3333333333333333,3
JUNGLE,Rammus,Ambessa,0.6666666666666666,3
TOP,AurelionSol,Annie,0.0,1
TOP,Annie,AurelionSol,1.0,1
TOP,AurelionSol,Maokai,1.0,1
TOP,Maokai,AurelionSol,0.0,1
BOTTOM,Xerath,Draven,1.0,6
BOTTOM,Draven,Xerath,0.0,6
JUNGLE,Gwen,MonkeyKing,0.5,2
JUNGLE,MonkeyKing,Gwen,0.5,2
MIDDLE,Xerath,Annie,0.2222222222222222,9
MIDDLE,Annie,Xerath,0.7777777777777778,9
TOP,Renekton,Warwick,0.25,4
TOP,Warwick,Renekton,0.75,4
TOP,Quinn,Chogath,0.25,4
TOP,Chogath,Quinn,0.75,4
BOTTOM,Xerath,AurelionSol,0.0,1
BOTTOM,AurelionSol,Xerath,1.0,1
JUNGLE,Naafiri,Olaf,1.0,2
JUNGLE,Olaf,Naafiri,0.0,2
BOTTOM,Zyra,Xerath,1.0,2
BOTTOM,Xerath,Zyra,0.0,2
JUNGLE,Teemo,Elise,0.5,2
JUNGLE,Elise,Teemo,0.5,2
MIDDLE,Sivir,Jayce,1.0,2
MIDDLE,Jayce,Sivir,0.0,2
TOP,Ambessa,Ryze,0.6,5
TOP,Ryze,Ambessa,0.4,5
BOTTOM,Draven,Katarina,0.0,2
BOTTOM,Katarina,Draven,1.0,2
TOP,Warwick,Riven,0.0,2
TOP,Riven,Warwick,1.0,2
BOTTOM,Zilean,Ashe,0.4,5
BOTTOM,Ashe,Zilean,0.6,5
TOP,Gnar,Annie,0.6666666666666666,9
TOP,Annie,Gnar,0.3333333333333333,9
TOP,Teemo,Ornn,0.2,5
TOP,Ornn,Teemo,0.8,5
JUNGLE,Naafiri,Vayne,0.0,2
JUNGLE,Vayne,Naafiri,1.0,2
UTILITY,Yuumi,Soraka,0.3333333333333333,9
UTILITY,Soraka,Yuumi,0.6666666666666666,9
BOTTOM,Naafiri,Swain,0.0,1
BOTTOM,Swain,Naafiri,1.0,1
JUNGLE,Jayce,Fizz,0.75,4
JUNGLE,Fizz,Jayce,0.25,4
MIDDLE,Qiyana,Karthus,0.0,3
MIDDLE,Karthus,Qiyana,1.0,3
TOP,Volibear,Ekko,0.0,1
TOP,Ekko,Volibear,1.0,1
BOTTOM,Velkoz,Taliyah,0.5,2
BOTTOM,Taliyah,Velkoz,0.5,2
MIDDLE,Lucian,Aurora,0.0,2
MIDDLE,Aurora,Lucian,1.0,2
UTILITY,Galio,Nami,0.0,1
UTILITY,Nami,Galio,1.0,1
MIDDLE,Katarina,Ambessa,0.6666666666666666,3
MIDDLE,Ambessa,Katarina,0.3333333333333333,3
MIDDLE,Lucian,Orianna,0.5,2
MIDDLE,Orianna,Lucian,0.5,2
MIDDLE,Azir,Annie,0.6666666666666666,3
MIDDLE,Annie,Azir,0.3333333333333333,3
TOP,Azir,Poppy,1.0,1
TOP,Poppy,Azir,0.0,1
JUNGLE,Graves,Brand,0.4,25
JUNGLE,Brand,Graves,0.6,25
JUNGLE,Sejuani,Nocturne,0.6666666666666666,6
JUNGLE,Nocturne,Sejuani,0.3333333333333333,6
MIDDLE,Pyke,Jax,0.0,1
MIDDLE,Jax,Pyke,1.0,1
MIDDLE,Ziggs,Akali,0.6666666666666666,3
MIDDLE,Akali,Ziggs,0.3333333333333333,3
TOP,Gnar,Azir,1.0,1
TOP,Azir,Gnar,0.0,1
BOTTOM,Varus,Orianna,0.0,1
BOTTOM,Orianna,Varus,1.0,1
MIDDLE,Sion,Riven,0.5,4
MIDDLE,Riven,Sion,0.5,4
MIDDLE,Kassadin,Aurora,0.46153846153846156,13
MIDDLE,Aurora,Kassadin,0.5384615384615384,13
MIDDLE,Xerath,Singed,0.0,4
MIDDLE,Singed,Xerath,1.0,4
TOP,FiddleSticks,Vayne,0.0,2
TOP,Vayne,FiddleSticks,1.0,2
MIDDLE,Ahri,Karthus,0.625,8
MIDDLE,Karthus,Ahri,0.375,8
MIDDLE,Pantheon,Yone,1.0,1
MIDDLE,Yone,Pantheon,0.0,1
TOP,Skarner,TwistedFate,0.0,2
TOP,TwistedFate,Skarner,1.0,2
JUNGLE,JarvanIV,Neeko,1.0,1
JUNGLE,Neeko,JarvanIV,0.0,1
JUNGLE,Vayne,Neeko,0.0,1
JUNGLE,Neeko,Vayne,1.0,1
JUNGLE,Olaf,LeeSin,0.6666666666666666,3
JUNGLE,LeeSin,Olaf,0.3333333333333333,3
MIDDLE,Qiyana,Vex,0.5555555555555556,9
MIDDLE,Vex,Qiyana,0.4444444444444444,9
TOP,Kennen,Teemo,0.25,4
TOP,Teemo,Kennen,0.75,4
BOTTOM,Senna,Ziggs,0.4857142857142857,35
BOTTOM,Ziggs,Senna,0.5142857142857142,35
JUNGLE,RekSai,Nocturne,0.3,20
JUNGLE,Nocturne,RekSai,0.7,20
TOP,Vladimir,Illaoi,0.0,1
TOP,Illaoi,Vladimir,1.0,1
UTILITY,Sion,Sona,0.5,2
UTILITY,Sona,Sion,0.5,2
JUNGLE,Karthus,Sejuani,0.5,2
JUNGLE,Sejuani,Karthus,0.5,2
MIDDLE,Talon,Yone,1.0,1
MIDDLE,Yone,Talon,0.0,1
TOP,Shyvana,Renekton,0.0,2
TOP,Renekton,Shyvana,1.0,2
UTILITY,Bard,Karthus,0.0,1
UTILITY,Karthus,Bard,1.0,1
UTILITY,Sylas,Senna,0.5,12
UTILITY,Senna,Sylas,0.5,12
TOP,Irelia,Skarner,0.5,2
TOP,Skarner,Irelia,0.5,2
BOTTOM,Qiyana,Yunara,0.0,1
BOTTOM,Yunara,Qiyana,1.0,1
JUNGLE,JarvanIV,Morgana,0.16666666666666666,6
JUNGLE,Morgana,JarvanIV,0.8333333333333334,6
TOP,Gragas,Maokai,0.0,1
TOP,Maokai,Gragas,1.0,1
JUNGLE,Aatrox,Olaf,1.0,1
JUNGLE,Olaf,Aatrox,0.0,1
TOP,KSante,Shyvana,0.625,8
TOP,Shyvana,KSante,0.375,8
JUNGLE,MonkeyKing,Zyra,0.4444444444444444,9
JUNGLE,Zyra,MonkeyKing,0.5555555555555556,9
MIDDLE,Sylas,Seraphine,0.75,4
MIDDLE,Seraphine,Sylas,0.25,4
MIDDLE,Cassiopeia,Morgana,0.0,2
MIDDLE,Morgana,Cassiopeia,1.0,2
BOTTOM,Lux,Caitlyn,0.5,10
BOTTOM,Caitlyn,Lux,0.5,10
TOP,Leblanc,Irelia,0.5,4
TOP,Irelia,Leblanc,0.5,4
MIDDLE,Mel,Malzahar,0.6666666666666666,3
MIDDLE,Malzahar,Mel,0.3333333333333333,3
TOP,Katarina,Maokai,0.0,1
TOP,Maokai,Katarina,1.0,1
TOP,Sylas,Chogath,0.6666666666666666,6
TOP,Chogath,Sylas,0.3333333333333333,6
TOP,Skarner,Alistar,1.0,1
TOP,Alistar,Skarner,0.0,1
MIDDLE,TwistedFate,Smolder,1.0,1
MIDDLE,Smolder,TwistedFate,0.0,1
TOP,Akali,Ornn,0.23076923076923078,13
TOP,Ornn,Akali,0.7692307692307693,13
MIDDLE,Velkoz,RekSai,0.0,1
MIDDLE,RekSai,Velkoz,1.0,1
TOP,Akali,Anivia,0.4,5
TOP,Anivia,Akali,0.6,5
JUNGLE,Ivern,Kindred,0.7142857142857143,7
JUNGLE,Kindred,Ivern,0.2857142857142857,7
MIDDLE,KogMaw,Irelia,0.6666666666666666,3
MIDDLE,Irelia,KogMaw,0.3333333333333333,3
TOP,Singed,Udyr,1.0,2
TOP,Udyr,Singed,0.0,2
TOP,Illaoi,Varus,0.75,4
TOP,Varus,Illaoi,0.25,4
TOP,Aatrox,Illaoi,0.5,4
TOP,Illaoi,Aatrox,0.5,4
JUNGLE,Skarner,Kayn,0.6428571428571429,14
JUNGLE,Kayn,Skarner,0.35714285714285715,14
TOP,TwistedFate,Aatrox,0.6666666666666666,6
TOP,Aatrox,TwistedFate,0.3333333333333333,6
UTILITY,Orianna,Nami,1.0,1
UTILITY,Nami,Orianna,0.0,1
MIDDLE,Mel,Singed,1.0,1
MIDDLE,Singed,Mel,0.0,1
TOP,TwistedFate,Shen,0.8571428571428571,7
TOP,Shen,TwistedFate,0.14285714285714285,7
JUNGLE,Skarner,Zyra,0.25,4
JUNGLE,Zyra,Skarner,0.75,4
MIDDLE,Talon,Akali,0.375,8
MIDDLE,Akali,Talon,0.625,8
TOP,Gwen,Kennen,0.6666666666666666,3
TOP,Kennen,Gwen,0.3333333333333333,3
MIDDLE,Fizz,Jayce,0.3333333333333333,3
MIDDLE,Jayce,Fizz,0.6666666666666666,3
BOTTOM,Vayne,Swain,0.7142857142857143,7
BOTTOM,Swain,Vayne,0.2857142857142857,7
JUNGLE,Fizz,Pantheon,0.3333333333333333,3
JUNGLE,Pantheon,Fizz,0.6666666666666666,3
MIDDLE,Shen,Akali,0.0,1
MIDDLE,Akali,Shen,1.0,1
JUNGLE,DrMundo,Volibear,0.3333333333333333,3
JUNGLE,Volibear,DrMundo,0.6666666666666666,3
BOTTOM,Aurora,AurelionSol,0.0,1
BOTTOM,AurelionSol,Aurora,1.0,1
TOP,Leblanc,Sion,0.3333333333333333,3
TOP,Sion,Leblanc,0.6666666666666666,3
UTILITY,Senna,Evelynn,0.0,1
UTILITY,Evelynn,Senna,1.0,1
MIDDLE,Sion,Vladimir,0.3333333333333333,3
MIDDLE,Vladimir,Sion,0.6666666666666666,3
MIDDLE,Garen,Pyke,0.0,2
MIDDLE,Pyke,Garen,1.0,2
JUNGLE,LeeSin,Fizz,0.6,5
JUNGLE,Fizz,LeeSin,0.4,5
MIDDLE,Sion,Garen,0.0,1
MIDDLE,Garen,Sion,1.0,1
JUNGLE,Zac,FiddleSticks,0.25,4
JUNGLE,FiddleSticks,Zac,0.75,4
TOP,Leblanc,Nidalee,1.0,1
TOP,Nidalee,Leblanc,0.0,1
JUNGLE,Shen,Volibear,0.0,1
JUNGLE,Volibear,Shen,1.0,1
MIDDLE,Lulu,Yone,1.0,1
MIDDLE,Yone,Lulu,0.0,1
MIDDLE,Sion,AurelionSol,0.5,2
MIDDLE,AurelionSol,Sion,0.5,2
TOP,Yone,Sylas,0.0,3
TOP,Sylas,Yone,1.0,3
BOTTOM,Jinx,Hwei,0.5,8
BOTTOM,Hwei,Jinx,0.5,8
JUNGLE,Morgana,Khazix,0.5,4
JUNGLE,Khazix,Morgana,0.5,4
MIDDLE,MissFortune,Aurora,0.0,1
MIDDLE,Aurora,MissFortune,1.0,1
UTILITY,Hwei,Soraka,0.0,1
UTILITY,Soraka,Hwei,1.0,1
MIDDLE,Aurora,Riven,0.25,8
MIDDLE,Riven,Aurora,0.75,8
TOP,Zaahen,Mordekaiser,0.3333333333333333,3
TOP,Mordekaiser,Zaahen,0.6666666666666666,3
MIDDLE,Akshan,Riven,0.7,10
MIDDLE,Riven,Akshan,0.3,10
TOP,Karthus,Swain,1.0,1
TOP,Swain,Karthus,0.0,1
TOP,Fiora,Elise,0.4,5
TOP,Elise,Fiora,0.6,5
TOP,Akali,Ekko,0.5,2
TOP,Ekko,Akali,0.5,2
TOP,Udyr,Varus,0.14285714285714285,7
TOP,Varus,Udyr,0.8571428571428571,7
TOP,Yasuo,Velkoz,0.5,2
TOP,Velkoz,Yasuo,0.5,2
JUNGLE,Briar,Skarner,0.42857142857142855,7
JUNGLE,Skarner,Briar,0.5714285714285714,7
MIDDLE,Zaahen,Yone,0.0,1
MIDDLE,Yone,Zaahen,1.0,1
TOP,Jayce,TahmKench,0.75,4
TOP,TahmKench,Jayce,0.25,4
JUNGLE,Khazix,Ivern,0.4827586206896552,29
JUNGLE,Ivern,Khazix,0.5172413793103449,29
MIDDLE,Tryndamere,Mel,1.0,1
MIDDLE,Mel,Tryndamere,0.0,1
BOTTOM,Corki,Soraka,0.0,1
BOTTOM,Soraka,Corki,1.0,1
TOP,Rumble,Annie,0.3333333333333333,6
TOP,Annie,Rumble,0.6666666666666666,6
JUNGLE,Ekko,Chogath,0.6666666666666666,3
JUNGLE,Chogath,Ekko,0.3333333333333333,3
MIDDLE,Veigar,Sylas,0.2857142857142857,7
MIDDLE,Sylas,Veigar,0.7142857142857143,7
TOP,Yasuo,Olaf,0.3333333333333333,3
TOP,Olaf,Yasuo,0.6666666666666666,3
TOP,Akali,Poppy,0.3333333333333333,3
TOP,Poppy,Akali,0.6666666666666666,3
MIDDLE,Azir,Riven,0.0,3
MIDDLE,Riven,Azir,1.0,3
TOP,Azir,Shen,0.6666666666666666,3
TOP,Shen,Azir,0.3333333333333333,3
MIDDLE,Syndra,Nidalee,1.0,1
MIDDLE,Nidalee,Syndra,0.0,1
JUNGLE,Aatrox,MasterYi,0.8,5
JUNGLE,MasterYi,Aatrox,0.2,5
MIDDLE,Katarina,Zaahen,1.0,1
MIDDLE,Zaahen,Katarina,0.0,1
JUNGLE,Lillia,Shaco,0.5,20
JUNGLE,Shaco,Lillia,0.5,20
MIDDLE,Ahri,Vex,0.7692307692307693,13
MIDDLE,Vex,Ahri,0.23076923076923078,13
TOP,Ahri,Gnar,1.0,1
TOP,Gnar,Ahri,0.0,1
UTILITY,Senna,Zoe,0.6153846153846154,13
UTILITY,Zoe,Senna,0.38461538461538464,13
TOP,Teemo,Riven,0.2,5
TOP,Riven,Teemo,0.8,5
TOP,Olaf,Yone,0.4,5
TOP,Yone,Olaf,0.6,5
MIDDLE,Riven,Ahri,0.32142857142857145,28
MIDDLE,Ahri,Riven,0.6785714285714286,28
UTILITY,Morgana,Anivia,0.0,2
UTILITY,Anivia,Morgana,1.0,2
MIDDLE,Zoe,Brand,0.2222222222222222,9
MIDDLE,Brand,Zoe,0.7777777777777778,9
MIDDLE,Riven,Yasuo,0.4,15
MIDDLE,Yasuo,Riven,0.6,15
MIDDLE,Riven,Akali,0.5,16
MIDDLE,Akali,Riven,0.5,16
JUNGLE,Jax,Ekko,0.0,2
JUNGLE,Ekko,Jax,1.0,2
MIDDLE,AurelionSol,KogMaw,0.0,1
MIDDLE,KogMaw,AurelionSol,1.0,1
MIDDLE,Singed,Malzahar,1.0,1
MIDDLE,Malzahar,Singed,0.0,1
UTILITY,RekSai,Anivia,0.0,1
UTILITY,Anivia,RekSai,1.0,1
MIDDLE,Riven,Lissandra,0.7142857142857143,7
MIDDLE,Lissandra,Riven,0.2857142857142857,7
TOP,Yasuo,Qiyana,1.0,2
TOP,Qiyana,Yasuo,0.0,2
JUNGLE,Kayn,Viego,0.6,15
JUNGLE,Viego,Kayn,0.4,15
TOP,Pantheon,Udyr,0.25,4
TOP,Udyr,Pantheon,0.75,4
BOTTOM,Viktor,Draven,0.25,4
BOTTOM,Draven,Viktor,0.75,4
MIDDLE,Soraka,Taliyah,0.0,1
MIDDLE,Taliyah,Soraka,1.0,1
JUNGLE,Khazix,Brand,0.5,6
JUNGLE,Brand,Khazix,0.5,6
JUNGLE,Amumu,Hecarim,1.0,1
JUNGLE,Hecarim,Amumu,0.0,1
BOTTOM,Sivir,TwistedFate,0.3333333333333333,3
BOTTOM,TwistedFate,Sivir,0.6666666666666666,3
MIDDLE,Mel,Twitch,0.0,1
MIDDLE,Twitch,Mel,1.0,1
TOP,Vayne,RekSai,1.0,4
TOP,RekSai,Vayne,0.0,4
MIDDLE,Brand,Sylas,0.8,10
MIDDLE,Sylas,Brand,0.2,10
TOP,Leblanc,MasterYi,1.0,1
TOP,MasterYi,Leblanc,0.0,1
TOP,Ekko,Aurora,1.0,1
TOP,Aurora,Ekko,0.0,1
TOP,Skarner,Jax,0.0,1
TOP,Jax,Skarner,1.0,1
MIDDLE,Sion,Hwei,0.0,6
MIDDLE,Hwei,Sion,1.0,6
MIDDLE,Viktor,Riven,0.4,10
MIDDLE,Riven,Viktor,0.6,10
BOTTOM,Lissandra,Ezreal,1.0,1
BOTTOM,Ezreal,Lissandra,0.0,1
MIDDLE,Belveth,Brand,1.0,1
MIDDLE,Brand,Belveth,0.0,1
TOP,Urgot,Ornn,0.3333333333333333,3
TOP,Ornn,Urgot,0.6666666666666666,3
UTILITY,Amumu,Anivia,1.0,1
UTILITY,Anivia,Amumu,0.0,1
MIDDLE,Sett,Anivia,0.0,1
MIDDLE,Anivia,Sett,1.0,1
MIDDLE,Kassadin,Brand,0.2,5
MIDDLE,Brand,Kassadin,0.8,5
TOP,Nocturne,Ornn,0.0,1
TOP,Ornn,Nocturne,1.0,1
TOP,KSante,Chogath,0.75,8
TOP,Chogath,KSante,0.25,8
UTILITY,Amumu,Lulu,0.5,4
UTILITY,Lulu,Amumu,0.5,4
MIDDLE,Zilean,Aurora,0.6666666666666666,6
MIDDLE,Aurora,Zilean,0.3333333333333333,6
TOP,AurelionSol,Teemo,1.0,1
TOP,Teemo,AurelionSol,0.0,1
MIDDLE,Smolder,Ziggs,0.0,1
MIDDLE,Ziggs,Smolder,1.0,1
MIDDLE,Orianna,XinZhao,0.8333333333333334,6
MIDDLE,XinZhao,Orianna,0.16666666666666666,6
BOTTOM,Xerath,Varus,1.0,3
BOTTOM,Varus,Xerath,0.0,3
MIDDLE,Ambessa,Lissandra,0.6666666666666666,3
MIDDLE,Lissandra,Ambessa,0.3333333333333333,3
TOP,Qiyana,Annie,0.75,4
TOP,Annie,Qiyana,0.25,4
BOTTOM,Caitlyn,Zyra,0.25,8
BOTTOM,Zyra,Caitlyn,0.75,8
MIDDLE,Warwick,Jayce,0.0,1
MIDDLE,Jayce,Warwick,1.0,1
BOTTOM,Aphelios,Morgana,1.0,1
BOTTOM,Morgana,Aphelios,0.0,1
TOP,Sett,Trundle,0.6,5
TOP,Trundle,Sett,0.4,5
MIDDLE,Kassadin,Kalista,0.0,1
MIDDLE,Kalista,Kassadin,1.0,1
MIDDLE,Syndra,Singed,0.75,4
MIDDLE,Singed,Syndra,0.25,4
TOP,Kayle,Riven,0.16666666666666666,6
TOP,Riven,Kayle,0.8333333333333334,6
MIDDLE,Ezreal,Jayce,0.3333333333333333,3
MIDDLE,Jayce,Ezreal,0.6666666666666666,3
MIDDLE,Ahri,Ambessa,0.4444444444444444,9
MIDDLE,Ambessa,Ahri,0.5555555555555556,9
JUNGLE,Zyra,RekSai,0.45454545454545453,11
JUNGLE,RekSai,Zyra,0.5454545454545454,11
BOTTOM,Twitch,Katarina,1.0,1
BOTTOM,Katarina,Twitch,0.0,1
MIDDLE,AurelionSol,Singed,1.0,2
MIDDLE,Singed,AurelionSol,0.0,2
UTILITY,Thresh,Ashe,1.0,1
UTILITY,Ashe,Thresh,0.0,1
BOTTOM,Brand,AurelionSol,0.3333333333333333,3
BOTTOM,AurelionSol,Brand,0.6666666666666666,3
MIDDLE,Akali,Kaisa,0.0,1
MIDDLE,Kaisa,Akali,1.0,1
TOP,Nidalee,Malphite,0.3333333333333333,3
TOP,Malphite,Nidalee,0.6666666666666666,3
MIDDLE,Malzahar,Riven,1.0,5
MIDDLE,Riven,Malzahar,0.0,5
MIDDLE,Xerath,Zed,0.2,10
MIDDLE,Zed,Xerath,0.8,10
MIDDLE,Leblanc,Karma,0.25,4
MIDDLE,Karma,Leblanc,0.75,4
MIDDLE,Leblanc,Diana,0.7777777777777778,9
MIDDLE,Diana,Leblanc,0.2222222222222222,9
MIDDLE,Hwei,Quinn,0.6,5
MIDDLE,Quinn,Hwei,0.4,5
TOP,Sion,Elise,0.25,4
TOP,Elise,Sion,0.75,4
TOP,Maokai,Anivia,0.0,1
TOP,Anivia,Maokai,1.0,1
MIDDLE,Galio,Vayne,0.5714285714285714,7
MIDDLE,Vayne,Galio,0.42857142857142855,7
UTILITY,Karma,Hwei,0.75,4
UTILITY,Hwei,Karma,0.25,4
MIDDLE,Aatrox,Sylas,0.0,3
MIDDLE,Sylas,Aatrox,1.0,3
JUNGLE,Ivern,Hecarim,0.6,15
JUNGLE,Hecarim,Ivern,0.4,15
TOP,Tryndamere,Jayce,0.4,10
TOP,Jayce,Tryndamere,0.6,10
TOP,Ambessa,Velkoz,0.6666666666666666,3
TOP,Velkoz,Ambessa,0.3333333333333333,3
MIDDLE,Vayne,Zed,0.3333333333333333,3
MIDDLE,Zed,Vayne,0.6666666666666666,3
TOP,Volibear,Jayce,0.5,6
TOP,Jayce,Volibear,0.5,6
MIDDLE,Corki,Ziggs,0.0,1
MIDDLE,Ziggs,Corki,1.0,1
MIDDLE,Mordekaiser,Urgot,1.0,1
MIDDLE,Urgot,Mordekaiser,0.0,1
TOP,Garen,Fiora,0.625,8
TOP,Fiora,Garen,0.375,8
UTILITY,Poppy,JarvanIV,0.0,1
UTILITY,JarvanIV,Poppy,1.0,1
BOTTOM,Smolder,Sivir,0.65,20
BOTTOM,Sivir,Smolder,0.35,20
MIDDLE,KSante,Viktor,0.0,1
MIDDLE,Viktor,KSante,1.0,1
TOP,Aurora,Gwen,0.5,6
TOP,Gwen,Aurora,0.5,6
JUNGLE,Vi,Evelynn,0.375,8
JUNGLE,Evelynn,Vi,0.625,8
TOP,Gnar,Heimerdinger,0.0,2
TOP,Heimerdinger,Gnar,1.0,2
UTILITY,Pantheon,TahmKench,0.3333333333333333,3
UTILITY,TahmKench,Pantheon,0.6666666666666666,3
TOP,Garen,Annie,1.0,2
TOP,Annie,Garen,0.0,2
JUNGLE,Taliyah,Evelynn,0.5,2
JUNGLE,Evelynn,Taliyah,0.5,2
UTILITY,Pyke,Velkoz,0.6,10
UTILITY,Velkoz,Pyke,0.4,10
TOP,Sett,KSante,0.5714285714285714,7
TOP,KSante,Sett,0.42857142857142855,7
MIDDLE,Ezreal,Kassadin,0.3333333333333333,3
MIDDLE,Kassadin,Ezreal,0.6666666666666666,3
UTILITY,Karma,Annie,0.6666666666666666,3
UTILITY,Annie,Karma,0.3333333333333333,3
JUNGLE,Gwen,Ivern,0.0,1
JUNGLE,Ivern,Gwen,1.0,1
MIDDLE,Orianna,Swain,0.5,2
MIDDLE,Swain,Orianna,0.5,2
UTILITY,Twitch,Nami,1.0,1
UTILITY,Nami,Twitch,0.0,1
MIDDLE,Cassiopeia,Riven,0.5263157894736842,19
MIDDLE,Riven,Cassiopeia,0.47368421052631576,19
TOP,Kled,Teemo,0.0,2
TOP,Teemo,Kled,1.0,2
TOP,Ambessa,Annie,0.4,5
TOP,Annie,Ambessa,0.6,5
JUNGLE,Rengar,Briar,0.38461538461538464,13
JUNGLE,Briar,Rengar,0.6153846153846154,13
UTILITY,Leona,Twitch,1.0,2
UTILITY,Twitch,Leona,0.0,2
UTILITY,Milio,Zilean,0.16666666666666666,6
UTILITY,Zilean,Milio,0.8333333333333334,6
JUNGLE,Riven,Sylas,0.3333333333333333,3
JUNGLE,Sylas,Riven,0.6666666666666666,3
MIDDLE,Aurora,Tristana,0.6666666666666666,3
MIDDLE,Tristana,Aurora,0.3333333333333333,3
MIDDLE,Zed,Riven,0.4375,16
MIDDLE,Riven,Zed,0.5625,16
MIDDLE,Nasus,Sylas,0.5,2
MIDDLE,Sylas,Nasus,0.5,2
TOP,Tristana,Ekko,0.0,1
TOP,Ekko,Tristana,1.0,1
UTILITY,Teemo,Karma,0.0,2
UTILITY,Karma,Teemo,1.0,2
BOTTOM,Yunara,Irelia,1.0,1
BOTTOM,Irelia,Yunara,0.0,1
MIDDLE,Hwei,Lucian,1.0,1
MIDDLE,Lucian,Hwei,0.0,1
TOP,Singed,Lissandra,0.6666666666666666,3
TOP,Lissandra,Singed,0.3333333333333333,3
TOP,Heimerdinger,Cassiopeia,1.0,4
TOP,Cassiopeia,Heimerdinger,0.0,4
MIDDLE,Zed,Lucian,1.0,1
MIDDLE,Lucian,Zed,0.0,1
TOP,Teemo,Yasuo,0.4,5
TOP,Yasuo,Teemo,0.6,5
BOTTOM,Xerath,Swain,0.5,2
BOTTOM,Swain,Xerath,0.5,2
MIDDLE,Sylas,Diana,0.5555555555555556,9
MIDDLE,Diana,Sylas,0.4444444444444444,9
BOTTOM,Caitlyn,Taliyah,0.3333333333333333,3
BOTTOM,Taliyah,Caitlyn,0.6666666666666666,3
MIDDLE,Nasus,Leblanc,1.0,1
MIDDLE,Leblanc,Nasus,0.0,1
TOP,Ornn,Olaf,0.35714285714285715,14
TOP,Olaf,Ornn,0.6428571428571429,14
TOP,Pantheon,Teemo,0.75,4
TOP,Teemo,Pantheon,0.25,4
UTILITY,Rell,Twitch,1.0,3
UTILITY,Twitch,Rell,0.0,3
TOP,Gragas,Poppy,0.3333333333333333,3
TOP,Poppy,Gragas,0.6666666666666666,3
UTILITY,Veigar,Nami,1.0,1
UTILITY,Nami,Veigar,0.0,1
JUNGLE,Elise,Diana,0.5,8
JUNGLE,Diana,Elise,0.5,8
TOP,Sylas,Quinn,0.0,2
TOP,Quinn,Sylas,1.0,2
MIDDLE,Galio,Cassiopeia,0.5,12
MIDDLE,Cassiopeia,Galio,0.5,12
JUNGLE,Kindred,Trundle,1.0,1
JUNGLE,Trundle,Kindred,0.0,1
MIDDLE,Riven,Vladimir,0.6428571428571429,14
MIDDLE,Vladimir,Riven,0.35714285714285715,14
TOP,Vayne,Nasus,0.625,8
TOP,Nasus,Vayne,0.375,8
MIDDLE,Ahri,Vayne,0.8571428571428571,7
MIDDLE,Vayne,Ahri,0.14285714285714285,7
BOTTOM,Malzahar,Yasuo,1.0,1
BOTTOM,Yasuo,Malzahar,0.0,1
TOP,Akshan,Cassiopeia,0.6666666666666666,3
TOP,Cassiopeia,Akshan,0.3333333333333333,3
MIDDLE,Riven,Anivia,0.3333333333333333,6
MIDDLE,Anivia,Riven,0.6666666666666666,6
JUNGLE,Maokai,Zaahen,1.0,1
JUNGLE,Zaahen,Maokai,0.0,1
MIDDLE,Jayce,Singed,1.0,2
MIDDLE,Singed,Jayce,0.0,2
UTILITY,Anivia,Taric,1.0,2
UTILITY,Taric,Anivia,0.0,2
JUNGLE,JarvanIV,Trundle,0.5,4
JUNGLE,Trundle,JarvanIV,0.5,4
UTILITY,Xerath,Elise,0.0,1
UTILITY,Elise,Xerath,1.0,1
BOTTOM,Yasuo,Anivia,0.6666666666666666,3
BOTTOM,Anivia,Yasuo,0.3333333333333333,3
JUNGLE,Vayne,Skarner,0.75,4
JUNGLE,Skarner,Vayne,0.25,4
TOP,TwistedFate,Fiora,0.6,5
TOP,Fiora,TwistedFate,0.4,5
MIDDLE,TwistedFate,Kassadin,0.6,15
MIDDLE,Kassadin,TwistedFate,0.4,15
JUNGLE,Pantheon,Trundle,0.3333333333333333,3
JUNGLE,Trundle,Pantheon,0.6666666666666666,3
TOP,Katarina,Zaahen,0.6666666666666666,3
TOP,Zaahen,Katarina,0.3333333333333333,3
TOP,Brand,Aurora,0.3333333333333333,3
TOP,Aurora,Brand,0.6666666666666666,3
UTILITY,Lulu,Twitch,0.5,2
UTILITY,Twitch,Lulu,0.5,2
TOP,Velkoz,Riven,0.0,3
TOP,Riven,Velkoz,1.0,3
UTILITY,Alistar,Skarner,0.5,2
UTILITY,Skarner,Alistar,0.5,2
BOTTOM,Zyra,Sivir,0.25,4
BOTTOM,Sivir,Zyra,0.75,4
BOTTOM,Swain,Zeri,0.36363636363636365,11
BOTTOM,Zeri,Swain,0.6363636363636364,11
UTILITY,Annie,Morgana,0.0,1
UTILITY,Morgana,Annie,1.0,1
BOTTOM,Qiyana,Senna,1.0,1
BOTTOM,Senna,Qiyana,0.0,1
TOP,Yasuo,Nasus,0.3333333333333333,6
TOP,Nasus,Yasuo,0.6666666666666666,6
UTILITY,Bard,Maokai,0.5333333333333333,15
UTILITY,Maokai,Bard,0.4666666666666667,15
TOP,Annie,Vayne,0.375,8
TOP,Vayne,Annie,0.625,8
JUNGLE,Nocturne,Singed,0.0,1
JUNGLE,Singed,Nocturne,1.0,1
TOP,Trundle,Garen,0.8571428571428571,7
TOP,Garen,Trundle,0.14285714285714285,7
BOTTOM,Anivia,Seraphine,1.0,2
BOTTOM,Seraphine,Anivia,0.0,2
TOP,Illaoi,Akshan,1.0,1
TOP,Akshan,Illaoi,0.0,1
JUNGLE,Vi,Fizz,0.5,2
JUNGLE,Fizz,Vi,0.5,2
TOP,Gnar,Swain,0.5,2
TOP,Swain,Gnar,0.5,2
TOP,Brand,Akali,1.0,6
TOP,Akali,Brand,0.0,6
MIDDLE,Aurora,Ezreal,0.0,1
MIDDLE,Ezreal,Aurora,1.0,1
TOP,Akali,FiddleSticks,0.0,1
TOP,FiddleSticks,Akali,1.0,1
UTILITY,Soraka,Anivia,0.25,4
UTILITY,Anivia,Soraka,0.75,4
JUNGLE,Volibear,Shaco,0.2,5
JUNGLE,Shaco,Volibear,0.8,5
MIDDLE,Chogath,Annie,0.0,1
MIDDLE,Annie,Chogath,1.0,1
TOP,Akali,Yorick,0.6666666666666666,3
TOP,Yorick,Akali,0.3333333333333333,3
JUNGLE,Diana,Shyvana,0.5,10
JUNGLE,Shyvana,Diana,0.5,10
JUNGLE,Shaco,Evelynn,0.5454545454545454,11
JUNGLE,Evelynn,Shaco,0.45454545454545453,11
UTILITY,Poppy,Yuumi,0.5,4
UTILITY,Yuumi,Poppy,0.5,4
TOP,Camille,Pantheon,0.25,4
TOP,Pantheon,Camille,0.75,4
UTILITY,Zoe,Pyke,0.3,10
UTILITY,Pyke,Zoe,0.7,10
BOTTOM,Cassiopeia,Veigar,0.0,1
BOTTOM,Veigar,Cassiopeia,1.0,1
JUNGLE,Hecarim,Skarner,0.34782608695652173,23
JUNGLE,Skarner,Hecarim,0.6521739130434783,23
UTILITY,Veigar,Xerath,1.0,1
UTILITY,Xerath,Veigar,0.0,1
TOP,Varus,Chogath,0.3333333333333333,6
TOP,Chogath,Varus,0.6666666666666666,6
MIDDLE,Lissandra,Galio,0.2,5
MIDDLE,Galio,Lissandra,0.8,5
JUNGLE,Khazix,Chogath,0.5,6
JUNGLE,Chogath,Khazix,0.5,6
TOP,Galio,Aurora,0.0,1
TOP,Aurora,Galio,1.0,1
TOP,Swain,Gragas,1.0,2
TOP,Gragas,Swain,0.0,2
MIDDLE,Anivia,Tristana,1.0,1
MIDDLE,Tristana,Anivia,0.0,1
TOP,Illaoi,Gnar,0.3333333333333333,6
TOP,Gnar,Illaoi,0.6666666666666666,6
MIDDLE,Vex,Viktor,0.625,8
MIDDLE,Viktor,Vex,0.375,8
TOP,KSante,Nocturne,1.0,2
TOP,Nocturne,KSante,0.0,2
BOTTOM,Malzahar,Caitlyn,0.3333333333333333,3
BOTTOM,Caitlyn,Malzahar,0.6666666666666666,3
MIDDLE,Belveth,Orianna,1.0,1
MIDDLE,Orianna,Belveth,0.0,1
MIDDLE,Qiyana,AurelionSol,0.5,2
MIDDLE,AurelionSol,Qiyana,0.5,2
JUNGLE,Riven,JarvanIV,0.4444444444444444,9
JUNGLE,JarvanIV,Riven,0.5555555555555556,9
MIDDLE,Annie,Neeko,0.5,2
MIDDLE,Neeko,Annie,0.5,2
TOP,Urgot,Anivia,0.75,4
TOP,Anivia,Urgot,0.25,4
UTILITY,TwistedFate,Neeko,1.0,2
UTILITY,Neeko,TwistedFate,0.0,2
MIDDLE,Neeko,Qiyana,0.0,3
MIDDLE,Qiyana,Neeko,1.0,3
MIDDLE,Naafiri,Annie,0.5714285714285714,7
MIDDLE,Annie,Naafiri,0.42857142857142855,7
TOP,Vladimir,Karma,1.0,3
TOP,Karma,Vladimir,0.0,3
BOTTOM,Vladimir,Mel,0.3333333333333333,3
BOTTOM,Mel,Vladimir,0.6666666666666666,3
UTILITY,Sylas,Lissandra,0.0,1
UTILITY,Lissandra,Sylas,1.0,1
TOP,Annie,Darius,0.0,2
TOP,Darius,Annie,1.0,2
MIDDLE,Karma,Ambessa,1.0,2
MIDDLE,Ambessa,Karma,0.0,2
BOTTOM,Qiyana,Twitch,0.0,1
BOTTOM,Twitch,Qiyana,1.0,1
MIDDLE,TwistedFate,Talon,0.75,4
MIDDLE,Talon,TwistedFate,0.25,4
TOP,Chogath,Garen,0.5,8
TOP,Garen,Chogath,0.5,8
JUNGLE,Karthus,Sion,0.0,1
JUNGLE,Sion,Karthus,1.0,1
TOP,Zyra,Cassiopeia,0.6666666666666666,3
TOP,Cassiopeia,Zyra,0.3333333333333333,3
TOP,Sion,Kalista,0.4,5
TOP,Kalista,Sion,0.6,5
UTILITY,Nautilus,Annie,0.3333333333333333,3
UTILITY,Annie,Nautilus,0.6666666666666666,3
JUNGLE,Malphite,Khazix,0.6666666666666666,3
JUNGLE,Khazix,Malphite,0.3333333333333333,3
MIDDLE,Galio,Neeko,0.3333333333333333,3
MIDDLE,Neeko,Galio,0.6666666666666666,3
JUNGLE,Sion,Viego,1.0,1
JUNGLE,Viego,Sion,0.0,1
MIDDLE,Karma,Seraphine,0.5,2
MIDDLE,Seraphine,Karma,0.5,2
JUNGLE,Lillia,Taliyah,0.5,4
JUNGLE,Taliyah,Lillia,0.5,4
MIDDLE,Nasus,Mel,1.0,1
MIDDLE,Mel,Nasus,0.0,1
JUNGLE,RekSai,Karthus,0.6153846153846154,13
JUNGLE,Karthus,RekSai,0.38461538461538464,13
MIDDLE,Xerath,Irelia,0.6666666666666666,3
MIDDLE,Irelia,Xerath,0.3333333333333333,3
TOP,Pantheon,Shen,0.375,8
TOP,Shen,Pantheon,0.625,8
MIDDLE,Karthus,Kassadin,1.0,1
MIDDLE,Kassadin,Karthus,0.0,1
TOP,Shen,Sylas,0.375,8
TOP,Sylas,Shen,0.625,8
MIDDLE,Azir,Zoe,0.0,2
MIDDLE,Zoe,Azir,1.0,2
UTILITY,Rell,Annie,0.4,5
UTILITY,Annie,Rell,0.6,5
UTILITY,MasterYi,Thresh,0.0,1
UTILITY,Thresh,MasterYi,1.0,1
TOP,Gwen,Garen,0.3333333333333333,3
TOP,Garen,Gwen,0.6666666666666666,3
JUNGLE,Taliyah,Shen,0.0,1
JUNGLE,Shen,Taliyah,1.0,1
MIDDLE,Jayce,Ambessa,0.25,4
MIDDLE,Ambessa,Jayce,0.75,4
BOTTOM,Singed,Ezreal,0.6,5
BOTTOM,Ezreal,Singed,0.4,5
JUNGLE,Belveth,Sejuani,0.0,2
JUNGLE,Sejuani,Belveth,1.0,2
UTILITY,Annie,Bard,0.5,4
UTILITY,Bard,Annie,0.5,4
BOTTOM,Cassiopeia,Xayah,0.5,2
BOTTOM,Xayah,Cassiopeia,0.5,2
UTILITY,Twitch,Rakan,0.0,1
UTILITY,Rakan,Twitch,1.0,1
BOTTOM,Olaf,Ezreal,0.75,4
BOTTOM,Ezreal,Olaf,0.25,4
MIDDLE,Lissandra,Syndra,0.47058823529411764,17
MIDDLE,Syndra,Lissandra,0.5294117647058824,17
TOP,Brand,Zed,1.0,2
TOP,Zed,Brand,0.0,2
TOP,RekSai,Ambessa,0.5,4
TOP,Ambessa,RekSai,0.5,4
MIDDLE,Kassadin,Renekton,0.8,5
MIDDLE,Renekton,Kassadin,0.2,5
BOTTOM,Ekko,Cassiopeia,0.0,1
BOTTOM,Cassiopeia,Ekko,1.0,1
MIDDLE,Sion,Corki,0.75,4
MIDDLE,Corki,Sion,0.25,4
TOP,Akali,Singed,0.6923076923076923,13
TOP,Singed,Akali,0.3076923076923077,13
JUNGLE,Rumble,Shyvana,0.0,1
JUNGLE,Shyvana,Rumble,1.0,1
BOTTOM,Swain,Yasuo,0.3333333333333333,6
BOTTOM,Yasuo,Swain,0.6666666666666666,6
MIDDLE,Renekton,Brand,0.0,2
MIDDLE,Brand,Renekton,1.0,2
TOP,Jax,Quinn,0.8571428571428571,7
TOP,Quinn,Jax,0.14285714285714285,7
TOP,KSante,Volibear,0.42857142857142855,7
TOP,Volibear,KSante,0.5714285714285714,7
BOTTOM,KogMaw,Swain,0.75,4
BOTTOM,Swain,KogMaw,0.25,4
MIDDLE,Riven,Corki,1.0,2
MIDDLE,Corki,Riven,0.0,2
UTILITY,Karma,Jax,1.0,1
UTILITY,Jax,Karma,0.0,1
JUNGLE,Jayce,Lillia,0.2,5
JUNGLE,Lillia,Jayce,0.8,5
BOTTOM,Xerath,Mel,1.0,1
BOTTOM,Mel,Xerath,0.0,1
JUNGLE,Zaahen,MonkeyKing,1.0,2
JUNGLE,MonkeyKing,Zaahen,0.0,2
TOP,Kalista,Ekko,0.0,1
TOP,Ekko,Kalista,1.0,1
BOTTOM,Lucian,Swain,0.45454545454545453,11
BOTTOM,Swain,Lucian,0.5454545454545454,11
MIDDLE,Ezreal,Yone,0.3333333333333333,3
MIDDLE,Yone,Ezreal,0.6666666666666666,3
MIDDLE,Orianna,Zyra,0.0,2
MIDDLE,Zyra,Orianna,1.0,2
TOP,Ekko,Malphite,0.3333333333333333,3
TOP,Malphite,Ekko,0.6666666666666666,3
TOP,Karthus,Malphite,0.5,2
TOP,Malphite,Karthus,0.5,2
TOP,Qiyana,Aurora,1.0,2
TOP,Aurora,Qiyana,0.0,2
TOP,Ornn,Skarner,1.0,1
TOP,Skarner,Ornn,0.0,1
UTILITY,Zac,Soraka,0.0,1
UTILITY,Soraka,Zac,1.0,1
MIDDLE,AurelionSol,Leblanc,0.8333333333333334,6
MIDDLE,Leblanc,AurelionSol,0.16666666666666666,6
MIDDLE,Twitch,TwistedFate,0.5,2
MIDDLE,TwistedFate,Twitch,0.5,2
MIDDLE,Talon,Neeko,0.0,1
MIDDLE,Neeko,Talon,1.0,1
MIDDLE,Akali,Sivir,1.0,2
MIDDLE,Sivir,Akali,0.0,2
TOP,Ryze,Illaoi,1.0,1
TOP,Illaoi,Ryze,0.0,1
TOP,Yasuo,Cassiopeia,0.6,10
TOP,Cassiopeia,Yasuo,0.4,10
TOP,Camille,Malphite,0.4444444444444444,9
TOP,Malphite,Camille,0.5555555555555556,9
JUNGLE,Ekko,Karthus,0.375,8
JUNGLE,Karthus,Ekko,0.625,8
MIDDLE,Nasus,Zed,0.2,5
MIDDLE,Zed,Nasus,0.8,5
MIDDLE,TwistedFate,Kayle,1.0,5
MIDDLE,Kayle,TwistedFate,0.0,5
BOTTOM,Fizz,Seraphine,1.0,1
BOTTOM,Seraphine,Fizz,0.0,1
MIDDLE,AurelionSol,Lissandra,1.0,1
MIDDLE,Lissandra,AurelionSol,0.0,1
TOP,Naafiri,Darius,0.5,4
TOP,Darius,Naafiri,0.5,4
JUNGLE,Kayn,Shyvana,0.5555555555555556,9
JUNGLE,Shyvana,Kayn,0.4444444444444444,9
JUNGLE,Graves,Mordekaiser,1.0,1
JUNGLE,Mordekaiser,Graves,0.0,1
MIDDLE,Kassadin,Annie,0.6666666666666666,6
MIDDLE,Annie,Kassadin,0.3333333333333333,6
MIDDLE,Pantheon,Kassadin,1.0,4
MIDDLE,Kassadin,Pantheon,0.0,4
TOP,Varus,Mordekaiser,0.42857142857142855,7
TOP,Mordekaiser,Varus,0.5714285714285714,7
JUNGLE,Nunu,Taliyah,0.3333333333333333,6
JUNGLE,Taliyah,Nunu,0.6666666666666666,6
MIDDLE,Yone,Tryndamere,0.75,4
MIDDLE,Tryndamere,Yone,0.25,4
MIDDLE,Camille,Yone,0.0,1
MIDDLE,Yone,Camille,1.0,1
TOP,Urgot,Vayne,0.2857142857142857,7
TOP,Vayne,Urgot,0.7142857142857143,7
JUNGLE,Zyra,Jayce,0.75,4
JUNGLE,Jayce,Zyra,0.25,4
MIDDLE,Leblanc,KogMaw,0.6666666666666666,3
MIDDLE,KogMaw,Leblanc,0.3333333333333333,3
MIDDLE,Karthus,Aurora,0.75,4
MIDDLE,Aurora,Karthus,0.25,4
TOP,Cassiopeia,Ekko,0.6666666666666666,3
TOP,Ekko,Cassiopeia,0.3333333333333333,3
TOP,Akshan,DrMundo,0.5,4
TOP,DrMundo,Akshan,0.5,4
UTILITY,Singed,Senna,0.0,2
UTILITY,Senna,Singed,1.0,2
MIDDLE,Cassiopeia,Lissandra,0.4,10
MIDDLE,Lissandra,Cassiopeia,0.6,10
UTILITY,Amumu,Alistar,1.0,2
UTILITY,Alistar,Amumu,0.0,2
JUNGLE,Pantheon,Rammus,0.0,1
JUNGLE,Rammus,Pantheon,1.0,1
JUNGLE,Evelynn,Jayce,0.5,6
JUNGLE,Jayce,Evelynn,0.5,6
MIDDLE,Yasuo,Rumble,0.5,2
MIDDLE,Rumble,Yasuo,0.5,2
JUNGLE,Taliyah,Neeko,0.0,1
JUNGLE,Neeko,Taliyah,1.0,1
BOTTOM,Syndra,Swain,0.0,1
BOTTOM,Swain,Syndra,1.0,1
UTILITY,Poppy,Neeko,0.46153846153846156,13
UTILITY,Neeko,Poppy,0.5384615384615384,13
TOP,Gangplank,Pantheon,0.4444444444444444,9
TOP,Pantheon,Gangplank,0.5555555555555556,9
MIDDLE,Cassiopeia,Pyke,0.0,1
MIDDLE,Pyke,Cassiopeia,1.0,1
TOP,Chogath,Annie,0.5,2
TOP,Annie,Chogath,0.5,2
JUNGLE,MasterYi,Lillia,0.4,10
JUNGLE,Lillia,MasterYi,0.6,10
UTILITY,Katarina,Karma,1.0,1
UTILITY,Karma,Katarina,0.0,1
MIDDLE,Viktor,Ezreal,0.5,2
MIDDLE,Ezreal,Viktor,0.5,2
TOP,Ekko,LeeSin,1.0,1
TOP,LeeSin,Ekko,0.0,1
UTILITY,Janna,Gragas,0.5,2
UTILITY,Gragas,Janna,0.5,2
JUNGLE,Ezreal,XinZhao,0.0,1
JUNGLE,XinZhao,Ezreal,1.0,1
UTILITY,TwistedFate,Janna,0.0,2
UTILITY,Janna,TwistedFate,1.0,2
TOP,Aatrox,Ekko,0.5,2
TOP,Ekko,Aatrox,0.5,2
TOP,Elise,Irelia,0.0,3
TOP,Irelia,Elise,1.0,3
MIDDLE,AurelionSol,Brand,0.0,4
MIDDLE,Brand,AurelionSol,1.0,4
BOTTOM,Velkoz,Xerath,0.0,1
BOTTOM,Xerath,Velkoz,1.0,1
MIDDLE,Annie,Sion,0.3333333333333333,3
MIDDLE,Sion,Annie,0.6666666666666666,3
MIDDLE,Renekton,Sylas,0.5,4
MIDDLE,Sylas,Renekton,0.5,4
MIDDLE,Veigar,Xerath,0.3333333333333333,3
MIDDLE,Xerath,Veigar,0.6666666666666666,3
TOP,Tryndamere,KSante,0.875,8
TOP,KSante,Tryndamere,0.125,8
BOTTOM,Senna,Swain,0.47619047619047616,21
BOTTOM,Swain,Senna,0.5238095238095238,21
TOP,Tryndamere,Kaisa,1.0,1
TOP,Kaisa,Tryndamere,0.0,1
TOP,Chogath,Fiora,1.0,4
TOP,Fiora,Chogath,0.0,4
MIDDLE,Qiyana,Riven,0.3,10
MIDDLE,Riven,Qiyana,0.7,10
JUNGLE,Briar,Evelynn,0.3333333333333333,3
JUNGLE,Evelynn,Briar,0.6666666666666666,3
MIDDLE,Diana,Ekko,0.3333333333333333,6
MIDDLE,Ekko,Diana,0.6666666666666666,6
BOTTOM,Vladimir,Aurora,0.5,2
BOTTOM,Aurora,Vladimir,0.5,2
TOP,Jayce,Soraka,0.0,1
TOP,Soraka,Jayce,1.0,1
UTILITY,Renata,Morgana,0.5,2
UTILITY,Morgana,Renata,0.5,2
BOTTOM,Lux,Zilean,0.0,1
BOTTOM,Zilean,Lux,1.0,1
TOP,Malphite,Yone,0.45,20
TOP,Yone,Malphite,0.55,20
TOP,Malzahar,KSante,0.75,4
TOP,KSante,Malzahar,0.25,4
MIDDLE,AurelionSol,Gragas,0.5,2
MIDDLE,Gragas,AurelionSol,0.5,2
TOP,Ekko,Akshan,0.5,2
TOP,Akshan,Ekko,0.5,2
JUNGLE,Rengar,Shen,1.0,3
JUNGLE,Shen,Rengar,0.0,3
MIDDLE,Belveth,Galio,1.0,1
MIDDLE,Galio,Belveth,0.0,1
MIDDLE,LeeSin,Sion,1.0,1
MIDDLE,Sion,LeeSin,0.0,1
TOP,Gragas,Galio,1.0,2
TOP,Galio,Gragas,0.0,2
UTILITY,Senna,Camille,0.5294117647058824,17
UTILITY,Camille,Senna,0.47058823529411764,17
BOTTOM,Lux,Swain,0.0,3
BOTTOM,Swain,Lux,1.0,3
JUNGLE,DrMundo,Kaisa,0.0,1
JUNGLE,Kaisa,DrMundo,1.0,1
TOP,Irelia,TahmKench,0.5,2
TOP,TahmKench,Irelia,0.5,2
TOP,Varus,Teemo,0.4444444444444444,9
TOP,Teemo,Varus,0.5555555555555556,9
TOP,Illaoi,Camille,0.25,4
TOP,Camille,Illaoi,0.75,4
JUNGLE,Twitch,Sylas,1.0,1
JUNGLE,Sylas,Twitch,0.0,1
MIDDLE,Gragas,Yasuo,0.5,2
MIDDLE,Yasuo,Gragas,0.5,2
UTILITY,Zac,Senna,0.25,4
UTILITY,Senna,Zac,0.75,4
JUNGLE,Kindred,Belveth,0.42857142857142855,7
JUNGLE,Belveth,Kindred,0.5714285714285714,7
MIDDLE,Ryze,Taric,1.0,1
MIDDLE,Taric,Ryze,0.0,1
TOP,Irelia,RekSai,0.5,2
TOP,RekSai,Irelia,0.5,2
MIDDLE,Yasuo,Lux,0.5714285714285714,7
MIDDLE,Lux,Yasuo,0.42857142857142855,7
JUNGLE,Talon,Elise,0.625,16
JUNGLE,Elise,Talon,0.375,16
UTILITY,RekSai,Lulu,1.0,1
UTILITY,Lulu,RekSai,0.0,1
MIDDLE,Akali,Ashe,0.0,1
MIDDLE,Ashe,Akali,1.0,1
TOP,Kennen,Diana,0.0,1
TOP,Diana,Kennen,1.0,1
MIDDLE,Lissandra,Vladimir,0.75,4
MIDDLE,Vladimir,Lissandra,0.25,4
MIDDLE,Zoe,Twitch,1.0,1
MIDDLE,Twitch,Zoe,0.0,1
JUNGLE,Taliyah,Vayne,1.0,1
JUNGLE,Vayne,Taliyah,0.0,1
BOTTOM,MissFortune,Viktor,0.0,1
BOTTOM,Viktor,MissFortune,1.0,1
MIDDLE,Twitch,Yone,0.0,1
MIDDLE,Yone,Twitch,1.0,1
TOP,Ambessa,Diana,0.75,4
TOP,Diana,Ambessa,0.25,4
MIDDLE,Pantheon,Corki,1.0,2
MIDDLE,Corki,Pantheon,0.0,2
TOP,Gnar,Mel,0.5,2
TOP,Mel,Gnar,0.5,2
BOTTOM,Lucian,Yone,0.0,1
BOTTOM,Yone,Lucian,1.0,1
TOP,Sion,Mordekaiser,0.4,5
TOP,Mordekaiser,Sion,0.6,5
JUNGLE,Ezreal,Rengar,1.0,1
JUNGLE,Rengar,Ezreal,0.0,1
JUNGLE,Morgana,Evelynn,0.5,2
JUNGLE,Evelynn,Morgana,0.5,2
TOP,Zac,Chogath,1.0,2
TOP,Chogath,Zac,0.0,2
TOP,Akali,Talon,0.5,2
TOP,Talon,Akali,0.5,2
TOP,Sion,Annie,0.5555555555555556,9
TOP,Annie,Sion,0.4444444444444444,9
TOP,Zyra,Akali,1.0,1
TOP,Akali,Zyra,0.0,1
UTILITY,Xerath,Rakan,0.6666666666666666,3
UTILITY,Rakan,Xerath,0.3333333333333333,3
MIDDLE,KSante,Veigar,0.0,1
MIDDLE,Veigar,KSante,1.0,1
BOTTOM,Swain,Hwei,0.6666666666666666,3
BOTTOM,Hwei,Swain,0.3333333333333333,3
JUNGLE,Neeko,Ezreal,0.0,1
JUNGLE,Ezreal,Neeko,1.0,1
MIDDLE,Quinn,Leblanc,0.4,5
MIDDLE,Leblanc,Quinn,0.6,5
UTILITY,Lulu,Annie,1.0,5
UTILITY,Annie,Lulu,0.0,5
MIDDLE,TwistedFate,Belveth,0.5,2
MIDDLE,Belveth,TwistedFate,0.5,2
MIDDLE,Ekko,Garen,0.3333333333333333,3
MIDDLE,Garen,Ekko,0.6666666666666666,3
UTILITY,Nami,Kayle,0.0,1
UTILITY,Kayle,Nami,1.0,1
MIDDLE,Aurora,Gangplank,0.5,2
MIDDLE,Gangplank,Aurora,0.5,2
TOP,Trundle,Vayne,0.7142857142857143,7
TOP,Vayne,Trundle,0.2857142857142857,7
MIDDLE,Kayle,Pyke,0.0,1
MIDDLE,Pyke,Kayle,1.0,1
JUNGLE,Nocturne,Morgana,0.25,4
JUNGLE,Morgana,Nocturne,0.75,4
JUNGLE,Rammus,Karthus,0.0,1
JUNGLE,Karthus,Rammus,1.0,1
TOP,Katarina,KSante,1.0,2
TOP,KSante,Katarina,0.0,2
TOP,Udyr,Jayce,1.0,2
TOP,Jayce,Udyr,0.0,2
MIDDLE,TwistedFate,Annie,0.5333333333333333,15
MIDDLE,Annie,TwistedFate,0.4666666666666667,15
UTILITY,Ekko,Neeko,0.0,1
UTILITY,Neeko,Ekko,1.0,1
TOP,Gangplank,Skarner,0.5,2
TOP,Skarner,Gangplank,0.5,2
MIDDLE,Anivia,Lissandra,0.2857142857142857,7
MIDDLE,Lissandra,Anivia,0.7142857142857143,7
TOP,LeeSin,Yorick,0.0,2
TOP,Yorick,LeeSin,1.0,2
BOTTOM,Caitlyn,Zoe,0.6666666666666666,3
BOTTOM,Zoe,Caitlyn,0.3333333333333333,3
BOTTOM,Corki,Sion,1.0,1
BOTTOM,Sion,Corki,0.0,1
UTILITY,Swain,Shen,1.0,1
UTILITY,Shen,Swain,0.0,1
BOTTOM,Brand,Nilah,0.5,6
BOTTOM,Nilah,Brand,0.5,6
UTILITY,MissFortune,Senna,0.0,1
UTILITY,Senna,MissFortune,1.0,1
MIDDLE,Yasuo,Kennen,0.5,4
MIDDLE,Kennen,Yasuo,0.5,4
TOP,Yorick,Ekko,1.0,1
TOP,Ekko,Yorick,0.0,1
BOTTOM,AurelionSol,Naafiri,0.0,1
BOTTOM,Naafiri,AurelionSol,1.0,1
MIDDLE,Karma,Nunu,1.0,1
MIDDLE,Nunu,Karma,0.0,1
MIDDLE,Lux,FiddleSticks,0.5,2
MIDDLE,FiddleSticks,Lux,0.5,2
TOP,Akshan,Quinn,0.5,2
TOP,Quinn,Akshan,0.5,2
JUNGLE,Udyr,Ivern,0.375,8
JUNGLE,Ivern,Udyr,0.625,8
TOP,MasterYi,Riven,0.0,5
TOP,Riven,MasterYi,1.0,5
BOTTOM,Anivia,Vladimir,1.0,1
BOTTOM,Vladimir,Anivia,0.0,1
MIDDLE,Ziggs,Kassadin,0.0,1
MIDDLE,Kassadin,Ziggs,1.0,1
BOTTOM,Pyke,Annie,1.0,1
BOTTOM,Annie,Pyke,0.0,1
TOP,Yorick,Nunu,1.0,1
TOP,Nunu,Yorick,0.0,1
MIDDLE,Pyke,Ryze,1.0,1
MIDDLE,Ryze,Pyke,0.0,1
TOP,Qiyana,Zed,0.6666666666666666,3
TOP,Zed,Qiyana,0.3333333333333333,3
BOTTOM,Jhin,Lux,0.2777777777777778,18
BOTTOM,Lux,Jhin,0.7222222222222222,18
UTILITY,Rumble,Zoe,0.0,1
UTILITY,Zoe,Rumble,1.0,1
MIDDLE,Viktor,Ziggs,0.6666666666666666,3
MIDDLE,Ziggs,Viktor,0.3333333333333333,3
MIDDLE,Nunu,Vladimir,0.3333333333333333,3
MIDDLE,Vladimir,Nunu,0.6666666666666666,3
MIDDLE,Gangplank,Viktor,1.0,1
MIDDLE,Viktor,Gangplank,0.0,1
BOTTOM,Ezreal,Pyke,0.0,2
BOTTOM,Pyke,Ezreal,1.0,2
MIDDLE,Vladimir,Brand,0.5,4
MIDDLE,Brand,Vladimir,0.5,4
TOP,Riven,Illaoi,0.3333333333333333,3
TOP,Illaoi,Riven,0.6666666666666666,3
MIDDLE,Lucian,Viktor,0.6666666666666666,3
MIDDLE,Viktor,Lucian,0.3333333333333333,3
TOP,Illaoi,Renekton,0.5,4
TOP,Renekton,Illaoi,0.5,4
UTILITY,Leblanc,Leona,0.5,2
UTILITY,Leona,Leblanc,0.5,2
UTILITY,Leona,Zoe,0.2857142857142857,7
UTILITY,Zoe,Leona,0.7142857142857143,7
TOP,Tryndamere,Volibear,0.25,4
TOP,Volibear,Tryndamere,0.75,4
MIDDLE,Warwick,Mel,1.0,1
MIDDLE,Mel,Warwick,0.0,1
UTILITY,Soraka,LeeSin,1.0,1
UTILITY,LeeSin,Soraka,0.0,1
UTILITY,Leona,Lux,0.5,8
UTILITY,Lux,Leona,0.5,8
JUNGLE,Brand,Naafiri,0.42857142857142855,7
JUNGLE,Naafiri,Brand,0.5714285714285714,7
MIDDLE,Akshan,AurelionSol,0.5,4
MIDDLE,AurelionSol,Akshan,0.5,4
MIDDLE,Ambessa,Tristana,0.5,2
MIDDLE,Tristana,Ambessa,0.5,2
TOP,Akali,Zoe,0.25,4
TOP,Zoe,Akali,0.75,4
TOP,Fizz,Akshan,0.0,1
TOP,Akshan,Fizz,1.0,1
MIDDLE,Swain,RekSai,1.0,1
MIDDLE,RekSai,Swain,0.0,1
UTILITY,Nami,Teemo,0.0,1
UTILITY,Teemo,Nami,1.0,1
TOP,Smolder,Zaahen,0.5,2
TOP,Zaahen,Smolder,0.5,2
JUNGLE,Brand,Volibear,1.0,1
JUNGLE,Volibear,Brand,0.0,1
JUNGLE,Teemo,Sylas,0.6666666666666666,3
JUNGLE,Sylas,Teemo,0.3333333333333333,3
BOTTOM,Hwei,Senna,0.47619047619047616,21
BOTTOM,Senna,Hwei,0.5238095238095238,21
TOP,Yorick,Brand,1.0,1
TOP,Brand,Yorick,0.0,1
MIDDLE,Orianna,Vi,0.0,1
MIDDLE,Vi,Orianna,1.0,1
BOTTOM,Shen,Kaisa,1.0,1
BOTTOM,Kaisa,Shen,0.0,1
MIDDLE,Tristana,Annie,1.0,1
MIDDLE,Annie,Tristana,0.0,1
TOP,Mordekaiser,Rumble,0.3333333333333333,3
TOP,Rumble,Mordekaiser,0.6666666666666666,3
UTILITY,Anivia,Zilean,0.6,5
UTILITY,Zilean,Anivia,0.4,5
BOTTOM,Yasuo,Maokai,0.0,1
BOTTOM,Maokai,Yasuo,1.0,1
UTILITY,Xerath,Senna,0.2857142857142857,7
UTILITY,Senna,Xerath,0.7142857142857143,7
TOP,Sett,Chogath,1.0,1
TOP,Chogath,Sett,0.0,1
MIDDLE,Brand,Yone,0.5,6
MIDDLE,Yone,Brand,0.5,6
JUNGLE,Talon,Poppy,0.6,5
JUNGLE,Poppy,Talon,0.4,5
TOP,Vayne,Brand,0.5454545454545454,11
TOP,Brand,Vayne,0.45454545454545453,11
TOP,Chogath,Camille,0.5,4
TOP,Camille,Chogath,0.5,4
UTILITY,Karma,Veigar,1.0,1
UTILITY,Veigar,Karma,0.0,1
TOP,Nasus,Vladimir,0.6666666666666666,3
TOP,Vladimir,Nasus,0.3333333333333333,3
MIDDLE,Jayce,Xerath,0.3333333333333333,3
MIDDLE,Xerath,Jayce,0.6666666666666666,3
TOP,Urgot,Skarner,0.0,1
TOP,Skarner,Urgot,1.0,1
MIDDLE,Naafiri,Brand,0.4,5
MIDDLE,Brand,Naafiri,0.6,5
MIDDLE,Jayce,Qiyana,0.625,8
MIDDLE,Qiyana,Jayce,0.375,8
UTILITY,Anivia,Ezreal,0.5,2
UTILITY,Ezreal,Anivia,0.5,2
TOP,Darius,Yone,0.5,10
TOP,Yone,Darius,0.5,10
TOP,Garen,XinZhao,1.0,3
TOP,XinZhao,Garen,0.0,3
TOP,Brand,Vladimir,0.6666666666666666,3
TOP,Vladimir,Brand,0.3333333333333333,3
TOP,Rumble,TwistedFate,0.8333333333333334,6
TOP,TwistedFate,Rumble,0.16666666666666666,6
JUNGLE,Zed,Jax,1.0,1
JUNGLE,Jax,Zed,0.0,1
MIDDLE,Shen,Fizz,1.0,1
MIDDLE,Fizz,Shen,0.0,1
TOP,Yorick,Chogath,0.6,5
TOP,Chogath,Yorick,0.4,5
UTILITY,Taliyah,Renata,1.0,1
UTILITY,Renata,Taliyah,0.0,1
MIDDLE,Quinn,Katarina,0.7142857142857143,7
MIDDLE,Katarina,Quinn,0.2857142857142857,7
UTILITY,Zac,Karma,0.6,5
UTILITY,Karma,Zac,0.4,5
MIDDLE,Diana,Sion,0.0,1
MIDDLE,Sion,Diana,1.0,1
MIDDLE,AurelionSol,Ekko,0.6666666666666666,3
MIDDLE,Ekko,AurelionSol,0.3333333333333333,3
TOP,Aurora,Camille,0.5,6
TOP,Camille,Aurora,0.5,6
TOP,Olaf,Kalista,0.6666666666666666,3
TOP,Kalista,Olaf,0.3333333333333333,3
JUNGLE,FiddleSticks,Olaf,0.5,2
JUNGLE,Olaf,FiddleSticks,0.5,2
UTILITY,Seraphine,Velkoz,0.35,20
UTILITY,Velkoz,Seraphine,0.65,20
MIDDLE,Kayn,Kennen,0.0,1
MIDDLE,Kennen,Kayn,1.0,1
JUNGLE,Pantheon,Lillia,0.6666666666666666,6
JUNGLE,Lillia,Pantheon,0.3333333333333333,6
JUNGLE,Gragas,Ambessa,0.5,2
JUNGLE,Ambessa,Gragas,0.5,2
TOP,Riven,Trundle,0.75,4
TOP,Trundle,Riven,0.25,4
TOP,Annie,Yasuo,0.5,2
TOP,Yasuo,Annie,0.5,2
TOP,Urgot,Vladimir,0.5,4
TOP,Vladimir,Urgot,0.5,4
MIDDLE,KSante,Sylas,0.6666666666666666,6
MIDDLE,Sylas,KSante,0.3333333333333333,6
JUNGLE,DrMundo,Taric,0.0,1
JUNGLE,Taric,DrMundo,1.0,1
MIDDLE,Aurora,Pyke,0.0,1
MIDDLE,Pyke,Aurora,1.0,1
JUNGLE,JarvanIV,Nasus,0.0,7
JUNGLE,Nasus,JarvanIV,1.0,7
TOP,Akali,Shyvana,0.6666666666666666,3
TOP,Shyvana,Akali,0.3333333333333333,3
UTILITY,Lulu,Shen,0.5,4
UTILITY,Shen,Lulu,0.5,4
MIDDLE,Yone,Irelia,0.4,5
MIDDLE,Irelia,Yone,0.6,5
TOP,Quinn,Nautilus,1.0,1
TOP,Nautilus,Quinn,0.0,1
MIDDLE,Sylas,Ornn,0.0,1
MIDDLE,Ornn,Sylas,1.0,1
TOP,Zed,Jayce,0.5714285714285714,7
TOP,Jayce,Zed,0.42857142857142855,7
MIDDLE,Singed,Varus,1.0,1
MIDDLE,Varus,Singed,0.0,1
JUNGLE,Pantheon,Brand,1.0,1
JUNGLE,Brand,Pantheon,0.0,1
TOP,Urgot,Varus,0.8,5
TOP,Varus,Urgot,0.2,5
JUNGLE,Viego,Brand,0.2,5
JUNGLE,Brand,Viego,0.8,5
TOP,Pantheon,Kennen,0.5,4
TOP,Kennen,Pantheon,0.5,4
UTILITY,Leblanc,Poppy,1.0,1
UTILITY,Poppy,Leblanc,0.0,1
UTILITY,Lulu,Rammus,0.0,1
UTILITY,Rammus,Lulu,1.0,1
MIDDLE,Fizz,Zoe,0.5555555555555556,9
MIDDLE,Zoe,Fizz,0.4444444444444444,9
JUNGLE,Sejuani,Viego,0.9,10
JUNGLE,Viego,Sejuani,0.1,10
MIDDLE,Singed,Zac,1.0,1
MIDDLE,Zac,Singed,0.0,1
TOP,Kled,Chogath,0.3333333333333333,3
TOP,Chogath,Kled,0.6666666666666666,3
UTILITY,Zoe,Alistar,0.6666666666666666,6
UTILITY,Alistar,Zoe,0.3333333333333333,6
UTILITY,Annie,Seraphine,1.0,1
UTILITY,Seraphine,Annie,0.0,1
JUNGLE,Fizz,Talon,0.5,2
JUNGLE,Talon,Fizz,0.5,2
BOTTOM,Brand,Kalista,0.5,22
BOTTOM,Kalista,Brand,0.5,22
TOP,Yasuo,Nilah,0.0,1
TOP,Nilah,Yasuo,1.0,1
UTILITY,Velkoz,Braum,0.375,8
UTILITY,Braum,Velkoz,0.625,8
MIDDLE,Lucian,Anivia,0.5,2
MIDDLE,Anivia,Lucian,0.5,2
TOP,Volibear,Vladimir,1.0,3
TOP,Vladimir,Volibear,0.0,3
UTILITY,Milio,Morgana,1.0,2
UTILITY,Morgana,Milio,0.0,2
JUNGLE,Graves,Sylas,0.5921052631578947,76
JUNGLE,Sylas,Graves,0.40789473684210525,76
TOP,Singed,Nasus,0.5714285714285714,7
TOP,Nasus,Singed,0.42857142857142855,7
JUNGLE,Sylas,Poppy,0.625,8
JUNGLE,Poppy,Sylas,0.375,8
TOP,Brand,Jayce,0.5714285714285714,7
TOP,Jayce,Brand,0.42857142857142855,7
TOP,DrMundo,Yone,0.6428571428571429,14
TOP,Yone,DrMundo,0.35714285714285715,14
MIDDLE,Syndra,Taric,1.0,1
MIDDLE,Taric,Syndra,0.0,1
BOTTOM,Heimerdinger,Jhin,0.6666666666666666,6
BOTTOM,Jhin,Heimerdinger,0.3333333333333333,6
TOP,Brand,Annie,1.0,3
TOP,Annie,Brand,0.0,3
TOP,Yone,Varus,0.5333333333333333,15
TOP,Varus,Yone,0.4666666666666667,15
JUNGLE,Zac,Pantheon,0.6666666666666666,3
JUNGLE,Pantheon,Zac,0.3333333333333333,3
UTILITY,Poppy,Hwei,1.0,1
UTILITY,Hwei,Poppy,0.0,1
TOP,RekSai,Jayce,0.3333333333333333,3
TOP,Jayce,RekSai,0.6666666666666666,3
MIDDLE,Leblanc,Karthus,0.0,1
MIDDLE,Karthus,Leblanc,1.0,1
MIDDLE,Karthus,Yone,0.5,2
MIDDLE,Yone,Karthus,0.5,2
TOP,Brand,Rumble,0.3333333333333333,3
TOP,Rumble,Brand,0.6666666666666666,3
TOP,Aurora,Lissandra,0.3333333333333333,3
TOP,Lissandra,Aurora,0.6666666666666666,3
BOTTOM,Syndra,AurelionSol,1.0,2
BOTTOM,AurelionSol,Syndra,0.0,2
MIDDLE,Zac,Brand,1.0,1
MIDDLE,Brand,Zac,0.0,1
TOP,Shen,Udyr,0.0,1
TOP,Udyr,Shen,1.0,1
UTILITY,Renata,Maokai,0.6666666666666666,3
UTILITY,Maokai,Renata,0.3333333333333333,3
MIDDLE,Chogath,Galio,0.3333333333333333,3
MIDDLE,Galio,Chogath,0.6666666666666666,3
TOP,Brand,Ornn,1.0,7
TOP,Ornn,Brand,0.0,7
MIDDLE,Jayce,Velkoz,0.25,4
MIDDLE,Velkoz,Jayce,0.75,4
TOP,Brand,Malphite,0.8,5
TOP,Malphite,Brand,0.2,5
TOP,KogMaw,Garen,0.0,3
TOP,Garen,KogMaw,1.0,3
JUNGLE,Belveth,Shen,1.0,1
JUNGLE,Shen,Belveth,0.0,1
TOP,Yunara,Illaoi,1.0,1
TOP,Illaoi,Yunara,0.0,1
UTILITY,Rell,Sion,0.5714285714285714,7
UTILITY,Sion,Rell,0.42857142857142855,7
JUNGLE,MasterYi,Elise,0.2222222222222222,9
JUNGLE,Elise,MasterYi,0.7777777777777778,9
BOTTOM,Vladimir,Ziggs,0.6,5
BOTTOM,Ziggs,Vladimir,0.4,5
BOTTOM,Ekko,Syndra,0.3333333333333333,3
BOTTOM,Syndra,Ekko,0.6666666666666666,3
JUNGLE,Skarner,RekSai,0.38095238095238093,21
JUNGLE,RekSai,Skarner,0.6190476190476191,21
MIDDLE,Annie,Nunu,0.5,2
MIDDLE,Nunu,Annie,0.5,2
JUNGLE,Khazix,Briar,0.6428571428571429,14
JUNGLE,Briar,Khazix,0.35714285714285715,14
JUNGLE,Shyvana,Zed,0.6666666666666666,6
JUNGLE,Zed,Shyvana,0.3333333333333333,6
TOP,Gnar,Mordekaiser,1.0,2
TOP,Mordekaiser,Gnar,0.0,2
BOTTOM,Ezreal,Annie,0.6666666666666666,3
BOTTOM,Annie,Ezreal,0.3333333333333333,3
UTILITY,Soraka,Kled,0.0,1
UTILITY,Kled,Soraka,1.0,1
MIDDLE,Karthus,Anivia,0.5,2
MIDDLE,Anivia,Karthus,0.5,2
TOP,Fiora,Poppy,0.0,5
TOP,Poppy,Fiora,1.0,5
TOP,Malphite,Orianna,0.0,1
TOP,Orianna,Malphite,1.0,1
UTILITY,Morgana,Shen,0.0,1
UTILITY,Shen,Morgana,1.0,1
JUNGLE,Warwick,Kindred,0.3333333333333333,3
JUNGLE,Kindred,Warwick,0.6666666666666666,3
MIDDLE,Lux,Zoe,0.8333333333333334,6
MIDDLE,Zoe,Lux,0.16666666666666666,6
UTILITY,Renata,Anivia,0.6666666666666666,3
UTILITY,Anivia,Renata,0.3333333333333333,3
BOTTOM,Shaco,Caitlyn,1.0,1
BOTTOM,Caitlyn,Shaco,0.0,1
JUNGLE,Rengar,Hecarim,0.5,24
JUNGLE,Hecarim,Rengar,0.5,24
TOP,Karma,Yone,0.0,3
TOP,Yone,Karma,1.0,3
JUNGLE,Rengar,Elise,0.7142857142857143,7
JUNGLE,Elise,Rengar,0.2857142857142857,7
JUNGLE,LeeSin,Amumu,0.5,2
JUNGLE,Amumu,LeeSin,0.5,2
TOP,Tryndamere,Shen,0.7142857142857143,7
TOP,Shen,Tryndamere,0.2857142857142857,7
JUNGLE,Qiyana,Evelynn,0.3333333333333333,3
JUNGLE,Evelynn,Qiyana,0.6666666666666666,3
UTILITY,Velkoz,Yuumi,0.6666666666666666,6
UTILITY,Yuumi,Velkoz,0.3333333333333333,6
MIDDLE,Xerath,Tristana,0.0,1
MIDDLE,Tristana,Xerath,1.0,1
UTILITY,Yuumi,Leblanc,0.0,2
UTILITY,Leblanc,Yuumi,1.0,2
JUNGLE,Belveth,FiddleSticks,0.4,5
JUNGLE,FiddleSticks,Belveth,0.6,5
MIDDLE,Anivia,Camille,0.0,1
MIDDLE,Camille,Anivia,1.0,1
JUNGLE,Karthus,Taliyah,0.5,4
JUNGLE,Taliyah,Karthus,0.5,4
MIDDLE,Kindred,TwistedFate,0.5,2
MIDDLE,TwistedFate,Kindred,0.5,2
UTILITY,Kled,Lux,0.0,1
UTILITY,Lux,Kled,1.0,1
BOTTOM,Hwei,Viktor,0.5,2
BOTTOM,Viktor,Hwei,0.5,2
JUNGLE,Graves,Sion,0.0,2
JUNGLE,Sion,Graves,1.0,2
UTILITY,Vex,Alistar,0.0,1
UTILITY,Alistar,Vex,1.0,1
BOTTOM,Qiyana,Kalista,0.5,2
BOTTOM,Kalista,Qiyana,0.5,2
MIDDLE,Riven,Xerath,0.0,4
MIDDLE,Xerath,Riven,1.0,4
TOP,Heimerdinger,Shen,0.0,1
TOP,Shen,Heimerdinger,1.0,1
MIDDLE,Fizz,Nasus,0.0,1
MIDDLE,Nasus,Fizz,1.0,1
TOP,Vladimir,Varus,0.5833333333333334,12
TOP,Varus,Vladimir,0.4166666666666667,12
TOP,Fizz,Irelia,0.5,2
TOP,Irelia,Fizz,0.5,2
MIDDLE,Cassiopeia,Talon,0.6666666666666666,6
MIDDLE,Talon,Cassiopeia,0.3333333333333333,6
TOP,TwistedFate,Elise,0.0,1
TOP,Elise,TwistedFate,1.0,1
UTILITY,Taliyah,Leona,0.0,1
UTILITY,Leona,Taliyah,1.0,1
UTILITY,Lulu,Kled,1.0,1
UTILITY,Kled,Lulu,0.0,1
MIDDLE,Kassadin,Singed,0.0,3
MIDDLE,Singed,Kassadin,1.0,3
MIDDLE,Aurora,Taric,0.0,1
MIDDLE,Taric,Aurora,1.0,1
MIDDLE,Vex,Fizz,0.5714285714285714,7
MIDDLE,Fizz,Vex,0.42857142857142855,7
MIDDLE,TwistedFate,Zoe,0.4117647058823529,17
MIDDLE,Zoe,TwistedFate,0.5882352941176471,17
TOP,Rumble,Zilean,0.0,1
TOP,Zilean,Rumble,1.0,1
TOP,Yasuo,Gangplank,0.3333333333333333,6
TOP,Gangplank,Yasuo,0.6666666666666666,6
MIDDLE,Vladimir,Fizz,0.5714285714285714,7
MIDDLE,Fizz,Vladimir,0.42857142857142855,7
MIDDLE,Leblanc,Fizz,0.5384615384615384,13
MIDDLE,Fizz,Leblanc,0.46153846153846156,13
JUNGLE,Amumu,Evelynn,0.0,1
JUNGLE,Evelynn,Amumu,1.0,1
TOP,Aatrox,Varus,0.5384615384615384,13
TOP,Varus,Aatrox,0.46153846153846156,13
JUNGLE,Rammus,Evelynn,1.0,1
JUNGLE,Evelynn,Rammus,0.0,1
JUNGLE,Sylas,Rammus,0.0,4
JUNGLE,Rammus,Sylas,1.0,4
JUNGLE,Nunu,Shyvana,0.3333333333333333,3
JUNGLE,Shyvana,Nunu,0.6666666666666666,3
JUNGLE,Malphite,RekSai,0.5,2
JUNGLE,RekSai,Malphite,0.5,2
MIDDLE,Neeko,Yone,1.0,2
MIDDLE,Yone,Neeko,0.0,2
UTILITY,Velkoz,Lux,0.6666666666666666,3
UTILITY,Lux,Velkoz,0.3333333333333333,3
MIDDLE,LeeSin,Zoe,1.0,1
MIDDLE,Zoe,LeeSin,0.0,1
UTILITY,Zoe,Ekko,0.0,1
UTILITY,Ekko,Zoe,1.0,1
MIDDLE,Yone,Riven,0.4117647058823529,17
MIDDLE,Riven,Yone,0.5882352941176471,17
BOTTOM,Heimerdinger,Swain,0.5,2
BOTTOM,Swain,Heimerdinger,0.5,2
JUNGLE,Sylas,Zed,0.4444444444444444,9
JUNGLE,Zed,Sylas,0.5555555555555556,9
MIDDLE,Brand,Ryze,0.6,5
MIDDLE,Ryze,Brand,0.4,5
JUNGLE,Skarner,Ivern,0.16666666666666666,6
JUNGLE,Ivern,Skarner,0.8333333333333334,6
TOP,Poppy,Garen,0.0,2
TOP,Garen,Poppy,1.0,2
TOP,Teemo,Mordekaiser,1.0,4
TOP,Mordekaiser,Teemo,0.0,4
UTILITY,TahmKench,Karma,0.6,10
UTILITY,Karma,TahmKench,0.4,10
MIDDLE,Leblanc,Lux,0.875,8
MIDDLE,Lux,Leblanc,0.125,8
TOP,Malphite,Shen,0.5454545454545454,11
TOP,Shen,Malphite,0.45454545454545453,11
BOTTOM,Lux,Kaisa,0.5,12
BOTTOM,Kaisa,Lux,0.5,12
TOP,Diana,Shen,0.0,1
TOP,Shen,Diana,1.0,1
UTILITY,Velkoz,Neeko,0.5,4
UTILITY,Neeko,Velkoz,0.5,4
TOP,Akali,Heimerdinger,0.5,2
TOP,Heimerdinger,Akali,0.5,2
TOP,Annie,JarvanIV,0.0,1
TOP,JarvanIV,Annie,1.0,1
JUNGLE,Jayce,Jax,0.3333333333333333,3
JUNGLE,Jax,Jayce,0.6666666666666666,3
MIDDLE,Irelia,Swain,0.0,1
MIDDLE,Swain,Irelia,1.0,1
TOP,Varus,Brand,0.25,4
TOP,Brand,Varus,0.75,4
MIDDLE,Ornn,Smolder,0.0,1
MIDDLE,Smolder,Ornn,1.0,1
BOTTOM,Draven,Brand,0.46153846153846156,13
BOTTOM,Brand,Draven,0.5384615384615384,13
MIDDLE,Quinn,Irelia,0.5,2
MIDDLE,Irelia,Quinn,0.5,2
MIDDLE,Sylas,Malphite,0.8,5
MIDDLE,Malphite,Sylas,0.2,5
MIDDLE,Irelia,Annie,0.4,5
MIDDLE,Annie,Irelia,0.6,5
UTILITY,Braum,Gangplank,0.0,1
UTILITY,Gangplank,Braum,1.0,1
BOTTOM,Nilah,KogMaw,0.0,1
BOTTOM,KogMaw,Nilah,1.0,1
JUNGLE,Khazix,Nasus,0.14285714285714285,7
JUNGLE,Nasus,Khazix,0.8571428571428571,7
TOP,Teemo,DrMundo,0.0,1
TOP,DrMundo,Teemo,1.0,1
JUNGLE,Briar,Nidalee,0.5714285714285714,7
JUNGLE,Nidalee,Briar,0.42857142857142855,7
JUNGLE,Skarner,Elise,0.625,8
JUNGLE,Elise,Skarner,0.375,8
JUNGLE,Udyr,Neeko,1.0,1
JUNGLE,Neeko,Udyr,0.0,1
MIDDLE,Ryze,KSante,1.0,1
MIDDLE,KSante,Ryze,0.0,1
UTILITY,Thresh,FiddleSticks,0.8,5
UTILITY,FiddleSticks,Thresh,0.2,5
MIDDLE,Xerath,Fizz,0.5,6
MIDDLE,Fizz,Xerath,0.5,6
TOP,Singed,Volibear,0.3333333333333333,6
TOP,Volibear,Singed,0.6666666666666666,6
UTILITY,Rell,JarvanIV,0.0,1
UTILITY,JarvanIV,Rell,1.0,1
TOP,Karma,Irelia,0.25,4
TOP,Irelia,Karma,0.75,4
JUNGLE,Ivern,Briar,0.5,2
JUNGLE,Briar,Ivern,0.5,2
MIDDLE,Katarina,Riven,0.4375,16
MIDDLE,Riven,Katarina,0.5625,16
JUNGLE,Taliyah,Sejuani,0.3333333333333333,3
JUNGLE,Sejuani,Taliyah,0.6666666666666666,3
UTILITY,RekSai,Sona,1.0,1
UTILITY,Sona,RekSai,0.0,1
JUNGLE,Khazix,Zyra,0.4444444444444444,9
JUNGLE,Zyra,Khazix,0.5555555555555556,9
TOP,Tryndamere,Camille,0.5,4
TOP,Camille,Tryndamere,0.5,4
TOP,Ahri,Riven,0.0,1
TOP,Riven,Ahri,1.0,1
MIDDLE,Irelia,Lissandra,0.42857142857142855,7
MIDDLE,Lissandra,Irelia,0.5714285714285714,7
MIDDLE,Hwei,Ornn,0.0,1
MIDDLE,Ornn,Hwei,1.0,1
TOP,Volibear,Zaahen,0.6666666666666666,3
TOP,Zaahen,Volibear,0.3333333333333333,3
UTILITY,Morgana,Sylas,1.0,2
UTILITY,Sylas,Morgana,0.0,2
MIDDLE,Malphite,Qiyana,0.5,2
MIDDLE,Qiyana,Malphite,0.5,2
UTILITY,Blitzcrank,Yuumi,0.4,5
UTILITY,Yuumi,Blitzcrank,0.6,5
MIDDLE,Riven,Renekton,0.7142857142857143,7
MIDDLE,Renekton,Riven,0.2857142857142857,7
TOP,Gangplank,Kled,0.25,16
TOP,Kled,Gangplank,0.75,16
JUNGLE,Rengar,Gragas,0.5,4
JUNGLE,Gragas,Rengar,0.5,4
MIDDLE,Ivern,Yasuo,1.0,1
MIDDLE,Yasuo,Ivern,0.0,1
UTILITY,Elise,Maokai,0.5,6
UTILITY,Maokai,Elise,0.5,6
MIDDLE,Garen,Azir,0.0,1
MIDDLE,Azir,Garen,1.0,1
MIDDLE,Aurora,Tryndamere,0.6666666666666666,3
MIDDLE,Tryndamere,Aurora,0.3333333333333333,3
TOP,Anivia,Camille,0.25,4
TOP,Camille,Anivia,0.75,4
BOTTOM,Veigar,Brand,0.25,4
BOTTOM,Brand,Veigar,0.75,4
JUNGLE,Nocturne,Vayne,0.2,5
JUNGLE,Vayne,Nocturne,0.8,5
JUNGLE,Udyr,Kayn,0.7142857142857143,7
JUNGLE,Kayn,Udyr,0.2857142857142857,7
JUNGLE,Vayne,RekSai,0.0,5
JUNGLE,RekSai,Vayne,1.0,5
MIDDLE,Viktor,Naafiri,0.6363636363636364,11
MIDDLE,Naafiri,Viktor,0.36363636363636365,11
MIDDLE,Riven,Brand,0.4,5
MIDDLE,Brand,Riven,0.6,5
MIDDLE,Ahri,Pantheon,0.6666666666666666,6
MIDDLE,Pantheon,Ahri,0.3333333333333333,6
TOP,Evelynn,Yone,0.0,1
TOP,Yone,Evelynn,1.0,1
UTILITY,Lux,Sona,0.42857142857142855,7
UTILITY,Sona,Lux,0.5714285714285714,7
BOTTOM,Jayce,Ashe,0.0,1
BOTTOM,Ashe,Jayce,1.0,1
JUNGLE,Ekko,Maokai,1.0,1
JUNGLE,Maokai,Ekko,0.0,1
MIDDLE,Karthus,Talon,1.0,1
MIDDLE,Talon,Karthus,0.0,1
BOTTOM,Nilah,Samira,0.6363636363636364,11
BOTTOM,Samira,Nilah,0.36363636363636365,11
JUNGLE,Rammus,Graves,1.0,2
JUNGLE,Graves,Rammus,0.0,2
MIDDLE,Garen,Ryze,1.0,1
MIDDLE,Ryze,Garen,0.0,1
TOP,Anivia,Kaisa,1.0,1
TOP,Kaisa,Anivia,0.0,1
TOP,Pantheon,DrMundo,0.42857142857142855,7
TOP,DrMundo,Pantheon,0.5714285714285714,7
JUNGLE,Taliyah,Rengar,0.5555555555555556,9
JUNGLE,Rengar,Taliyah,0.4444444444444444,9
TOP,Yone,Teemo,0.0,5
TOP,Teemo,Yone,1.0,5
BOTTOM,Kennen,Ezreal,0.2,5
BOTTOM,Ezreal,Kennen,0.8,5
TOP,Brand,Ryze,0.0,2
TOP,Ryze,Brand,1.0,2
JUNGLE,Fizz,Nocturne,0.75,4
JUNGLE,Nocturne,Fizz,0.25,4
MIDDLE,Talon,Orianna,1.0,3
MIDDLE,Orianna,Talon,0.0,3
BOTTOM,Twitch,Cassiopeia,0.6666666666666666,3
BOTTOM,Cassiopeia,Twitch,0.3333333333333333,3
MIDDLE,Karthus,Naafiri,1.0,1
MIDDLE,Naafiri,Karthus,0.0,1
TOP,Ashe,Ornn,1.0,1
TOP,Ornn,Ashe,0.0,1
BOTTOM,Naafiri,Kaisa,0.5,2
BOTTOM,Kaisa,Naafiri,0.5,2
UTILITY,Pyke,Taliyah,1.0,1
UTILITY,Taliyah,Pyke,0.0,1
UTILITY,Shen,Alistar,0.6,5
UTILITY,Alistar,Shen,0.4,5
JUNGLE,Briar,Vayne,0.5,2
JUNGLE,Vayne,Briar,0.5,2
BOTTOM,Caitlyn,Yasuo,0.4166666666666667,12
BOTTOM,Yasuo,Caitlyn,0.5833333333333334,12
MIDDLE,Hwei,Rumble,0.5,4
MIDDLE,Rumble,Hwei,0.5,4
MIDDLE,KSante,Syndra,0.0,4
MIDDLE,Syndra,KSante,1.0,4
JUNGLE,Kayn,Vayne,1.0,1
JUNGLE,Vayne,Kayn,0.0,1
MIDDLE,TwistedFate,Garen,0.5,2
MIDDLE,Garen,TwistedFate,0.5,2
BOTTOM,Lux,Varus,0.2857142857142857,7
BOTTOM,Varus,Lux,0.7142857142857143,7
TOP,Zaahen,Trundle,0.6666666666666666,3
TOP,Trundle,Zaahen,0.3333333333333333,3
TOP,Vayne,Volibear,0.3333333333333333,3
TOP,Volibear,Vayne,0.6666666666666666,3
JUNGLE,LeeSin,Nasus,0.4,10
JUNGLE,Nasus,LeeSin,0.6,10
MIDDLE,Cassiopeia,Swain,1.0,3
MIDDLE,Swain,Cassiopeia,0.0,3
JUNGLE,Ezreal,Ekko,1.0,1
JUNGLE,Ekko,Ezreal,0.0,1
MIDDLE,Anivia,Ornn,1.0,1
MIDDLE,Ornn,Anivia,0.0,1
JUNGLE,Shen,Briar,0.5,2
JUNGLE,Briar,Shen,0.5,2
JUNGLE,Gnar,Vi,1.0,1
JUNGLE,Vi,Gnar,0.0,1
TOP,Yone,Lux,0.0,1
TOP,Lux,Yone,1.0,1
TOP,Nautilus,Sion,0.0,1
TOP,Sion,Nautilus,1.0,1
TOP,Sylas,Renekton,0.3333333333333333,9
TOP,Renekton,Sylas,0.6666666666666666,9
BOTTOM,Yone,Jhin,1.0,1
BOTTOM,Jhin,Yone,0.0,1
JUNGLE,Skarner,Gwen,0.8,5
JUNGLE,Gwen,Skarner,0.2,5
TOP,Naafiri,Camille,0.5,2
TOP,Camille,Naafiri,0.5,2
UTILITY,Alistar,Camille,0.5714285714285714,7
UTILITY,Camille,Alistar,0.42857142857142855,7
BOTTOM,Lucian,Syndra,0.0,5
BOTTOM,Syndra,Lucian,1.0,5
MIDDLE,Lux,Zed,0.5833333333333334,12
MIDDLE,Zed,Lux,0.4166666666666667,12
MIDDLE,Varus,Malzahar,0.0,1
MIDDLE,Malzahar,Varus,1.0,1
UTILITY,Rakan,RekSai,0.0,1
UTILITY,RekSai,Rakan,1.0,1
JUNGLE,Taliyah,Skarner,0.16666666666666666,6
JUNGLE,Skarner,Taliyah,0.8333333333333334,6
JUNGLE,Nidalee,Warwick,1.0,3
JUNGLE,Warwick,Nidalee,0.0,3
TOP,Poppy,Nasus,0.0,1
TOP,Nasus,Poppy,1.0,1
TOP,Aatrox,KogMaw,0.5,2
TOP,KogMaw,Aatrox,0.5,2
BOTTOM,Ziggs,Velkoz,0.7142857142857143,7
BOTTOM,Velkoz,Ziggs,0.2857142857142857,7
JUNGLE,Rammus,Zaahen,1.0,2
JUNGLE,Zaahen,Rammus,0.0,2
MIDDLE,Zed,Hwei,0.5882352941176471,17
MIDDLE,Hwei,Zed,0.4117647058823529,17
JUNGLE,Morgana,RekSai,0.0,1
JUNGLE,RekSai,Morgana,1.0,1
MIDDLE,Smolder,Yone,0.6,5
MIDDLE,Yone,Smolder,0.4,5
JUNGLE,Zaahen,Gnar,1.0,1
JUNGLE,Gnar,Zaahen,0.0,1
MIDDLE,RekSai,Aurora,0.0,1
MIDDLE,Aurora,RekSai,1.0,1
BOTTOM,Zeri,Yasuo,0.2857142857142857,14
BOTTOM,Yasuo,Zeri,0.7142857142857143,14
BOTTOM,Caitlyn,Naafiri,0.6666666666666666,3
BOTTOM,Naafiri,Caitlyn,0.3333333333333333,3
BOTTOM,Seraphine,Naafiri,1.0,1
BOTTOM,Naafiri,Seraphine,0.0,1
UTILITY,Pantheon,Malzahar,1.0,2
UTILITY,Malzahar,Pantheon,0.0,2
TOP,Urgot,Sett,0.0,3
TOP,Sett,Urgot,1.0,3
TOP,Kalista,Pantheon,0.0,1
TOP,Pantheon,Kalista,1.0,1
MIDDLE,Tristana,Kayle,0.5,2
MIDDLE,Kayle,Tristana,0.5,2
TOP,Yone,Ivern,0.5,2
TOP,Ivern,Yone,0.5,2
UTILITY,Thresh,Lissandra,0.6666666666666666,3
UTILITY,Lissandra,Thresh,0.3333333333333333,3
TOP,Jayce,Kled,0.75,8
TOP,Kled,Jayce,0.25,8
UTILITY,Shen,Bard,0.5,8
UTILITY,Bard,Shen,0.5,8
MIDDLE,Riven,Talon,1.0,1
MIDDLE,Talon,Riven,0.0,1
BOTTOM,Yasuo,Hwei,0.6666666666666666,6
BOTTOM,Hwei,Yasuo,0.3333333333333333,6
JUNGLE,Rammus,Hecarim,0.0,1
JUNGLE,Hecarim,Rammus,1.0,1
UTILITY,Thresh,Qiyana,1.0,2
UTILITY,Qiyana,Thresh,0.0,2
BOTTOM,Brand,Lucian,0.45454545454545453,11
BOTTOM,Lucian,Brand,0.5454545454545454,11
JUNGLE,Lillia,Karthus,0.4,5
JUNGLE,Karthus,Lillia,0.6,5
TOP,Cassiopeia,Shen,0.8571428571428571,7
TOP,Shen,Cassiopeia,0.14285714285714285,7
MIDDLE,Taliyah,AurelionSol,0.5,4
MIDDLE,AurelionSol,Taliyah,0.5,4
UTILITY,TahmKench,Poppy,0.0,2
UTILITY,Poppy,TahmKench,1.0,2
TOP,Singed,Yasuo,0.75,8
TOP,Yasuo,Singed,0.25,8
UTILITY,Rakan,Veigar,0.0,1
UTILITY,Veigar,Rakan,1.0,1
TOP,Renekton,Nautilus,1.0,1
TOP,Nautilus,Renekton,0.0,1
TOP,Camille,Yone,0.4,10
TOP,Yone,Camille,0.6,10
JUNGLE,Sylas,Vayne,0.6666666666666666,3
JUNGLE,Vayne,Sylas,0.3333333333333333,3
TOP,Rumble,Nautilus,1.0,1
TOP,Nautilus,Rumble,0.0,1
MIDDLE,Veigar,Velkoz,0.0,1
MIDDLE,Velkoz,Veigar,1.0,1
TOP,RekSai,Quinn,0.5,2
TOP,Quinn,RekSai,0.5,2
MIDDLE,Annie,Vayne,1.0,3
MIDDLE,Vayne,Annie,0.0,3
JUNGLE,Vayne,Talon,0.6666666666666666,3
JUNGLE,Talon,Vayne,0.3333333333333333,3
TOP,Draven,Shen,0.3333333333333333,3
TOP,Shen,Draven,0.6666666666666666,3
JUNGLE,Graves,Twitch,1.0,1
JUNGLE,Twitch,Graves,0.0,1
BOTTOM,Yasuo,Zoe,0.5,2
BOTTOM,Zoe,Yasuo,0.5,2
MIDDLE,Orianna,Illaoi,0.0,1
MIDDLE,Illaoi,Orianna,1.0,1
MIDDLE,Gragas,Anivia,1.0,1
MIDDLE,Anivia,Gragas,0.0,1
TOP,Riven,Yorick,0.8,5
TOP,Yorick,Riven,0.2,5
MIDDLE,Zilean,Vladimir,0.0,2
MIDDLE,Vladimir,Zilean,1.0,2
MIDDLE,Zoe,Aatrox,0.0,2
MIDDLE,Aatrox,Zoe,1.0,2
BOTTOM,Azir,Lucian,0.0,1
BOTTOM,Lucian,Azir,1.0,1
JUNGLE,XinZhao,Kayle,0.5,2
JUNGLE,Kayle,XinZhao,0.5,2
TOP,Sett,Olaf,0.0,1
TOP,Olaf,Sett,1.0,1
JUNGLE,Maokai,Sylas,0.0,1
JUNGLE,Sylas,Maokai,1.0,1
TOP,Nasus,Yorick,0.0,2
TOP,Yorick,Nasus,1.0,2
BOTTOM,MissFortune,Chogath,0.0,1
BOTTOM,Chogath,MissFortune,1.0,1
JUNGLE,Kayn,Zyra,0.8333333333333334,6
JUNGLE,Zyra,Kayn,0.16666666666666666,6
JUNGLE,Pantheon,Hecarim,0.6428571428571429,14
JUNGLE,Hecarim,Pantheon,0.35714285714285715,14
JUNGLE,Ezreal,Viego,0.0,2
JUNGLE,Viego,Ezreal,1.0,2
MIDDLE,Talon,Zoe,0.0,1
MIDDLE,Zoe,Talon,1.0,1
UTILITY,Seraphine,Orianna,0.0,1
UTILITY,Orianna,Seraphine,1.0,1
UTILITY,Annie,Alistar,1.0,1
UTILITY,Alistar,Annie,0.0,1
TOP,Irelia,Chogath,0.6666666666666666,3
TOP,Chogath,Irelia,0.3333333333333333,3
JUNGLE,Evelynn,Nidalee,0.6666666666666666,9
JUNGLE,Nidalee,Evelynn,0.3333333333333333,9
JUNGLE,Elise,Darius,0.0,1
JUNGLE,Darius,Elise,1.0,1
MIDDLE,Karthus,Tristana,0.0,1
MIDDLE,Tristana,Karthus,1.0,1
BOTTOM,Yone,Yunara,0.0,1
BOTTOM,Yunara,Yone,1.0,1
TOP,Aurora,Corki,1.0,1
TOP,Corki,Aurora,0.0,1
MIDDLE,Malzahar,Karthus,0.6666666666666666,3
MIDDLE,Karthus,Malzahar,0.3333333333333333,3
TOP,Yasuo,Rammus,1.0,1
TOP,Rammus,Yasuo,0.0,1
TOP,Kled,Yorick,1.0,2
TOP,Yorick,Kled,0.0,2
BOTTOM,Sion,Caitlyn,0.5,2
BOTTOM,Caitlyn,Sion,0.5,2
MIDDLE,Kaisa,Leblanc,0.0,1
MIDDLE,Leblanc,Kaisa,1.0,1
UTILITY,Blitzcrank,Urgot,0.0,1
UTILITY,Urgot,Blitzcrank,1.0,1
TOP,DrMundo,Brand,0.5,4
TOP,Brand,DrMundo,0.5,4
TOP,Zed,Aurora,0.3333333333333333,3
TOP,Aurora,Zed,0.6666666666666666,3
JUNGLE,Nautilus,Nunu,1.0,1
JUNGLE,Nunu,Nautilus,0.0,1
JUNGLE,Sylas,Kindred,0.8,10
JUNGLE,Kindred,Sylas,0.2,10
MIDDLE,Aurora,Draven,1.0,1
MIDDLE,Draven,Aurora,0.0,1
UTILITY,Pantheon,Yuumi,0.5,6
UTILITY,Yuumi,Pantheon,0.5,6
TOP,Naafiri,Shen,0.3333333333333333,3
TOP,Shen,Naafiri,0.6666666666666666,3
TOP,Kayle,Nasus,0.6,5
TOP,Nasus,Kayle,0.4,5
UTILITY,Maokai,Yuumi,0.0,1
UTILITY,Yuumi,Maokai,1.0,1
JUNGLE,Shyvana,Udyr,0.1,10
JUNGLE,Udyr,Shyvana,0.9,10
JUNGLE,Teemo,Rengar,0.0,1
JUNGLE,Rengar,Teemo,1.0,1
TOP,Nasus,Anivia,0.6,5
TOP,Anivia,Nasus,0.4,5
MIDDLE,Xerath,Ryze,0.0,7
MIDDLE,Ryze,Xerath,1.0,7
JUNGLE,MasterYi,RekSai,0.25,8
JUNGLE,RekSai,MasterYi,0.75,8
JUNGLE,Zeri,Brand,0.0,1
JUNGLE,Brand,Zeri,1.0,1
TOP,Rumble,RekSai,0.0,1
TOP,RekSai,Rumble,1.0,1
UTILITY,Xerath,Maokai,0.5,2
UTILITY,Maokai,Xerath,0.5,2
TOP,Ryze,Lissandra,1.0,1
TOP,Lissandra,Ryze,0.0,1
JUNGLE,Skarner,Nasus,0.5,2
JUNGLE,Nasus,Skarner,0.5,2
MIDDLE,Velkoz,Annie,0.5,2
MIDDLE,Annie,Velkoz,0.5,2
JUNGLE,Karthus,Gnar,0.0,1
JUNGLE,Gnar,Karthus,1.0,1
UTILITY,Ashe,Nami,0.6666666666666666,3
UTILITY,Nami,Ashe,0.3333333333333333,3
TOP,Mordekaiser,Hecarim,0.0,1
TOP,Hecarim,Mordekaiser,1.0,1
TOP,Tryndamere,Mordekaiser,0.4,5
TOP,Mordekaiser,Tryndamere,0.6,5
UTILITY,Nami,Vex,0.0,1
UTILITY,Vex,Nami,1.0,1
JUNGLE,Hecarim,Poppy,1.0,2
JUNGLE,Poppy,Hecarim,0.0,2
TOP,Sylas,Diana,1.0,2
TOP,Diana,Sylas,0.0,2
MIDDLE,Azir,Kassadin,0.0,3
MIDDLE,Kassadin,Azir,1.0,3
TOP,Jax,Trundle,0.6666666666666666,3
TOP,Trundle,Jax,0.3333333333333333,3
JUNGLE,Trundle,Hecarim,0.2,5
JUNGLE,Hecarim,Trundle,0.8,5
TOP,TahmKench,Sion,0.75,4
TOP,Sion,TahmKench,0.25,4
TOP,Smolder,Trundle,0.0,1
TOP,Trundle,Smolder,1.0,1
TOP,Skarner,Malphite,1.0,1
TOP,Malphite,Skarner,0.0,1
UTILITY,Morgana,Mel,0.0,1
UTILITY,Mel,Morgana,1.0,1
BOTTOM,Annie,Lucian,0.0,1
BOTTOM,Lucian,Annie,1.0,1
MIDDLE,Taliyah,Teemo,0.0,1
MIDDLE,Teemo,Taliyah,1.0,1
BOTTOM,Zed,Ezreal,1.0,1
BOTTOM,Ezreal,Zed,0.0,1
JUNGLE,Hecarim,Briar,0.875,8
JUNGLE,Briar,Hecarim,0.125,8
UTILITY,Malzahar,Swain,1.0,1
UTILITY,Swain,Malzahar,0.0,1
JUNGLE,Kaisa,Nunu,1.0,1
JUNGLE,Nunu,Kaisa,0.0,1
TOP,Veigar,RekSai,0.0,1
TOP,RekSai,Veigar,1.0,1
UTILITY,Lulu,Syndra,0.0,1
UTILITY,Syndra,Lulu,1.0,1
BOTTOM,Veigar,Hwei,0.5,2
BOTTOM,Hwei,Veigar,0.5,2
MIDDLE,Morgana,Sivir,0.0,1
MIDDLE,Sivir,Morgana,1.0,1
BOTTOM,Ziggs,Chogath,0.0,1
BOTTOM,Chogath,Ziggs,1.0,1
TOP,RekSai,Zed,0.0,1
TOP,Zed,RekSai,1.0,1
TOP,Jax,Alistar,1.0,1
TOP,Alistar,Jax,0.0,1
TOP,Varus,DrMundo,0.6666666666666666,6
TOP,DrMundo,Varus,0.3333333333333333,6
MIDDLE,Morgana,Viktor,0.6666666666666666,3
MIDDLE,Viktor,Morgana,0.3333333333333333,3
MIDDLE,Vayne,Shen,1.0,1
MIDDLE,Shen,Vayne,0.0,1
TOP,Syndra,Kennen,0.5,2
TOP,Kennen,Syndra,0.5,2
TOP,XinZhao,Varus,0.0,4
TOP,Varus,XinZhao,1.0,4
MIDDLE,Ziggs,TwistedFate,0.5,2
MIDDLE,TwistedFate,Ziggs,0.5,2
TOP,RekSai,Ornn,0.16666666666666666,6
TOP,Ornn,RekSai,0.8333333333333334,6
UTILITY,Zoe,Milio,0.6666666666666666,3
UTILITY,Milio,Zoe,0.3333333333333333,3
TOP,Ashe,Sion,0.0,1
TOP,Sion,Ashe,1.0,1
BOTTOM,Velkoz,Lux,0.5,2
BOTTOM,Lux,Velkoz,0.5,2
UTILITY,Elise,Zoe,0.0,2
UTILITY,Zoe,Elise,1.0,2
BOTTOM,Hwei,Zeri,0.7142857142857143,7
BOTTOM,Zeri,Hwei,0.2857142857142857,7
MIDDLE,Zed,Ziggs,0.5,2
MIDDLE,Ziggs,Zed,0.5,2
UTILITY,Anivia,Camille,0.5,2
UTILITY,Camille,Anivia,0.5,2
TOP,Jax,Pyke,1.0,1
TOP,Pyke,Jax,0.0,1
JUNGLE,Sett,Nocturne,1.0,1
JUNGLE,Nocturne,Sett,0.0,1
MIDDLE,Renekton,TwistedFate,0.0,1
MIDDLE,TwistedFate,Renekton,1.0,1
TOP,Vi,Illaoi,0.0,1
TOP,Illaoi,Vi,1.0,1
JUNGLE,Heimerdinger,Poppy,0.0,1
JUNGLE,Poppy,Heimerdinger,1.0,1
MIDDLE,Belveth,Pantheon,1.0,1
MIDDLE,Pantheon,Belveth,0.0,1
TOP,Jayce,Sona,1.0,1
TOP,Sona,Jayce,0.0,1
JUNGLE,Urgot,Aatrox,1.0,1
JUNGLE,Aatrox,Urgot,0.0,1
JUNGLE,Talon,Ezreal,0.0,1
JUNGLE,Ezreal,Talon,1.0,1
UTILITY,Elise,Poppy,0.5,2
UTILITY,Poppy,Elise,0.5,2
JUNGLE,Skarner,FiddleSticks,0.6666666666666666,3
JUNGLE,FiddleSticks,Skarner,0.3333333333333333,3
MIDDLE,Diana,Anivia,0.45454545454545453,11
MIDDLE,Anivia,Diana,0.5454545454545454,11
TOP,Garen,Urgot,0.5714285714285714,7
TOP,Urgot,Garen,0.42857142857142855,7
UTILITY,Karthus,Pyke,0.0,1
UTILITY,Pyke,Karthus,1.0,1
TOP,Garen,MasterYi,0.5,2
TOP,MasterYi,Garen,0.5,2
TOP,Chogath,Nasus,0.5,2
TOP,Nasus,Chogath,0.5,2
UTILITY,Orianna,Janna,1.0,2
UTILITY,Janna,Orianna,0.0,2
MIDDLE,Akshan,Kennen,0.0,1
MIDDLE,Kennen,Akshan,1.0,1
BOTTOM,Ahri,Corki,0.0,1
BOTTOM,Corki,Ahri,1.0,1
JUNGLE,Kindred,Ezreal,0.0,1
JUNGLE,Ezreal,Kindred,1.0,1
UTILITY,Maokai,Morgana,0.5,2
UTILITY,Morgana,Maokai,0.5,2
UTILITY,Nami,Aurora,1.0,1
UTILITY,Aurora,Nami,0.0,1
MIDDLE,Akshan,Pyke,0.0,1
MIDDLE,Pyke,Akshan,1.0,1
TOP,Teemo,Aatrox,0.0,4
TOP,Aatrox,Teemo,1.0,4
UTILITY,Qiyana,Pantheon,0.0,1
UTILITY,Pantheon,Qiyana,1.0,1
TOP,Fiora,Annie,0.5,2
TOP,Annie,Fiora,0.5,2
JUNGLE,Elise,Pantheon,0.5384615384615384,13
JUNGLE,Pantheon,Elise,0.46153846153846156,13
MIDDLE,Riven,Sylas,0.3684210526315789,19
MIDDLE,Sylas,Riven,0.631578947368421,19
UTILITY,Heimerdinger,Elise,0.0,1
UTILITY,Elise,Heimerdinger,1.0,1
JUNGLE,Sejuani,Gnar,0.0,1
JUNGLE,Gnar,Sejuani,1.0,1
MIDDLE,Heimerdinger,Ryze,0.5,2
MIDDLE,Ryze,Heimerdinger,0.5,2
BOTTOM,Jax,Katarina,0.5,2
BOTTOM,Katarina,Jax,0.5,2
MIDDLE,Draven,Leblanc,0.0,1
MIDDLE,Leblanc,Draven,1.0,1
TOP,Annie,Riven,0.3333333333333333,3
TOP,Riven,Annie,0.6666666666666666,3
TOP,Anivia,Teemo,0.7142857142857143,7
TOP,Teemo,Anivia,0.2857142857142857,7
TOP,Darius,TwistedFate,0.5,4
TOP,TwistedFate,Darius,0.5,4
MIDDLE,DrMundo,Orianna,0.0,1
MIDDLE,Orianna,DrMundo,1.0,1
MIDDLE,Vladimir,Bard,0.0,1
MIDDLE,Bard,Vladimir,1.0,1
BOTTOM,Lucian,Singed,0.0,2
BOTTOM,Singed,Lucian,1.0,2
JUNGLE,Elise,Vayne,0.5,2
JUNGLE,Vayne,Elise,0.5,2
MIDDLE,Vex,TwistedFate,0.5,6
MIDDLE,TwistedFate,Vex,0.5,6
UTILITY,Pyke,AurelionSol,0.0,1
UTILITY,AurelionSol,Pyke,1.0,1
BOTTOM,Zeri,Cassiopeia,0.75,4
BOTTOM,Cassiopeia,Zeri,0.25,4
JUNGLE,Kaisa,Pantheon,0.0,1
JUNGLE,Pantheon,Kaisa,1.0,1
JUNGLE,Zed,Vayne,0.0,1
JUNGLE,Vayne,Zed,1.0,1
TOP,Ezreal,Vayne,0.6666666666666666,3
TOP,Vayne,Ezreal,0.3333333333333333,3
MIDDLE,Pyke,Annie,1.0,1
MIDDLE,Annie,Pyke,0.0,1
TOP,Olaf,Tryndamere,0.6,5
TOP,Tryndamere,Olaf,0.4,5
MIDDLE,Draven,Zilean,1.0,1
MIDDLE,Zilean,Draven,0.0,1
UTILITY,Nami,Hwei,1.0,1
UTILITY,Hwei,Nami,0.0,1
JUNGLE,Vayne,Jayce,0.0,2
JUNGLE,Jayce,Vayne,1.0,2
TOP,Yasuo,Janna,0.0,1
TOP,Janna,Yasuo,1.0,1
UTILITY,Milio,Senna,0.5,34
UTILITY,Senna,Milio,0.5,34
JUNGLE,Rumble,Jayce,0.0,1
JUNGLE,Jayce,Rumble,1.0,1
TOP,Urgot,Yunara,0.5,2
TOP,Yunara,Urgot,0.5,2
JUNGLE,Kayle,Chogath,1.0,1
JUNGLE,Chogath,Kayle,0.0,1
TOP,Yunara,Garen,0.5,2
TOP,Garen,Yunara,0.5,2
BOTTOM,Syndra,Heimerdinger,0.0,2
BOTTOM,Heimerdinger,Syndra,1.0,2
UTILITY,Mel,Bard,0.3333333333333333,3
UTILITY,Bard,Mel,0.6666666666666666,3
BOTTOM,Heimerdinger,Yunara,0.25,4
BOTTOM,Yunara,Heimerdinger,0.75,4
UTILITY,Cassiopeia,Karma,1.0,2
UTILITY,Karma,Cassiopeia,0.0,2
TOP,Sylas,Singed,0.6666666666666666,3
TOP,Singed,Sylas,0.3333333333333333,3
BOTTOM,Kaisa,TahmKench,0.5,2
BOTTOM,TahmKench,Kaisa,0.5,2
MIDDLE,Orianna,Diana,0.8571428571428571,7
MIDDLE,Diana,Orianna,0.14285714285714285,7
BOTTOM,Teemo,Mel,1.0,1
BOTTOM,Mel,Teemo,0.0,1
MIDDLE,Urgot,Smolder,1.0,1
MIDDLE,Smolder,Urgot,0.0,1
MIDDLE,Zilean,Azir,0.0,1
MIDDLE,Azir,Zilean,1.0,1
UTILITY,Milio,Anivia,0.0,3
UTILITY,Anivia,Milio,1.0,3
MIDDLE,Malphite,Zed,0.75,12
MIDDLE,Zed,Malphite,0.25,12
JUNGLE,Ezreal,Pantheon,0.0,1
JUNGLE,Pantheon,Ezreal,1.0,1
TOP,Urgot,Annie,0.5,2
TOP,Annie,Urgot,0.5,2
MIDDLE,Quinn,Karma,0.5,2
MIDDLE,Karma,Quinn,0.5,2
UTILITY,Neeko,Morgana,1.0,4
UTILITY,Morgana,Neeko,0.0,4
TOP,Gragas,Katarina,0.5,2
TOP,Katarina,Gragas,0.5,2
BOTTOM,Belveth,Lucian,0.0,1
BOTTOM,Lucian,Belveth,1.0,1
UTILITY,Velkoz,Milio,0.42857142857142855,7
UTILITY,Milio,Velkoz,0.5714285714285714,7
MIDDLE,Diana,Annie,0.0,2
MIDDLE,Annie,Diana,1.0,2
JUNGLE,Taliyah,Udyr,0.5,6
JUNGLE,Udyr,Taliyah,0.5,6
MIDDLE,Aurora,Jhin,0.0,1
MIDDLE,Jhin,Aurora,1.0,1
BOTTOM,Zyra,Ashe,0.2857142857142857,7
BOTTOM,Ashe,Zyra,0.7142857142857143,7
JUNGLE,Nocturne,Brand,0.375,8
JUNGLE,Brand,Nocturne,0.625,8
MIDDLE,Yasuo,Garen,0.0,1
MIDDLE,Garen,Yasuo,1.0,1
TOP,Ornn,Smolder,0.25,4
TOP,Smolder,Ornn,0.75,4
JUNGLE,Elise,Kayn,0.5,12
JUNGLE,Kayn,Elise,0.5,12
JUNGLE,Sylas,Nidalee,0.5238095238095238,21
JUNGLE,Nidalee,Sylas,0.47619047619047616,21
TOP,Urgot,Brand,0.5,2
TOP,Brand,Urgot,0.5,2
UTILITY,LeeSin,Pyke,1.0,1
UTILITY,Pyke,LeeSin,0.0,1
JUNGLE,Rammus,Aatrox,1.0,1
JUNGLE,Aatrox,Rammus,0.0,1
JUNGLE,Teemo,Graves,0.375,8
JUNGLE,Graves,Teemo,0.625,8
MIDDLE,Yasuo,Zac,1.0,3
MIDDLE,Zac,Yasuo,0.0,3
TOP,Janna,Sona,1.0,1
TOP,Sona,Janna,0.0,1
BOTTOM,Yasuo,Smolder,0.3333333333333333,21
BOTTOM,Smolder,Yasuo,0.6666666666666666,21
BOTTOM,Diana,Yasuo,0.5,2
BOTTOM,Yasuo,Diana,0.5,2
TOP,MasterYi,Zaahen,1.0,1
TOP,Zaahen,MasterYi,0.0,1
BOTTOM,Kindred,Kaisa,1.0,1
BOTTOM,Kaisa,Kindred,0.0,1
TOP,Fizz,Zaahen,0.0,1
TOP,Zaahen,Fizz,1.0,1
UTILITY,Lulu,Heimerdinger,0.5,2
UTILITY,Heimerdinger,Lulu,0.5,2
UTILITY,Ornn,KSante,0.0,1
UTILITY,KSante,Ornn,1.0,1
BOTTOM,Kindred,Ezreal,0.0,1
BOTTOM,Ezreal,Kindred,1.0,1
MIDDLE,Gnar,Hwei,1.0,1
MIDDLE,Hwei,Gnar,0.0,1
MIDDLE,Vayne,Malzahar,1.0,1
MIDDLE,Malzahar,Vayne,0.0,1
TOP,TahmKench,Gangplank,0.5,2
TOP,Gangplank,TahmKench,0.5,2
UTILITY,Alistar,Sion,1.0,4
UTILITY,Sion,Alistar,0.0,4
TOP,Riven,Leblanc,0.3333333333333333,3
TOP,Leblanc,Riven,0.6666666666666666,3
UTILITY,Rakan,Syndra,0.0,1
UTILITY,Syndra,Rakan,1.0,1
JUNGLE,Jax,Karthus,0.0,1
JUNGLE,Karthus,Jax,1.0,1
TOP,Soraka,Yorick,0.0,1
TOP,Yorick,Soraka,1.0,1
MIDDLE,Vayne,Azir,1.0,1
MIDDLE,Azir,Vayne,0.0,1
BOTTOM,Heimerdinger,AurelionSol,0.5,2
BOTTOM,AurelionSol,Heimerdinger,0.5,2
TOP,Yorick,Yone,0.25,8
TOP,Yone,Yorick,0.75,8
BOTTOM,Kaisa,Akshan,0.0,2
BOTTOM,Akshan,Kaisa,1.0,2
MIDDLE,Gangplank,Yasuo,0.3333333333333333,3
MIDDLE,Yasuo,Gangplank,0.6666666666666666,3
BOTTOM,Lucian,Anivia,1.0,2
BOTTOM,Anivia,Lucian,0.0,2
MIDDLE,Urgot,Yasuo,0.0,1
MIDDLE,Yasuo,Urgot,1.0,1
JUNGLE,Teemo,Malzahar,0.0,1
JUNGLE,Malzahar,Teemo,1.0,1
BOTTOM,Lucian,Pyke,1.0,1
BOTTOM,Pyke,Lucian,0.0,1
MIDDLE,Twitch,Lux,1.0,1
MIDDLE,Lux,Twitch,0.0,1
JUNGLE,Viego,Vayne,0.4,5
JUNGLE,Vayne,Viego,0.6,5
BOTTOM,Jinx,Qiyana,0.0,1
BOTTOM,Qiyana,Jinx,1.0,1
TOP,Quinn,Janna,0.0,1
TOP,Janna,Quinn,1.0,1
BOTTOM,Sion,Kaisa,0.0,1
BOTTOM,Kaisa,Sion,1.0,1
MIDDLE,Vayne,Darius,0.0,1
MIDDLE,Darius,Vayne,1.0,1
TOP,Kennen,Akali,0.5,6
TOP,Akali,Kennen,0.5,6
MIDDLE,Yasuo,Twitch,1.0,1
MIDDLE,Twitch,Yasuo,0.0,1
MIDDLE,Irelia,Nautilus,0.0,1
MIDDLE,Nautilus,Irelia,1.0,1
TOP,Cassiopeia,Yunara,0.0,1
TOP,Yunara,Cassiopeia,1.0,1
UTILITY,Alistar,Kennen,0.0,2
UTILITY,Kennen,Alistar,1.0,2
MIDDLE,Aurora,Twitch,0.5,2
MIDDLE,Twitch,Aurora,0.5,2
UTILITY,Camille,Varus,0.0,1
UTILITY,Varus,Camille,1.0,1
TOP,Chogath,Ashe,1.0,1
TOP,Ashe,Chogath,0.0,1
TOP,Skarner,Velkoz,0.0,1
TOP,Velkoz,Skarner,1.0,1
MIDDLE,Naafiri,Lucian,1.0,1
MIDDLE,Lucian,Naafiri,0.0,1
TOP,Pantheon,Ryze,0.5,2
TOP,Ryze,Pantheon,0.5,2
UTILITY,Rakan,Gragas,0.5,2
UTILITY,Gragas,Rakan,0.5,2
MIDDLE,Galio,Veigar,0.6,5
MIDDLE,Veigar,Galio,0.4,5
MIDDLE,Syndra,Heimerdinger,1.0,2
MIDDLE,Heimerdinger,Syndra,0.0,2
MIDDLE,Cassiopeia,Mel,0.5,2
MIDDLE,Mel,Cassiopeia,0.5,2
MIDDLE,Hwei,DrMundo,0.5,2
MIDDLE,DrMundo,Hwei,0.5,2
BOTTOM,Ezreal,Garen,0.0,1
BOTTOM,Garen,Ezreal,1.0,1
MIDDLE,Nasus,Diana,1.0,2
MIDDLE,Diana,Nasus,0.0,2
JUNGLE,Evelynn,Gnar,1.0,1
JUNGLE,Gnar,Evelynn,0.0,1
MIDDLE,Darius,Aurora,1.0,1
MIDDLE,Aurora,Darius,0.0,1
TOP,Mel,MasterYi,1.0,1
TOP,MasterYi,Mel,0.0,1
MIDDLE,DrMundo,Yasuo,1.0,1
MIDDLE,Yasuo,DrMundo,0.0,1
TOP,Janna,Tryndamere,1.0,1
TOP,Tryndamere,Janna,0.0,1
TOP,Smolder,Renekton,0.3333333333333333,3
TOP,Renekton,Smolder,0.6666666666666666,3
UTILITY,Galio,TahmKench,1.0,1
UTILITY,TahmKench,Galio,0.0,1
MIDDLE,AurelionSol,Kayle,0.5,2
MIDDLE,Kayle,AurelionSol,0.5,2
JUNGLE,Aatrox,Gwen,0.3333333333333333,3
JUNGLE,Gwen,Aatrox,0.6666666666666666,3
BOTTOM,Belveth,Xayah,0.0,1
BOTTOM,Xayah,Belveth,1.0,1
JUNGLE,Elise,Rammus,0.0,1
JUNGLE,Rammus,Elise,1.0,1
UTILITY,Leona,Heimerdinger,0.5,2
UTILITY,Heimerdinger,Leona,0.5,2
BOTTOM,Akshan,Lucian,0.6666666666666666,3
BOTTOM,Lucian,Akshan,0.3333333333333333,3
TOP,Jayce,Leblanc,0.6666666666666666,3
TOP,Leblanc,Jayce,0.3333333333333333,3
BOTTOM,Syndra,Draven,0.4,5
BOTTOM,Draven,Syndra,0.6,5
BOTTOM,Aphelios,Zyra,0.5,2
BOTTOM,Zyra,Aphelios,0.5,2
UTILITY,Nautilus,Ornn,0.0,1
UTILITY,Ornn,Nautilus,1.0,1
UTILITY,Jhin,Rell,0.0,1
UTILITY,Rell,Jhin,1.0,1
UTILITY,Janna,Zyra,0.0,3
UTILITY,Zyra,Janna,1.0,3
UTILITY,Shen,Blitzcrank,0.0,2
UTILITY,Blitzcrank,Shen,1.0,2
JUNGLE,Trundle,Sejuani,0.5,2
JUNGLE,Sejuani,Trundle,0.5,2
TOP,Gwen,Vayne,0.25,4
TOP,Vayne,Gwen,0.75,4
UTILITY,Blitzcrank,Leblanc,0.5,2
UTILITY,Leblanc,Blitzcrank,0.5,2
TOP,Viktor,Kennen,1.0,1
TOP,Kennen,Viktor,0.0,1
UTILITY,Nasus,Lulu,0.5,2
UTILITY,Lulu,Nasus,0.5,2
TOP,Mordekaiser,Olaf,0.2222222222222222,9
TOP,Olaf,Mordekaiser,0.7777777777777778,9
TOP,Karma,Renekton,0.75,4
TOP,Renekton,Karma,0.25,4
JUNGLE,Vayne,Sion,1.0,1
JUNGLE,Sion,Vayne,0.0,1
MIDDLE,Nasus,Teemo,1.0,1
MIDDLE,Teemo,Nasus,0.0,1
JUNGLE,Zed,Naafiri,0.5714285714285714,7
JUNGLE,Naafiri,Zed,0.42857142857142855,7
BOTTOM,Yasuo,Tristana,0.5,8
BOTTOM,Tristana,Yasuo,0.5,8
JUNGLE,Kayle,Nidalee,0.5,2
JUNGLE,Nidalee,Kayle,0.5,2
TOP,Fiora,Graves,1.0,1
TOP,Graves,Fiora,0.0,1
BOTTOM,Sion,Velkoz,0.5,2
BOTTOM,Velkoz,Sion,0.5,2
BOTTOM,Ashe,Fiora,0.2,5
BOTTOM,Fiora,Ashe,0.8,5
JUNGLE,Nocturne,Olaf,0.2,5
JUNGLE,Olaf,Nocturne,0.8,5
MIDDLE,Garen,Singed,0.0,1
MIDDLE,Singed,Garen,1.0,1
BOTTOM,Fiora,Ziggs,0.6666666666666666,3
BOTTOM,Ziggs,Fiora,0.3333333333333333,3
JUNGLE,Gnar,Ambessa,0.0,2
JUNGLE,Ambessa,Gnar,1.0,2
JUNGLE,Teemo,Aatrox,0.0,1
JUNGLE,Aatrox,Teemo,1.0,1
BOTTOM,Caitlyn,Yone,0.0,1
BOTTOM,Yone,Caitlyn,1.0,1
MIDDLE,TwistedFate,Singed,0.3333333333333333,3
MIDDLE,Singed,TwistedFate,0.6666666666666666,3
TOP,Volibear,LeeSin,0.0,2
TOP,LeeSin,Volibear,1.0,2
UTILITY,Shen,Poppy,1.0,1
UTILITY,Poppy,Shen,0.0,1
TOP,Gragas,Jhin,0.0,1
TOP,Jhin,Gragas,1.0,1
BOTTOM,Yasuo,Viktor,0.2,5
BOTTOM,Viktor,Yasuo,0.8,5
MIDDLE,Zed,Renekton,0.0,2
MIDDLE,Renekton,Zed,1.0,2
JUNGLE,Shen,Nunu,0.5,2
JUNGLE,Nunu,Shen,0.5,2
MIDDLE,Ambessa,Zoe,1.0,1
MIDDLE,Zoe,Ambessa,0.0,1
TOP,Shen,Veigar,1.0,2
TOP,Veigar,Shen,0.0,2
JUNGLE,Riven,Zed,1.0,1
JUNGLE,Zed,Riven,0.0,1
MIDDLE,Leblanc,Poppy,1.0,2
MIDDLE,Poppy,Leblanc,0.0,2
UTILITY,Nami,Zaahen,1.0,1
UTILITY,Zaahen,Nami,0.0,1
MIDDLE,Darius,Viktor,0.0,1
MIDDLE,Viktor,Darius,1.0,1
UTILITY,Anivia,Velkoz,0.5,2
UTILITY,Velkoz,Anivia,0.5,2
JUNGLE,Lillia,Neeko,0.0,1
JUNGLE,Neeko,Lillia,1.0,1
JUNGLE,JarvanIV,Gragas,0.4,5
JUNGLE,Gragas,JarvanIV,0.6,5
TOP,Ryze,Gnar,0.4,5
TOP,Gnar,Ryze,0.6,5
JUNGLE,Shen,Skarner,0.3333333333333333,3
JUNGLE,Skarner,Shen,0.6666666666666666,3
TOP,Briar,Varus,1.0,1
TOP,Varus,Briar,0.0,1
JUNGLE,Nasus,Ivern,0.6666666666666666,3
JUNGLE,Ivern,Nasus,0.3333333333333333,3
TOP,Riven,Swain,0.6666666666666666,3
TOP,Swain,Riven,0.3333333333333333,3
MIDDLE,Akali,Karthus,0.6666666666666666,3
MIDDLE,Karthus,Akali,0.3333333333333333,3
JUNGLE,Zyra,Brand,0.0,4
JUNGLE,Brand,Zyra,1.0,4
MIDDLE,Chogath,Yasuo,0.6666666666666666,6
MIDDLE,Yasuo,Chogath,0.3333333333333333,6
JUNGLE,Kindred,Shaco,0.1,10
JUNGLE,Shaco,Kindred,0.9,10
MIDDLE,Irelia,Heimerdinger,0.0,1
MIDDLE,Heimerdinger,Irelia,1.0,1
JUNGLE,Hecarim,Nocturne,0.75,8
JUNGLE,Nocturne,Hecarim,0.25,8
TOP,Shen,Teemo,0.5,4
TOP,Teemo,Shen,0.5,4
TOP,KSante,Mordekaiser,0.6,5
TOP,Mordekaiser,KSante,0.4,5
BOTTOM,Swain,Karthus,0.25,4
BOTTOM,Karthus,Swain,0.75,4
JUNGLE,FiddleSticks,Morgana,0.0,2
JUNGLE,Morgana,FiddleSticks,1.0,2
MIDDLE,Taliyah,Talon,0.0,1
MIDDLE,Talon,Taliyah,1.0,1
TOP,Zaahen,Urgot,0.0,2
TOP,Urgot,Zaahen,1.0,2
TOP,Darius,Akshan,0.5,4
TOP,Akshan,Darius,0.5,4
TOP,Malphite,Zyra,0.5,2
TOP,Zyra,Malphite,0.5,2
JUNGLE,Warwick,Nunu,1.0,1
JUNGLE,Nunu,Warwick,0.0,1
BOTTOM,Jhin,Zilean,0.0,3
BOTTOM,Zilean,Jhin,1.0,3
BOTTOM,Vladimir,AurelionSol,0.5,4
BOTTOM,AurelionSol,Vladimir,0.5,4
MIDDLE,Hwei,Singed,0.5,4
MIDDLE,Singed,Hwei,0.5,4
TOP,Darius,Shyvana,0.14285714285714285,7
TOP,Shyvana,Darius,0.8571428571428571,7
UTILITY,RekSai,Karma,0.0,1
UTILITY,Karma,RekSai,1.0,1
JUNGLE,Lillia,Briar,0.5,4
JUNGLE,Briar,Lillia,0.5,4
MIDDLE,Ezreal,Taliyah,0.6,5
MIDDLE,Taliyah,Ezreal,0.4,5
JUNGLE,Briar,FiddleSticks,0.3333333333333333,6
JUNGLE,FiddleSticks,Briar,0.6666666666666666,6
UTILITY,Mel,Neeko,1.0,2
UTILITY,Neeko,Mel,0.0,2
MIDDLE,TwistedFate,Fizz,0.875,8
MIDDLE,Fizz,TwistedFate,0.125,8
TOP,Sett,Illaoi,1.0,2
TOP,Illaoi,Sett,0.0,2
MIDDLE,Kaisa,Taliyah,0.5,2
MIDDLE,Taliyah,Kaisa,0.5,2
JUNGLE,FiddleSticks,Evelynn,0.5,4
JUNGLE,Evelynn,FiddleSticks,0.5,4
MIDDLE,KSante,Qiyana,0.3333333333333333,3
MIDDLE,Qiyana,KSante,0.6666666666666666,3
MIDDLE,Diana,Viktor,0.5454545454545454,11
MIDDLE,Viktor,Diana,0.45454545454545453,11
MIDDLE,Akshan,Velkoz,0.6666666666666666,6
MIDDLE,Velkoz,Akshan,0.3333333333333333,6
TOP,Karthus,Gnar,1.0,1
TOP,Gnar,Karthus,0.0,1
MIDDLE,Twitch,Ahri,0.5,2
MIDDLE,Ahri,Twitch,0.5,2
UTILITY,Maokai,Lux,0.3333333333333333,3
UTILITY,Lux,Maokai,0.6666666666666666,3
TOP,KSante,Viego,1.0,1
TOP,Viego,KSante,0.0,1
MIDDLE,Sylas,Naafiri,0.8333333333333334,6
MIDDLE,Naafiri,Sylas,0.16666666666666666,6
TOP,Garen,Lissandra,1.0,3
TOP,Lissandra,Garen,0.0,3
UTILITY,TahmKench,Renata,1.0,2
UTILITY,Renata,TahmKench,0.0,2
MIDDLE,Akshan,Fizz,0.5714285714285714,7
MIDDLE,Fizz,Akshan,0.42857142857142855,7
UTILITY,Brand,Taric,0.0,2
UTILITY,Taric,Brand,1.0,2
TOP,Aphelios,Varus,0.0,1
TOP,Varus,Aphelios,1.0,1
TOP,Singed,Mordekaiser,0.75,4
TOP,Mordekaiser,Singed,0.25,4
UTILITY,Poppy,Gragas,0.5,2
UTILITY,Gragas,Poppy,0.5,2
JUNGLE,LeeSin,Volibear,1.0,2
JUNGLE,Volibear,LeeSin,0.0,2
TOP,Shen,Kayn,0.0,1
TOP,Kayn,Shen,1.0,1
MIDDLE,Veigar,Brand,0.0,2
MIDDLE,Brand,Veigar,1.0,2
MIDDLE,Ornn,Akshan,1.0,2
MIDDLE,Akshan,Ornn,0.0,2
JUNGLE,Sejuani,Malzahar,1.0,1
JUNGLE,Malzahar,Sejuani,0.0,1
TOP,Irelia,Zilean,0.75,4
TOP,Zilean,Irelia,0.25,4
JUNGLE,Rammus,Jax,0.0,1
JUNGLE,Jax,Rammus,1.0,1
UTILITY,KogMaw,Blitzcrank,1.0,1
UTILITY,Blitzcrank,KogMaw,0.0,1
TOP,TahmKench,Aatrox,0.0,2
TOP,Aatrox,TahmKench,1.0,2
UTILITY,Shen,Nautilus,0.4,5
UTILITY,Nautilus,Shen,0.6,5
MIDDLE,Gangplank,Fizz,1.0,1
MIDDLE,Fizz,Gangplank,0.0,1
JUNGLE,MonkeyKing,Diana,0.5,14
JUNGLE,Diana,MonkeyKing,0.5,14
MIDDLE,Malzahar,Akshan,0.3333333333333333,3
MIDDLE,Akshan,Malzahar,0.6666666666666666,3
TOP,KogMaw,Volibear,1.0,2
TOP,Volibear,KogMaw,0.0,2
MIDDLE,Yorick,Viktor,0.0,1
MIDDLE,Viktor,Yorick,1.0,1
TOP,Poppy,Singed,0.375,8
TOP,Singed,Poppy,0.625,8
MIDDLE,RekSai,Azir,1.0,1
MIDDLE,Azir,RekSai,0.0,1
BOTTOM,Kaisa,Brand,0.4230769230769231,26
BOTTOM,Brand,Kaisa,0.5769230769230769,26
UTILITY,Soraka,Ashe,0.0,1
UTILITY,Ashe,Soraka,1.0,1
UTILITY,Bard,Zyra,0.5,8
UTILITY,Zyra,Bard,0.5,8
TOP,Ornn,Ezreal,0.0,3
TOP,Ezreal,Ornn,1.0,3
JUNGLE,Belveth,Zaahen,0.5,2
JUNGLE,Zaahen,Belveth,0.5,2
TOP,Akali,Nasus,0.6666666666666666,3
TOP,Nasus,Akali,0.3333333333333333,3
TOP,Sion,Poppy,0.6,5
TOP,Poppy,Sion,0.4,5
TOP,Urgot,DrMundo,0.5,2
TOP,DrMundo,Urgot,0.5,2
MIDDLE,Annie,Kayle,0.2,5
MIDDLE,Kayle,Annie,0.8,5
TOP,Jax,Sylas,0.16666666666666666,6
TOP,Sylas,Jax,0.8333333333333334,6
MIDDLE,Ahri,Heimerdinger,0.75,4
MIDDLE,Heimerdinger,Ahri,0.25,4
TOP,Hwei,Gragas,1.0,1
TOP,Gragas,Hwei,0.0,1
TOP,Fiora,MonkeyKing,1.0,1
TOP,MonkeyKing,Fiora,0.0,1
JUNGLE,Olaf,Diana,0.0,5
JUNGLE,Diana,Olaf,1.0,5
MIDDLE,Annie,Malphite,0.0,1
MIDDLE,Malphite,Annie,1.0,1
MIDDLE,Xerath,Yasuo,0.8571428571428571,7
MIDDLE,Yasuo,Xerath,0.14285714285714285,7
TOP,Riven,Kaisa,0.0,1
TOP,Kaisa,Riven,1.0,1
JUNGLE,Malphite,Ekko,0.0,1
JUNGLE,Ekko,Malphite,1.0,1
JUNGLE,Evelynn,Zed,0.75,4
JUNGLE,Zed,Evelynn,0.25,4
MIDDLE,Cassiopeia,Irelia,0.75,8
MIDDLE,Irelia,Cassiopeia,0.25,8
MIDDLE,Ziggs,Taliyah,1.0,1
MIDDLE,Taliyah,Ziggs,0.0,1
TOP,Teemo,Irelia,0.75,4
TOP,Irelia,Teemo,0.25,4
BOTTOM,Katarina,Kalista,0.2,5
BOTTOM,Kalista,Katarina,0.8,5
MIDDLE,AurelionSol,Chogath,0.0,1
MIDDLE,Chogath,AurelionSol,1.0,1
MIDDLE,Ezreal,Orianna,0.4,5
MIDDLE,Orianna,Ezreal,0.6,5
MIDDLE,Veigar,Vladimir,0.75,4
MIDDLE,Vladimir,Veigar,0.25,4
TOP,Chogath,Mordekaiser,0.6666666666666666,3
TOP,Mordekaiser,Chogath,0.3333333333333333,3
TOP,Olaf,Kled,0.16666666666666666,6
TOP,Kled,Olaf,0.8333333333333334,6
TOP,Zac,Akshan,0.0,2
TOP,Akshan,Zac,1.0,2
BOTTOM,Jinx,Brand,0.6428571428571429,14
BOTTOM,Brand,Jinx,0.35714285714285715,14
JUNGLE,Zac,Rengar,0.5714285714285714,7
JUNGLE,Rengar,Zac,0.42857142857142855,7
BOTTOM,Vayne,Smolder,0.25,20
BOTTOM,Smolder,Vayne,0.75,20
TOP,Ornn,FiddleSticks,1.0,4
TOP,FiddleSticks,Ornn,0.0,4
TOP,TahmKench,Vayne,1.0,2
TOP,Vayne,TahmKench,0.0,2
BOTTOM,Twitch,Vayne,0.4,5
BOTTOM,Vayne,Twitch,0.6,5
UTILITY,Yuumi,Lux,0.5,4
UTILITY,Lux,Yuumi,0.5,4
JUNGLE,Trundle,Talon,0.0,1
JUNGLE,Talon,Trundle,1.0,1
JUNGLE,Karthus,Evelynn,0.2,5
JUNGLE,Evelynn,Karthus,0.8,5
MIDDLE,Kennen,Ivern,0.0,1
MIDDLE,Ivern,Kennen,1.0,1
MIDDLE,Velkoz,Brand,1.0,1
MIDDLE,Brand,Velkoz,0.0,1
TOP,AurelionSol,Mordekaiser,1.0,1
TOP,Mordekaiser,AurelionSol,0.0,1
UTILITY,Renata,Shaco,0.6666666666666666,3
UTILITY,Shaco,Renata,0.3333333333333333,3
MIDDLE,Kayle,Katarina,0.0,2
MIDDLE,Katarina,Kayle,1.0,2
TOP,Shen,Nasus,0.25,4
TOP,Nasus,Shen,0.75,4
TOP,Nasus,Riven,0.0,2
TOP,Riven,Nasus,1.0,2
BOTTOM,Brand,Tristana,0.3,10
BOTTOM,Tristana,Brand,0.7,10
JUNGLE,Zed,Rammus,0.0,1
JUNGLE,Rammus,Zed,1.0,1
TOP,Yasuo,Yorick,0.6666666666666666,3
TOP,Yorick,Yasuo,0.3333333333333333,3
MIDDLE,Quinn,Smolder,0.6666666666666666,3
MIDDLE,Smolder,Quinn,0.3333333333333333,3
TOP,Urgot,Zilean,0.0,1
TOP,Zilean,Urgot,1.0,1
TOP,Jax,Heimerdinger,0.5,2
TOP,Heimerdinger,Jax,0.5,2
UTILITY,Nami,Zac,0.6666666666666666,3
UTILITY,Zac,Nami,0.3333333333333333,3
UTILITY,Milio,Zyra,0.3333333333333333,3
UTILITY,Zyra,Milio,0.6666666666666666,3
TOP,Malzahar,Singed,0.3333333333333333,3
TOP,Singed,Malzahar,0.6666666666666666,3
UTILITY,Ashe,Velkoz,0.0,2
UTILITY,Velkoz,Ashe,1.0,2
TOP,Mordekaiser,Renekton,0.625,8
TOP,Renekton,Mordekaiser,0.375,8
TOP,Kayle,Teemo,0.75,4
TOP,Teemo,Kayle,0.25,4
TOP,Ahri,Irelia,0.5,2
TOP,Irelia,Ahri,0.5,2
TOP,Jax,Zac,0.5,2
TOP,Zac,Jax,0.5,2
MIDDLE,Rakan,Zoe,1.0,1
MIDDLE,Zoe,Rakan,0.0,1
TOP,Illaoi,Mordekaiser,0.75,4
TOP,Mordekaiser,Illaoi,0.25,4
JUNGLE,LeeSin,Rumble,0.5,4
JUNGLE,Rumble,LeeSin,0.5,4
JUNGLE,Amumu,Elise,0.0,1
JUNGLE,Elise,Amumu,1.0,1
UTILITY,Sejuani,Nami,0.0,1
UTILITY,Nami,Sejuani,1.0,1
MIDDLE,Pantheon,Zed,0.6,5
MIDDLE,Zed,Pantheon,0.4,5
MIDDLE,Karma,Ezreal,0.0,1
MIDDLE,Ezreal,Karma,1.0,1
TOP,Vayne,Yorick,0.7142857142857143,7
TOP,Yorick,Vayne,0.2857142857142857,7
MIDDLE,Leblanc,Brand,1.0,2
MIDDLE,Brand,Leblanc,0.0,2
UTILITY,Zac,Milio,0.0,2
UTILITY,Milio,Zac,1.0,2
TOP,Tryndamere,Ornn,0.3333333333333333,12
TOP,Ornn,Tryndamere,0.6666666666666666,12
BOTTOM,Teemo,Kaisa,0.0,1
BOTTOM,Kaisa,Teemo,1.0,1
UTILITY,Velkoz,Mel,0.0,1
UTILITY,Mel,Velkoz,1.0,1
MIDDLE,RekSai,Katarina,0.0,1
MIDDLE,Katarina,RekSai,1.0,1
TOP,Brand,Pantheon,1.0,5
TOP,Pantheon,Brand,0.0,5
JUNGLE,Nunu,Sejuani,0.2,5
JUNGLE,Sejuani,Nunu,0.8,5
UTILITY,Amumu,Lux,0.5,2
UTILITY,Lux,Amumu,0.5,2
JUNGLE,Rengar,Khazix,0.7142857142857143,14
JUNGLE,Khazix,Rengar,0.2857142857142857,14
JUNGLE,Warwick,Shaco,0.5,2
JUNGLE,Shaco,Warwick,0.5,2
BOTTOM,Ahri,AurelionSol,0.0,1
BOTTOM,AurelionSol,Ahri,1.0,1
JUNGLE,Nunu,FiddleSticks,0.5,2
JUNGLE,FiddleSticks,Nunu,0.5,2
UTILITY,Velkoz,Ezreal,1.0,1
UTILITY,Ezreal,Velkoz,0.0,1
MIDDLE,Lux,Vex,1.0,2
MIDDLE,Vex,Lux,0.0,2
JUNGLE,Nocturne,Neeko,0.0,1
JUNGLE,Neeko,Nocturne,1.0,1
MIDDLE,Vex,Akshan,0.25,8
MIDDLE,Akshan,Vex,0.75,8
BOTTOM,MissFortune,Vladimir,0.0,2
BOTTOM,Vladimir,MissFortune,1.0,2
TOP,Neeko,Gwen,0.0,1
TOP,Gwen,Neeko,1.0,1
BOTTOM,Taliyah,Xayah,0.0,1
BOTTOM,Xayah,Taliyah,1.0,1
JUNGLE,Kayn,Kindred,0.4444444444444444,9
JUNGLE,Kindred,Kayn,0.5555555555555556,9
MIDDLE,Seraphine,Ezreal,1.0,1
MIDDLE,Ezreal,Seraphine,0.0,1
BOTTOM,Brand,Vayne,1.0,4
BOTTOM,Vayne,Brand,0.0,4
JUNGLE,Lillia,Morgana,1.0,1
JUNGLE,Morgana,Lillia,0.0,1
MIDDLE,Malzahar,Ambessa,0.0,1
MIDDLE,Ambessa,Malzahar,1.0,1
TOP,Anivia,Brand,0.3333333333333333,3
TOP,Brand,Anivia,0.6666666666666666,3
TOP,Kennen,Anivia,0.4,5
TOP,Anivia,Kennen,0.6,5
UTILITY,LeeSin,Braum,1.0,1
UTILITY,Braum,LeeSin,0.0,1
JUNGLE,Belveth,Shaco,0.8,10
JUNGLE,Shaco,Belveth,0.2,10
TOP,Sion,Kaisa,0.4,5
TOP,Kaisa,Sion,0.6,5
TOP,Vayne,Morgana,0.0,1
TOP,Morgana,Vayne,1.0,1
UTILITY,Sona,Amumu,0.0,1
UTILITY,Amumu,Sona,1.0,1
MIDDLE,Kayle,Brand,1.0,2
MIDDLE,Brand,Kayle,0.0,2
TOP,Smolder,Jax,0.5,2
TOP,Jax,Smolder,0.5,2
TOP,Mordekaiser,FiddleSticks,1.0,1
TOP,FiddleSticks,Mordekaiser,0.0,1
JUNGLE,DrMundo,Chogath,1.0,1
JUNGLE,Chogath,DrMundo,0.0,1
TOP,Warwick,Urgot,0.6666666666666666,3
TOP,Urgot,Warwick,0.3333333333333333,3
TOP,Yone,Kennen,0.3333333333333333,3
TOP,Kennen,Yone,0.6666666666666666,3
JUNGLE,Trundle,Graves,0.25,4
JUNGLE,Graves,Trundle,0.75,4
TOP,Kled,Gwen,0.25,4
TOP,Gwen,Kled,0.75,4
TOP,Rumble,Warwick,0.3333333333333333,3
TOP,Warwick,Rumble,0.6666666666666666,3
UTILITY,Nidalee,Rakan,0.0,1
UTILITY,Rakan,Nidalee,1.0,1
JUNGLE,Vi,Mordekaiser,1.0,2
JUNGLE,Mordekaiser,Vi,0.0,2
TOP,Udyr,Yorick,1.0,2
TOP,Yorick,Udyr,0.0,2
MIDDLE,Taliyah,Velkoz,0.5,2
MIDDLE,Velkoz,Taliyah,0.5,2
JUNGLE,FiddleSticks,Zed,1.0,1
JUNGLE,Zed,FiddleSticks,0.0,1
MIDDLE,Chogath,Kassadin,1.0,3
MIDDLE,Kassadin,Chogath,0.0,3
BOTTOM,Veigar,Twitch,0.0,2
BOTTOM,Twitch,Veigar,1.0,2
UTILITY,Darius,Zyra,0.0,1
UTILITY,Zyra,Darius,1.0,1
MIDDLE,Talon,Gwen,0.5,2
MIDDLE,Gwen,Talon,0.5,2
TOP,Zeri,Vayne,1.0,2
TOP,Vayne,Zeri,0.0,2
JUNGLE,Belveth,Morgana,0.0,1
JUNGLE,Morgana,Belveth,1.0,1
TOP,Tryndamere,Quinn,1.0,1
TOP,Quinn,Tryndamere,0.0,1
MIDDLE,Zilean,Jayce,0.5,2
MIDDLE,Jayce,Zilean,0.5,2
UTILITY,Jhin,Karma,0.0,1
UTILITY,Karma,Jhin,1.0,1
TOP,Akali,XinZhao,0.6666666666666666,6
TOP,XinZhao,Akali,0.3333333333333333,6
BOTTOM,Karthus,Annie,1.0,2
BOTTOM,Annie,Karthus,0.0,2
MIDDLE,KSante,Jayce,0.5,2
MIDDLE,Jayce,KSante,0.5,2
MIDDLE,Kassadin,Xerath,1.0,3
MIDDLE,Xerath,Kassadin,0.0,3
TOP,Shyvana,Gnar,0.3333333333333333,3
TOP,Gnar,Shyvana,0.6666666666666666,3
MIDDLE,Gragas,Aurora,0.0,3
MIDDLE,Aurora,Gragas,1.0,3
TOP,Malphite,Poppy,0.75,4
TOP,Poppy,Malphite,0.25,4
JUNGLE,Riven,Hecarim,0.5,2
JUNGLE,Hecarim,Riven,0.5,2
TOP,Gangplank,Gragas,0.6666666666666666,6
TOP,Gragas,Gangplank,0.3333333333333333,6
TOP,Gangplank,Riven,0.6363636363636364,11
TOP,Riven,Gangplank,0.36363636363636365,11
TOP,Vladimir,Yasuo,0.2857142857142857,7
TOP,Yasuo,Vladimir,0.7142857142857143,7
MIDDLE,Ezreal,Ahri,0.375,8
MIDDLE,Ahri,Ezreal,0.625,8
TOP,KogMaw,Anivia,0.5,2
TOP,Anivia,KogMaw,0.5,2
TOP,Camille,Zed,0.75,4
TOP,Zed,Camille,0.25,4
MIDDLE,Akali,XinZhao,0.8181818181818182,11
MIDDLE,XinZhao,Akali,0.18181818181818182,11
UTILITY,LeeSin,Alistar,0.0,2
UTILITY,Alistar,LeeSin,1.0,2
MIDDLE,Rumble,Lux,0.0,1
MIDDLE,Lux,Rumble,1.0,1
TOP,Sejuani,Gwen,0.0,1
TOP,Gwen,Sejuani,1.0,1
UTILITY,Milio,Darius,0.0,1
UTILITY,Darius,Milio,1.0,1
TOP,Janna,Karthus,1.0,1
TOP,Karthus,Janna,0.0,1
MIDDLE,Viktor,Zilean,0.3333333333333333,6
MIDDLE,Zilean,Viktor,0.6666666666666666,6
TOP,Anivia,Naafiri,0.5,4
TOP,Naafiri,Anivia,0.5,4
BOTTOM,Draven,Chogath,0.0,1
BOTTOM,Chogath,Draven,1.0,1
BOTTOM,Brand,Aphelios,0.7142857142857143,7
BOTTOM,Aphelios,Brand,0.2857142857142857,7
JUNGLE,Kayle,JarvanIV,0.0,1
JUNGLE,JarvanIV,Kayle,1.0,1
MIDDLE,Annie,Talon,0.75,4
MIDDLE,Talon,Annie,0.25,4
UTILITY,Maokai,Kayle,0.0,1
UTILITY,Kayle,Maokai,1.0,1
TOP,Brand,Udyr,1.0,1
TOP,Udyr,Brand,0.0,1
MIDDLE,Mel,Brand,0.6666666666666666,3
MIDDLE,Brand,Mel,0.3333333333333333,3
BOTTOM,Seraphine,Syndra,0.6666666666666666,3
BOTTOM,Syndra,Seraphine,0.3333333333333333,3
JUNGLE,Kindred,Fizz,1.0,3
JUNGLE,Fizz,Kindred,0.0,3
TOP,Cassiopeia,Olaf,0.5,10
TOP,Olaf,Cassiopeia,0.5,10
JUNGLE,Hecarim,Warwick,0.6666666666666666,3
JUNGLE,Warwick,Hecarim,0.3333333333333333,3
MIDDLE,Annie,Kaisa,0.0,1
MIDDLE,Kaisa,Annie,1.0,1
UTILITY,Brand,Milio,0.0,2
UTILITY,Milio,Brand,1.0,2
MIDDLE,Cassiopeia,Velkoz,0.4,5
MIDDLE,Velkoz,Cassiopeia,0.6,5
JUNGLE,Naafiri,Udyr,0.4666666666666667,15
JUNGLE,Udyr,Naafiri,0.5333333333333333,15
UTILITY,Brand,Pyke,0.75,4
UTILITY,Pyke,Brand,0.25,4
TOP,Brand,Ambessa,0.5,2
TOP,Ambessa,Brand,0.5,2
UTILITY,Zilean,Hwei,0.0,1
UTILITY,Hwei,Zilean,1.0,1
MIDDLE,Lux,Cassiopeia,0.4,5
MIDDLE,Cassiopeia,Lux,0.6,5
MIDDLE,Katarina,Ezreal,1.0,3
MIDDLE,Ezreal,Katarina,0.0,3
MIDDLE,Hwei,Naafiri,0.16666666666666666,6
MIDDLE,Naafiri,Hwei,0.8333333333333334,6
BOTTOM,Vayne,Kennen,0.0,1
BOTTOM,Kennen,Vayne,1.0,1
JUNGLE,Briar,Elise,0.16666666666666666,6
JUNGLE,Elise,Briar,0.8333333333333334,6
TOP,Ornn,Kindred,1.0,1
TOP,Kindred,Ornn,0.0,1
UTILITY,Brand,Rakan,0.6,5
UTILITY,Rakan,Brand,0.4,5
TOP,DrMundo,Vladimir,0.4444444444444444,9
TOP,Vladimir,DrMundo,0.5555555555555556,9
MIDDLE,Viego,Annie,0.0,1
MIDDLE,Annie,Viego,1.0,1
TOP,Darius,Karma,0.5,2
TOP,Karma,Darius,0.5,2
JUNGLE,Hecarim,Brand,0.16666666666666666,6
JUNGLE,Brand,Hecarim,0.8333333333333334,6
MIDDLE,Tryndamere,Smolder,1.0,1
MIDDLE,Smolder,Tryndamere,0.0,1
TOP,Volibear,Cassiopeia,0.0,3
TOP,Cassiopeia,Volibear,1.0,3
TOP,TahmKench,Camille,1.0,2
TOP,Camille,TahmKench,0.0,2
TOP,Anivia,MasterYi,0.5,2
TOP,MasterYi,Anivia,0.5,2
MIDDLE,Akshan,Zac,0.0,1
MIDDLE,Zac,Akshan,1.0,1
UTILITY,Pantheon,Sylas,0.3333333333333333,6
UTILITY,Sylas,Pantheon,0.6666666666666666,6
TOP,Yasuo,Zac,0.0,1
TOP,Zac,Yasuo,1.0,1
JUNGLE,MasterYi,FiddleSticks,0.375,8
JUNGLE,FiddleSticks,MasterYi,0.625,8
BOTTOM,Samira,Chogath,1.0,1
BOTTOM,Chogath,Samira,0.0,1
JUNGLE,Udyr,Kindred,0.6,5
JUNGLE,Kindred,Udyr,0.4,5
TOP,XinZhao,Zaahen,0.5,4
TOP,Zaahen,XinZhao,0.5,4
MIDDLE,Tryndamere,Viktor,1.0,3
MIDDLE,Viktor,Tryndamere,0.0,3
TOP,Fiora,Quinn,0.0,2
TOP,Quinn,Fiora,1.0,2
MIDDLE,Fizz,Yasuo,0.5,6
MIDDLE,Yasuo,Fizz,0.5,6
TOP,Sett,Aatrox,1.0,2
TOP,Aatrox,Sett,0.0,2
MIDDLE,Fizz,Cassiopeia,0.5714285714285714,14
MIDDLE,Cassiopeia,Fizz,0.42857142857142855,14
JUNGLE,Camille,Naafiri,0.0,1
JUNGLE,Naafiri,Camille,1.0,1
MIDDLE,AurelionSol,Anivia,0.42857142857142855,7
MIDDLE,Anivia,AurelionSol,0.5714285714285714,7
UTILITY,Velkoz,Poppy,0.25,4
UTILITY,Poppy,Velkoz,0.75,4
TOP,Chogath,Udyr,0.5,2
TOP,Udyr,Chogath,0.5,2
MIDDLE,Zed,Singed,0.0,2
MIDDLE,Singed,Zed,1.0,2
TOP,Soraka,Irelia,1.0,1
TOP,Irelia,Soraka,0.0,1
TOP,Olaf,KogMaw,0.25,4
TOP,KogMaw,Olaf,0.75,4
JUNGLE,Trundle,Naafiri,0.5,4
JUNGLE,Naafiri,Trundle,0.5,4
TOP,Akali,Teemo,0.4444444444444444,9
TOP,Teemo,Akali,0.5555555555555556,9
JUNGLE,Teemo,Shaco,0.4,5
JUNGLE,Shaco,Teemo,0.6,5
MIDDLE,Akali,Ezreal,0.5,2
MIDDLE,Ezreal,Akali,0.5,2
MIDDLE,Urgot,Sion,0.0,1
MIDDLE,Sion,Urgot,1.0,1
TOP,Gangplank,Yunara,0.0,1
TOP,Yunara,Gangplank,1.0,1
UTILITY,Thresh,Brand,0.3333333333333333,3
UTILITY,Brand,Thresh,0.6666666666666666,3
MIDDLE,Kassadin,AurelionSol,0.3333333333333333,6
MIDDLE,AurelionSol,Kassadin,0.6666666666666666,6
TOP,Maokai,DrMundo,0.5,4
TOP,DrMundo,Maokai,0.5,4
UTILITY,Quinn,Janna,1.0,1
UTILITY,Janna,Quinn,0.0,1
TOP,Vladimir,Anivia,0.6,5
TOP,Anivia,Vladimir,0.4,5
BOTTOM,Smolder,Chogath,1.0,2
BOTTOM,Chogath,Smolder,0.0,2
MIDDLE,Ezreal,Leblanc,0.25,4
MIDDLE,Leblanc,Ezreal,0.75,4
JUNGLE,MonkeyKing,Shaco,0.5714285714285714,14
JUNGLE,Shaco,MonkeyKing,0.42857142857142855,14
MIDDLE,AurelionSol,TwistedFate,0.5,4
MIDDLE,TwistedFate,AurelionSol,0.5,4
MIDDLE,Lissandra,Fizz,0.75,8
MIDDLE,Fizz,Lissandra,0.25,8
UTILITY,Zyra,Renata,0.0,1
UTILITY,Renata,Zyra,1.0,1
TOP,Rumble,Jhin,1.0,1
TOP,Jhin,Rumble,0.0,1
MIDDLE,Nunu,Yone,0.5,4
MIDDLE,Yone,Nunu,0.5,4
TOP,Talon,Renekton,1.0,2
TOP,Renekton,Talon,0.0,2
TOP,Kayle,Orianna,1.0,1
TOP,Orianna,Kayle,0.0,1
MIDDLE,Katarina,KogMaw,1.0,7
MIDDLE,KogMaw,Katarina,0.0,7
TOP,Rumble,Chogath,0.6,5
TOP,Chogath,Rumble,0.4,5
BOTTOM,Fiora,MissFortune,0.3333333333333333,3
BOTTOM,MissFortune,Fiora,0.6666666666666666,3
UTILITY,Nidalee,Senna,0.25,4
UTILITY,Senna,Nidalee,0.75,4
UTILITY,Swain,Nidalee,0.0,1
UTILITY,Nidalee,Swain,1.0,1
JUNGLE,Rengar,Shyvana,0.75,8
JUNGLE,Shyvana,Rengar,0.25,8
TOP,Naafiri,Cassiopeia,0.6666666666666666,3
TOP,Cassiopeia,Naafiri,0.3333333333333333,3
TOP,Nasus,Illaoi,0.5,2
TOP,Illaoi,Nasus,0.5,2
TOP,Yone,Zoe,0.5714285714285714,7
TOP,Zoe,Yone,0.42857142857142855,7
UTILITY,Neeko,Heimerdinger,1.0,1
UTILITY,Heimerdinger,Neeko,0.0,1
TOP,Chogath,Ekko,1.0,1
TOP,Ekko,Chogath,0.0,1
UTILITY,Taric,TahmKench,0.5,2
UTILITY,TahmKench,Taric,0.5,2
TOP,XinZhao,Renekton,0.3333333333333333,6
TOP,Renekton,XinZhao,0.6666666666666666,6
TOP,Gwen,Tryndamere,1.0,2
TOP,Tryndamere,Gwen,0.0,2
TOP,Kayle,Mordekaiser,0.0,2
TOP,Mordekaiser,Kayle,1.0,2
TOP,Sion,Corki,0.5,2
TOP,Corki,Sion,0.5,2
JUNGLE,Darius,Hecarim,0.5,2
JUNGLE,Hecarim,Darius,0.5,2
UTILITY,Maokai,Zilean,0.6666666666666666,3
UTILITY,Zilean,Maokai,0.3333333333333333,3
MIDDLE,Malphite,Gangplank,1.0,1
MIDDLE,Gangplank,Malphite,0.0,1
TOP,Renekton,Akshan,1.0,1
TOP,Akshan,Renekton,0.0,1
UTILITY,Karma,Brand,1.0,6
UTILITY,Brand,Karma,0.0,6
TOP,Volibear,Gangplank,0.0,1
TOP,Gangplank,Volibear,1.0,1
TOP,TahmKench,Zilean,0.0,1
TOP,Zilean,TahmKench,1.0,1
JUNGLE,Shyvana,Lillia,0.5714285714285714,7
JUNGLE,Lillia,Shyvana,0.42857142857142855,7
TOP,Illaoi,RekSai,1.0,1
TOP,RekSai,Illaoi,0.0,1
TOP,Kennen,Varus,0.375,8
TOP,Varus,Kennen,0.625,8
MIDDLE,Ezreal,Sylas,0.5,2
MIDDLE,Sylas,Ezreal,0.5,2
TOP,Azir,Aurora,0.0,1
TOP,Aurora,Azir,1.0,1
TOP,Naafiri,Vladimir,0.5,2
TOP,Vladimir,Naafiri,0.5,2
MIDDLE,Yasuo,Renekton,0.36363636363636365,11
MIDDLE,Renekton,Yasuo,0.6363636363636364,11
TOP,Karma,Rumble,0.5,4
TOP,Rumble,Karma,0.5,4
UTILITY,Zyra,Seraphine,0.3333333333333333,3
UTILITY,Seraphine,Zyra,0.6666666666666666,3
TOP,Kassadin,Vladimir,0.5,2
TOP,Vladimir,Kassadin,0.5,2
TOP,Heimerdinger,XinZhao,0.0,2
TOP,XinZhao,Heimerdinger,1.0,2
JUNGLE,Khazix,Volibear,1.0,1
JUNGLE,Volibear,Khazix,0.0,1
MIDDLE,Ryze,Nunu,0.5,4
MIDDLE,Nunu,Ryze,0.5,4
MIDDLE,Annie,Karthus,0.75,4
MIDDLE,Karthus,Annie,0.25,4
MIDDLE,Zed,Garen,0.2,5
MIDDLE,Garen,Zed,0.8,5
TOP,MasterYi,Gangplank,0.0,1
TOP,Gangplank,MasterYi,1.0,1
TOP,Jax,Zed,0.3333333333333333,3
TOP,Zed,Jax,0.6666666666666666,3
TOP,Poppy,Warwick,0.0,1
TOP,Warwick,Poppy,1.0,1
UTILITY,Velkoz,Thresh,0.7272727272727273,11
UTILITY,Thresh,Velkoz,0.2727272727272727,11
MIDDLE,Kayle,Nasus,0.0,1
MIDDLE,Nasus,Kayle,1.0,1
TOP,Ornn,Leblanc,0.0,1
TOP,Leblanc,Ornn,1.0,1
JUNGLE,Nocturne,Gragas,0.0,2
JUNGLE,Gragas,Nocturne,1.0,2
MIDDLE,Ziggs,Naafiri,0.3333333333333333,3
MIDDLE,Naafiri,Ziggs,0.6666666666666666,3
MIDDLE,Gangplank,Zed,0.8,5
MIDDLE,Zed,Gangplank,0.2,5
TOP,XinZhao,Mordekaiser,1.0,1
TOP,Mordekaiser,XinZhao,0.0,1
TOP,Ashe,Vayne,0.5,2
TOP,Vayne,Ashe,0.5,2
BOTTOM,Samira,Mel,0.5,4
BOTTOM,Mel,Samira,0.5,4
JUNGLE,Nasus,Shaco,1.0,2
JUNGLE,Shaco,Nasus,0.0,2
UTILITY,Swain,Soraka,1.0,1
UTILITY,Soraka,Swain,0.0,1
MIDDLE,Neeko,Kassadin,0.0,2
MIDDLE,Kassadin,Neeko,1.0,2
MIDDLE,Syndra,Talon,0.4,5
MIDDLE,Talon,Syndra,0.6,5
TOP,MonkeyKing,Zaahen,0.5,2
TOP,Zaahen,MonkeyKing,0.5,2
UTILITY,Zyra,Leona,0.0,1
UTILITY,Leona,Zyra,1.0,1
JUNGLE,Zed,Ivern,0.42857142857142855,7
JUNGLE,Ivern,Zed,0.5714285714285714,7
MIDDLE,KogMaw,Talon,0.0,1
MIDDLE,Talon,KogMaw,1.0,1
JUNGLE,Belveth,Talon,0.5333333333333333,15
JUNGLE,Talon,Belveth,0.4666666666666667,15
TOP,Shyvana,Shen,0.0,2
TOP,Shen,Shyvana,1.0,2
UTILITY,MissFortune,Nami,0.0,1
UTILITY,Nami,MissFortune,1.0,1
TOP,Camille,Vladimir,0.5,4
TOP,Vladimir,Camille,0.5,4
JUNGLE,Elise,Zac,0.0,1
JUNGLE,Zac,Elise,1.0,1
MIDDLE,XinZhao,Sylas,0.8571428571428571,14
MIDDLE,Sylas,XinZhao,0.14285714285714285,14
MIDDLE,Kassadin,Sion,0.0,2
MIDDLE,Sion,Kassadin,1.0,2
BOTTOM,Cassiopeia,Kalista,0.5454545454545454,11
BOTTOM,Kalista,Cassiopeia,0.45454545454545453,11
JUNGLE,Rengar,Sett,0.0,1
JUNGLE,Sett,Rengar,1.0,1
MIDDLE,Ambessa,Syndra,0.3333333333333333,3
MIDDLE,Syndra,Ambessa,0.6666666666666666,3
MIDDLE,Quinn,KogMaw,1.0,1
MIDDLE,KogMaw,Quinn,0.0,1
TOP,Teemo,Gangplank,0.875,8
TOP,Gangplank,Teemo,0.125,8
TOP,DrMundo,Ahri,0.0,2
TOP,Ahri,DrMundo,1.0,2
JUNGLE,Elise,Sylas,0.6923076923076923,13
JUNGLE,Sylas,Elise,0.3076923076923077,13
TOP,Viktor,Urgot,1.0,1
TOP,Urgot,Viktor,0.0,1
BOTTOM,Vayne,Caitlyn,0.2,10
BOTTOM,Caitlyn,Vayne,0.8,10
BOTTOM,Vayne,Nilah,0.6666666666666666,3
BOTTOM,Nilah,Vayne,0.3333333333333333,3
TOP,Smolder,Gragas,0.0,1
TOP,Gragas,Smolder,1.0,1
TOP,Zaahen,Annie,1.0,2
TOP,Annie,Zaahen,0.0,2
TOP,Zoe,Sion,0.14285714285714285,7
TOP,Sion,Zoe,0.8571428571428571,7
MIDDLE,Tristana,Karma,1.0,1
MIDDLE,Karma,Tristana,0.0,1
TOP,Jayce,MonkeyKing,0.16666666666666666,6
TOP,MonkeyKing,Jayce,0.8333333333333334,6
UTILITY,Soraka,Elise,0.375,8
UTILITY,Elise,Soraka,0.625,8
UTILITY,Lulu,Galio,0.1111111111111111,9
UTILITY,Galio,Lulu,0.8888888888888888,9
BOTTOM,Draven,Zyra,0.4,5
BOTTOM,Zyra,Draven,0.6,5
MIDDLE,Xerath,Neeko,0.6666666666666666,3
MIDDLE,Neeko,Xerath,0.3333333333333333,3
UTILITY,Morgana,Sona,0.0,1
UTILITY,Sona,Morgana,1.0,1
TOP,Darius,Ezreal,0.0,1
TOP,Ezreal,Darius,1.0,1
MIDDLE,Ezreal,Ambessa,0.0,1
MIDDLE,Ambessa,Ezreal,1.0,1
JUNGLE,Morgana,Sylas,0.5,2
JUNGLE,Sylas,Morgana,0.5,2
TOP,Shyvana,Yone,0.0,1
TOP,Yone,Shyvana,1.0,1
TOP,TahmKench,Shen,0.0,1
TOP,Shen,TahmKench,1.0,1
TOP,Camille,Gangplank,0.47058823529411764,17
TOP,Gangplank,Camille,0.5294117647058824,17
JUNGLE,Camille,Gwen,0.0,1
JUNGLE,Gwen,Camille,1.0,1
UTILITY,Nautilus,Sett,0.0,1
UTILITY,Sett,Nautilus,1.0,1
TOP,Illaoi,Kayle,0.25,4
TOP,Kayle,Illaoi,0.75,4
JUNGLE,Warwick,Kayn,0.6666666666666666,3
JUNGLE,Kayn,Warwick,0.3333333333333333,3
TOP,Fiora,Rengar,1.0,2
TOP,Rengar,Fiora,0.0,2
JUNGLE,Brand,MasterYi,0.2,5
JUNGLE,MasterYi,Brand,0.8,5
TOP,Sylas,TwistedFate,0.5,2
TOP,TwistedFate,Sylas,0.5,2
JUNGLE,FiddleSticks,Pantheon,0.0,3
JUNGLE,Pantheon,FiddleSticks,1.0,3
TOP,Teemo,Rumble,0.4,5
TOP,Rumble,Teemo,0.6,5
JUNGLE,Olaf,Volibear,1.0,1
JUNGLE,Volibear,Olaf,0.0,1
TOP,Riven,Heimerdinger,1.0,2
TOP,Heimerdinger,Riven,0.0,2
BOTTOM,Brand,Samira,0.3333333333333333,9
BOTTOM,Samira,Brand,0.6666666666666666,9
MIDDLE,AurelionSol,Swain,1.0,3
MIDDLE,Swain,AurelionSol,0.0,3
UTILITY,Nasus,Neeko,0.0,1
UTILITY,Neeko,Nasus,1.0,1
UTILITY,Velkoz,Talon,1.0,1
UTILITY,Talon,Velkoz,0.0,1
MIDDLE,Yone,Caitlyn,0.5,2
MIDDLE,Caitlyn,Yone,0.5,2
TOP,Cassiopeia,Malzahar,0.3333333333333333,3
TOP,Malzahar,Cassiopeia,0.6666666666666666,3
BOTTOM,Smolder,Syndra,0.5,10
BOTTOM,Syndra,Smolder,0.5,10
MIDDLE,Irelia,Qiyana,0.6,10
MIDDLE,Qiyana,Irelia,0.4,10
MIDDLE,Kennen,Brand,0.0,2
MIDDLE,Brand,Kennen,1.0,2
MIDDLE,Lux,Kayle,0.5,2
MIDDLE,Kayle,Lux,0.5,2
MIDDLE,Diana,Brand,0.5,6
MIDDLE,Brand,Diana,0.5,6
JUNGLE,Jayce,Shen,0.5,2
JUNGLE,Shen,Jayce,0.5,2
MIDDLE,Chogath,Brand,0.6666666666666666,3
MIDDLE,Brand,Chogath,0.3333333333333333,3
BOTTOM,Caitlyn,Kennen,1.0,1
BOTTOM,Kennen,Caitlyn,0.0,1
TOP,Akali,Gangplank,0.5,4
TOP,Gangplank,Akali,0.5,4
UTILITY,Milio,Xerath,1.0,1
UTILITY,Xerath,Milio,0.0,1
BOTTOM,Senna,Cassiopeia,0.75,8
BOTTOM,Cassiopeia,Senna,0.25,8
TOP,Sylas,Volibear,1.0,1
TOP,Volibear,Sylas,0.0,1
TOP,Brand,Irelia,0.6666666666666666,3
TOP,Irelia,Brand,0.3333333333333333,3
MIDDLE,Brand,Akali,0.5714285714285714,7
MIDDLE,Akali,Brand,0.42857142857142855,7
TOP,Tryndamere,Aurora,0.0,3
TOP,Aurora,Tryndamere,1.0,3
JUNGLE,Fizz,FiddleSticks,1.0,1
JUNGLE,FiddleSticks,Fizz,0.0,1
MIDDLE,Naafiri,Jayce,0.75,4
MIDDLE,Jayce,Naafiri,0.25,4
TOP,TahmKench,Akali,0.0,1
TOP,Akali,TahmKench,1.0,1
MIDDLE,Annie,Zilean,0.5,4
MIDDLE,Zilean,Annie,0.5,4
TOP,KogMaw,Sylas,0.0,1
TOP,Sylas,KogMaw,1.0,1
MIDDLE,Neeko,Lux,1.0,1
MIDDLE,Lux,Neeko,0.0,1
UTILITY,Mel,Nami,0.6666666666666666,3
UTILITY,Nami,Mel,0.3333333333333333,3
JUNGLE,Nocturne,Malphite,1.0,3
JUNGLE,Malphite,Nocturne,0.0,3
UTILITY,Zilean,Zyra,0.0,2
UTILITY,Zyra,Zilean,1.0,2
MIDDLE,Leblanc,Ambessa,0.6666666666666666,3
MIDDLE,Ambessa,Leblanc,0.3333333333333333,3
JUNGLE,Talon,Kalista,1.0,1
JUNGLE,Kalista,Talon,0.0,1
MIDDLE,Syndra,Twitch,1.0,1
MIDDLE,Twitch,Syndra,0.0,1
TOP,Teemo,Volibear,1.0,2
TOP,Volibear,Teemo,0.0,2
UTILITY,Annie,Leona,1.0,1
UTILITY,Leona,Annie,0.0,1
JUNGLE,Naafiri,Sejuani,0.4,5
JUNGLE,Sejuani,Naafiri,0.6,5
MIDDLE,Chogath,Yone,0.2857142857142857,7
MIDDLE,Yone,Chogath,0.7142857142857143,7
TOP,Poppy,Kayle,0.0,2
TOP,Kayle,Poppy,1.0,2
JUNGLE,Khazix,Kayn,0.5,26
JUNGLE,Kayn,Khazix,0.5,26
UTILITY,JarvanIV,Sylas,0.0,1
UTILITY,Sylas,JarvanIV,1.0,1
BOTTOM,Ashe,Cassiopeia,0.5,10
BOTTOM,Cassiopeia,Ashe,0.5,10
JUNGLE,Zac,Zaahen,0.5,2
JUNGLE,Zaahen,Zac,0.5,2
TOP,Sylas,Heimerdinger,1.0,1
TOP,Heimerdinger,Sylas,0.0,1
BOTTOM,Irelia,Caitlyn,1.0,1
BOTTOM,Caitlyn,Irelia,0.0,1
JUNGLE,Viego,Rammus,1.0,1
JUNGLE,Rammus,Viego,0.0,1
MIDDLE,Brand,Ekko,0.3333333333333333,3
MIDDLE,Ekko,Brand,0.6666666666666666,3
MIDDLE,Zoe,Kennen,1.0,2
MIDDLE,Kennen,Zoe,0.0,2
MIDDLE,Chogath,Veigar,0.0,1
MIDDLE,Veigar,Chogath,1.0,1
UTILITY,Brand,Soraka,0.5,8
UTILITY,Soraka,Brand,0.5,8
MIDDLE,Sion,Ezreal,1.0,1
MIDDLE,Ezreal,Sion,0.0,1
TOP,Yone,Yunara,0.0,1
TOP,Yunara,Yone,1.0,1
MIDDLE,Fizz,Illaoi,1.0,1
MIDDLE,Illaoi,Fizz,0.0,1
TOP,Yorick,Mordekaiser,0.0,3
TOP,Mordekaiser,Yorick,1.0,3
UTILITY,Teemo,Nautilus,0.0,1
UTILITY,Nautilus,Teemo,1.0,1
TOP,Heimerdinger,Varus,0.0,3
TOP,Varus,Heimerdinger,1.0,3
TOP,Briar,Vayne,0.0,1
TOP,Vayne,Briar,1.0,1
MIDDLE,Kennen,Vex,0.0,1
MIDDLE,Vex,Kennen,1.0,1
BOTTOM,Lissandra,Kaisa,0.0,1
BOTTOM,Kaisa,Lissandra,1.0,1
MIDDLE,Orianna,Neeko,0.6666666666666666,3
MIDDLE,Neeko,Orianna,0.3333333333333333,3
BOTTOM,Brand,Smolder,0.4,25
BOTTOM,Smolder,Brand,0.6,25
MIDDLE,Kayle,Velkoz,0.0,2
MIDDLE,Velkoz,Kayle,1.0,2
UTILITY,Thresh,Annie,0.5,2
UTILITY,Annie,Thresh,0.5,2
MIDDLE,Neeko,Karthus,1.0,1
MIDDLE,Karthus,Neeko,0.0,1
UTILITY,Thresh,Mel,0.5,6
UTILITY,Mel,Thresh,0.5,6
UTILITY,Lulu,Morgana,0.3333333333333333,6
UTILITY,Morgana,Lulu,0.6666666666666666,6
TOP,Annie,Kennen,0.6666666666666666,3
TOP,Kennen,Annie,0.3333333333333333,3
JUNGLE,Ekko,Udyr,0.25,4
JUNGLE,Udyr,Ekko,0.75,4
MIDDLE,Quinn,Tristana,0.0,1
MIDDLE,Tristana,Quinn,1.0,1
TOP,Vex,TwistedFate,0.0,1
TOP,TwistedFate,Vex,1.0,1
MIDDLE,Seraphine,Kaisa,1.0,1
MIDDLE,Kaisa,Seraphine,0.0,1
TOP,Velkoz,Leblanc,1.0,1
TOP,Leblanc,Velkoz,0.0,1
UTILITY,FiddleSticks,Zyra,1.0,1
UTILITY,Zyra,FiddleSticks,0.0,1
JUNGLE,Sejuani,Ambessa,0.5,2
JUNGLE,Ambessa,Sejuani,0.5,2
BOTTOM,MissFortune,Kennen,1.0,1
BOTTOM,Kennen,MissFortune,0.0,1
TOP,Velkoz,Urgot,1.0,1
TOP,Urgot,Velkoz,0.0,1
MIDDLE,Taliyah,Brand,0.6666666666666666,3
MIDDLE,Brand,Taliyah,0.3333333333333333,3
TOP,TahmKench,Chogath,0.0,1
TOP,Chogath,TahmKench,1.0,1
UTILITY,Sion,Seraphine,0.5,2
UTILITY,Seraphine,Sion,0.5,2
MIDDLE,Hwei,Tristana,0.6666666666666666,3
MIDDLE,Tristana,Hwei,0.3333333333333333,3
BOTTOM,KogMaw,Lux,1.0,2
BOTTOM,Lux,KogMaw,0.0,2
JUNGLE,Naafiri,Malphite,1.0,1
JUNGLE,Malphite,Naafiri,0.0,1
MIDDLE,Tryndamere,Karthus,0.0,1
MIDDLE,Karthus,Tryndamere,1.0,1
TOP,Udyr,Fiora,0.0,3
TOP,Fiora,Udyr,1.0,3
JUNGLE,Zed,Karthus,0.5,6
JUNGLE,Karthus,Zed,0.5,6
TOP,Brand,Riven,0.6,5
TOP,Riven,Brand,0.4,5
BOTTOM,Riven,Ezreal,0.4444444444444444,9
BOTTOM,Ezreal,Riven,0.5555555555555556,9
TOP,Kled,Varus,0.6666666666666666,6
TOP,Varus,Kled,0.3333333333333333,6
TOP,Aatrox,Mordekaiser,0.5,2
TOP,Mordekaiser,Aatrox,0.5,2
MIDDLE,Seraphine,Veigar,1.0,1
MIDDLE,Veigar,Seraphine,0.0,1
MIDDLE,Kennen,Velkoz,1.0,1
MIDDLE,Velkoz,Kennen,0.0,1
UTILITY,Milio,Soraka,0.4,10
UTILITY,Soraka,Milio,0.6,10
TOP,Jax,Sett,0.8333333333333334,6
TOP,Sett,Jax,0.16666666666666666,6
JUNGLE,Warwick,Lillia,0.5,4
JUNGLE,Lillia,Warwick,0.5,4
TOP,MonkeyKing,Nasus,0.0,1
TOP,Nasus,MonkeyKing,1.0,1
JUNGLE,Shyvana,Fizz,1.0,1
JUNGLE,Fizz,Shyvana,0.0,1
UTILITY,Lissandra,Nami,0.6666666666666666,3
UTILITY,Nami,Lissandra,0.3333333333333333,3
TOP,Akshan,Fiora,1.0,1
TOP,Fiora,Akshan,0.0,1
TOP,Mordekaiser,Kled,0.0,1
TOP,Kled,Mordekaiser,1.0,1
TOP,Udyr,Aurora,0.5,2
TOP,Aurora,Udyr,0.5,2
UTILITY,Leona,Rammus,0.0,1
UTILITY,Rammus,Leona,1.0,1
TOP,Gragas,Camille,0.6,5
TOP,Camille,Gragas,0.4,5
TOP,Aatrox,Heimerdinger,0.6666666666666666,3
TOP,Heimerdinger,Aatrox,0.3333333333333333,3
TOP,Anivia,Qiyana,0.5,2
TOP,Qiyana,Anivia,0.5,2
TOP,Aatrox,Tristana,0.0,1
TOP,Tristana,Aatrox,1.0,1
JUNGLE,Elise,Sejuani,0.5,4
JUNGLE,Sejuani,Elise,0.5,4
JUNGLE,Karthus,Morgana,1.0,2
JUNGLE,Morgana,Karthus,0.0,2
BOTTOM,Vex,Ezreal,0.0,1
BOTTOM,Ezreal,Vex,1.0,1
TOP,Katarina,Darius,0.0,1
TOP,Darius,Katarina,1.0,1
JUNGLE,Jax,Qiyana,0.0,2
JUNGLE,Qiyana,Jax,1.0,2
TOP,Naafiri,Riven,0.3333333333333333,6
TOP,Riven,Naafiri,0.6666666666666666,6
TOP,Jax,Velkoz,0.5,2
TOP,Velkoz,Jax,0.5,2
TOP,Gragas,Kalista,0.5,2
TOP,Kalista,Gragas,0.5,2
TOP,Lissandra,Viktor,0.0,1
TOP,Viktor,Lissandra,1.0,1
TOP,Annie,Tryndamere,0.0,2
TOP,Tryndamere,Annie,1.0,2
BOTTOM,Smolder,Xerath,0.2,5
BOTTOM,Xerath,Smolder,0.8,5
MIDDLE,Lucian,Taliyah,0.0,1
MIDDLE,Taliyah,Lucian,1.0,1
TOP,LeeSin,Gnar,0.3333333333333333,3
TOP,Gnar,LeeSin,0.6666666666666666,3
BOTTOM,Swain,AurelionSol,1.0,3
BOTTOM,AurelionSol,Swain,0.0,3
BOTTOM,Zeri,Chogath,0.3333333333333333,3
BOTTOM,Chogath,Zeri,0.6666666666666666,3
TOP,Olaf,Swain,0.6666666666666666,3
TOP,Swain,Olaf,0.3333333333333333,3
TOP,Lissandra,Gangplank,0.0,1
TOP,Gangplank,Lissandra,1.0,1
BOTTOM,Fiora,Xayah,0.5,6
BOTTOM,Xayah,Fiora,0.5,6
TOP,Olaf,Urgot,0.5,4
TOP,Urgot,Olaf,0.5,4
MIDDLE,Ahri,Nocturne,0.5,2
MIDDLE,Nocturne,Ahri,0.5,2
JUNGLE,Zaahen,Vayne,0.0,1
JUNGLE,Vayne,Zaahen,1.0,1
TOP,Riven,Nunu,0.5,2
TOP,Nunu,Riven,0.5,2
MIDDLE,Akshan,Rumble,0.0,1
MIDDLE,Rumble,Akshan,1.0,1
TOP,Shyvana,Irelia,0.5,2
TOP,Irelia,Shyvana,0.5,2
JUNGLE,Darius,Sejuani,0.0,4
JUNGLE,Sejuani,Darius,1.0,4
TOP,Camille,XinZhao,0.5,6
TOP,XinZhao,Camille,0.5,6
JUNGLE,Sylas,Jax,0.5,4
JUNGLE,Jax,Sylas,0.5,4
TOP,Seraphine,Ornn,1.0,1
TOP,Ornn,Seraphine,0.0,1
TOP,Vladimir,Cassiopeia,0.7142857142857143,7
TOP,Cassiopeia,Vladimir,0.2857142857142857,7
TOP,Riven,Maokai,0.5,2
TOP,Maokai,Riven,0.5,2
MIDDLE,Kled,Lissandra,1.0,1
MIDDLE,Lissandra,Kled,0.0,1
BOTTOM,Akshan,Ezreal,0.5,4
BOTTOM,Ezreal,Akshan,0.5,4
MIDDLE,Vex,Ekko,0.625,8
MIDDLE,Ekko,Vex,0.375,8
TOP,Udyr,Irelia,0.0,4
TOP,Irelia,Udyr,1.0,4
MIDDLE,Smolder,KogMaw,1.0,1
MIDDLE,KogMaw,Smolder,0.0,1
JUNGLE,MasterYi,Gwen,0.6666666666666666,3
JUNGLE,Gwen,MasterYi,0.3333333333333333,3
TOP,Kayle,AurelionSol,0.0,1
TOP,AurelionSol,Kayle,1.0,1
MIDDLE,Azir,Vex,0.6666666666666666,3
MIDDLE,Vex,Azir,0.3333333333333333,3
MIDDLE,Sylas,LeeSin,0.0,2
MIDDLE,LeeSin,Sylas,1.0,2
TOP,Renekton,Kled,0.3333333333333333,6
TOP,Kled,Renekton,0.6666666666666666,6
TOP,Ahri,Renekton,0.5,6
TOP,Renekton,Ahri,0.5,6
MIDDLE,Brand,Azir,0.0,1
MIDDLE,Azir,Brand,1.0,1
BOTTOM,Brand,Senna,0.6666666666666666,27
BOTTOM,Senna,Brand,0.3333333333333333,27
MIDDLE,Nasus,Syndra,0.4,5
MIDDLE,Syndra,Nasus,0.6,5
TOP,Belveth,Aatrox,1.0,1
TOP,Aatrox,Belveth,0.0,1
MIDDLE,Swain,Brand,1.0,1
MIDDLE,Brand,Swain,0.0,1
BOTTOM,Vayne,TahmKench,1.0,1
BOTTOM,TahmKench,Vayne,0.0,1
TOP,Tryndamere,Urgot,0.5,4
TOP,Urgot,Tryndamere,0.5,4
JUNGLE,Pantheon,Neeko,0.0,1
JUNGLE,Neeko,Pantheon,1.0,1
MIDDLE,Annie,Ambessa,0.5,2
MIDDLE,Ambessa,Annie,0.5,2
TOP,Tryndamere,Qiyana,0.5,2
TOP,Qiyana,Tryndamere,0.5,2
TOP,Riven,Qiyana,0.0,2
TOP,Qiyana,Riven,1.0,2
UTILITY,Braum,Zilean,0.25,4
UTILITY,Zilean,Braum,0.75,4
TOP,Akshan,Sylas,1.0,1
TOP,Sylas,Akshan,0.0,1
MIDDLE,XinZhao,Aurora,0.5714285714285714,7
MIDDLE,Aurora,XinZhao,0.42857142857142855,7
UTILITY,Poppy,Evelynn,1.0,1
UTILITY,Evelynn,Poppy,0.0,1
BOTTOM,Draven,Vayne,0.375,8
BOTTOM,Vayne,Draven,0.625,8
MIDDLE,Nasus,Viktor,0.0,1
MIDDLE,Viktor,Nasus,1.0,1
TOP,Urgot,Kayle,0.0,4
TOP,Kayle,Urgot,1.0,4
UTILITY,Rakan,Darius,0.0,1
UTILITY,Darius,Rakan,1.0,1
MIDDLE,Malzahar,Olaf,0.75,4
MIDDLE,Olaf,Malzahar,0.25,4
TOP,TwistedFate,Leblanc,0.5,2
TOP,Leblanc,TwistedFate,0.5,2
TOP,Varus,Poppy,0.0,1
TOP,Poppy,Varus,1.0,1
TOP,Olaf,RekSai,0.3333333333333333,3
TOP,RekSai,Olaf,0.6666666666666666,3
JUNGLE,Brand,Taliyah,1.0,2
JUNGLE,Taliyah,Brand,0.0,2
BOTTOM,Tristana,Nilah,0.16666666666666666,6
BOTTOM,Nilah,Tristana,0.8333333333333334,6
BOTTOM,Caitlyn,Brand,0.4375,16
BOTTOM,Brand,Caitlyn,0.5625,16
JUNGLE,Hecarim,Fizz,0.0,1
JUNGLE,Fizz,Hecarim,1.0,1
MIDDLE,Lux,Qiyana,0.3333333333333333,6
MIDDLE,Qiyana,Lux,0.6666666666666666,6
TOP,Udyr,Gangplank,0.6666666666666666,3
TOP,Gangplank,Udyr,0.3333333333333333,3
JUNGLE,Kindred,Taliyah,0.5555555555555556,9
JUNGLE,Taliyah,Kindred,0.4444444444444444,9
TOP,Viktor,Janna,0.0,1
TOP,Janna,Viktor,1.0,1
JUNGLE,Camille,Talon,0.3333333333333333,3
JUNGLE,Talon,Camille,0.6666666666666666,3
TOP,Yorick,Draven,0.0,1
TOP,Draven,Yorick,1.0,1
TOP,Seraphine,Irelia,0.0,1
TOP,Irelia,Seraphine,1.0,1
BOTTOM,Samira,Viktor,0.0,2
BOTTOM,Viktor,Samira,1.0,2
UTILITY,Ekko,Zyra,0.0,1
UTILITY,Zyra,Ekko,1.0,1
MIDDLE,Quinn,Syndra,0.3333333333333333,9
MIDDLE,Syndra,Quinn,0.6666666666666666,9
TOP,Cassiopeia,Zed,0.5,8
TOP,Zed,Cassiopeia,0.5,8
MIDDLE,Kassadin,Riven,0.375,8
MIDDLE,Riven,Kassadin,0.625,8
JUNGLE,Sylas,Brand,0.4,5
JUNGLE,Brand,Sylas,0.6,5
TOP,TahmKench,Zaahen,0.0,1
TOP,Zaahen,TahmKench,1.0,1
BOTTOM,Kaisa,Kennen,0.5,2
BOTTOM,Kennen,Kaisa,0.5,2
MIDDLE,Morgana,Vladimir,0.0,1
MIDDLE,Vladimir,Morgana,1.0,1
BOTTOM,Singed,Ziggs,1.0,1
BOTTOM,Ziggs,Singed,0.0,1
UTILITY,Maokai,TahmKench,1.0,1
UTILITY,TahmKench,Maokai,0.0,1
TOP,Yasuo,Corki,0.0,1
TOP,Corki,Yasuo,1.0,1
JUNGLE,Khazix,Udyr,0.6666666666666666,12
JUNGLE,Udyr,Khazix,0.3333333333333333,12
UTILITY,Rell,TwistedFate,0.6666666666666666,3
UTILITY,TwistedFate,Rell,0.3333333333333333,3
TOP,Taliyah,Akali,0.5,2
TOP,Akali,Taliyah,0.5,2
JUNGLE,Gwen,Sejuani,0.0,1
JUNGLE,Sejuani,Gwen,1.0,1
MIDDLE,Smolder,Taliyah,0.0,3
MIDDLE,Taliyah,Smolder,1.0,3
TOP,Janna,Sion,0.0,2
TOP,Sion,Janna,1.0,2
MIDDLE,Talon,Jayce,0.0,2
MIDDLE,Jayce,Talon,1.0,2
TOP,Syndra,Akali,0.0,1
TOP,Akali,Syndra,1.0,1
UTILITY,Ezreal,Rakan,0.0,1
UTILITY,Rakan,Ezreal,1.0,1
MIDDLE,Talon,Lissandra,0.0,2
MIDDLE,Lissandra,Talon,1.0,2
TOP,Trundle,Ornn,0.3333333333333333,3
TOP,Ornn,Trundle,0.6666666666666666,3
MIDDLE,Gragas,Zoe,1.0,1
MIDDLE,Zoe,Gragas,0.0,1
TOP,Tryndamere,Kennen,0.5,4
TOP,Kennen,Tryndamere,0.5,4
TOP,Tristana,Irelia,0.5,2
TOP,Irelia,Tristana,0.5,2
MIDDLE,Jayce,Zoe,0.2222222222222222,9
MIDDLE,Zoe,Jayce,0.7777777777777778,9
MIDDLE,Akshan,Gangplank,0.0,1
MIDDLE,Gangplank,Akshan,1.0,1
MIDDLE,Malzahar,Fizz,0.6,5
MIDDLE,Fizz,Malzahar,0.4,5
MIDDLE,Vex,Jayce,0.3333333333333333,3
MIDDLE,Jayce,Vex,0.6666666666666666,3
UTILITY,FiddleSticks,Zoe,0.6666666666666666,3
UTILITY,Zoe,FiddleSticks,0.3333333333333333,3
TOP,Illaoi,Yasuo,1.0,2
TOP,Yasuo,Illaoi,0.0,2
TOP,Riven,Zilean,0.0,3
TOP,Zilean,Riven,1.0,3
TOP,Singed,Janna,1.0,1
TOP,Janna,Singed,0.0,1
TOP,Gangplank,Mordekaiser,0.5,4
TOP,Mordekaiser,Gangplank,0.5,4
MIDDLE,Lissandra,Brand,1.0,1
MIDDLE,Brand,Lissandra,0.0,1
TOP,Syndra,Pantheon,1.0,1
TOP,Pantheon,Syndra,0.0,1
UTILITY,Lux,Fiora,0.0,1
UTILITY,Fiora,Lux,1.0,1
TOP,Teemo,MasterYi,0.0,1
TOP,MasterYi,Teemo,1.0,1
MIDDLE,Vladimir,Kayle,0.0,1
MIDDLE,Kayle,Vladimir,1.0,1
TOP,Illaoi,Irelia,0.5,2
TOP,Irelia,Illaoi,0.5,2
TOP,Garen,Zoe,0.0,2
TOP,Zoe,Garen,1.0,2
TOP,Brand,Kayle,1.0,2
TOP,Kayle,Brand,0.0,2
BOTTOM,Vladimir,Xerath,0.0,1
BOTTOM,Xerath,Vladimir,1.0,1
MIDDLE,Olaf,Jhin,0.0,1
MIDDLE,Jhin,Olaf,1.0,1
MIDDLE,Vex,Brand,0.0,1
MIDDLE,Brand,Vex,1.0,1
TOP,Tryndamere,Nasus,0.5,2
TOP,Nasus,Tryndamere,0.5,2
UTILITY,Rell,Amumu,0.0,3
UTILITY,Amumu,Rell,1.0,3
MIDDLE,Brand,Annie,0.3333333333333333,6
MIDDLE,Annie,Brand,0.6666666666666666,6
MIDDLE,Corki,Olaf,0.0,1
MIDDLE,Olaf,Corki,1.0,1
TOP,Sylas,Zac,0.0,1
TOP,Zac,Sylas,1.0,1
TOP,Varus,MonkeyKing,1.0,1
TOP,MonkeyKing,Varus,0.0,1
TOP,Olaf,Annie,0.0,1
TOP,Annie,Olaf,1.0,1
JUNGLE,Rammus,Fizz,0.0,1
JUNGLE,Fizz,Rammus,1.0,1
TOP,Olaf,Vladimir,0.5,6
TOP,Vladimir,Olaf,0.5,6
JUNGLE,Qiyana,Kayn,0.4,10
JUNGLE,Kayn,Qiyana,0.6,10
TOP,Illaoi,Cassiopeia,0.0,4
TOP,Cassiopeia,Illaoi,1.0,4
TOP,Poppy,Sylas,0.0,1
TOP,Sylas,Poppy,1.0,1
JUNGLE,Shyvana,Taliyah,0.8,5
JUNGLE,Taliyah,Shyvana,0.2,5
JUNGLE,Sion,Khazix,1.0,1
JUNGLE,Khazix,Sion,0.0,1
MIDDLE,Gangplank,Ahri,0.25,4
MIDDLE,Ahri,Gangplank,0.75,4
TOP,Yasuo,Trundle,0.5,4
TOP,Trundle,Yasuo,0.5,4
MIDDLE,Fizz,Brand,0.5,4
MIDDLE,Brand,Fizz,0.5,4
JUNGLE,MasterYi,Zed,1.0,3
JUNGLE,Zed,MasterYi,0.0,3
MIDDLE,Lissandra,Sion,1.0,3
MIDDLE,Sion,Lissandra,0.0,3
MIDDLE,Vex,Annie,0.3333333333333333,3
MIDDLE,Annie,Vex,0.6666666666666666,3
JUNGLE,Rammus,Diana,0.0,2
JUNGLE,Diana,Rammus,1.0,2
MIDDLE,Irelia,Zaahen,1.0,1
MIDDLE,Zaahen,Irelia,0.0,1
UTILITY,Swain,Trundle,1.0,1
UTILITY,Trundle,Swain,0.0,1
UTILITY,Nami,Sion,1.0,3
UTILITY,Sion,Nami,0.0,3
JUNGLE,Lillia,Sylas,0.6666666666666666,9
JUNGLE,Sylas,Lillia,0.3333333333333333,9
TOP,Zoe,Leblanc,0.0,1
TOP,Leblanc,Zoe,1.0,1
JUNGLE,Gwen,Nocturne,0.0,1
JUNGLE,Nocturne,Gwen,1.0,1
JUNGLE,Lillia,Ezreal,1.0,1
JUNGLE,Ezreal,Lillia,0.0,1
JUNGLE,Talon,Chogath,0.4,5
JUNGLE,Chogath,Talon,0.6,5
TOP,Camille,Sett,0.0,3
TOP,Sett,Camille,1.0,3
BOTTOM,Velkoz,Brand,0.0,1
BOTTOM,Brand,Velkoz,1.0,1
MIDDLE,Diana,Quinn,0.0,5
MIDDLE,Quinn,Diana,1.0,5
MIDDLE,Vladimir,Galio,0.7,10
MIDDLE,Galio,Vladimir,0.3,10
JUNGLE,Ivern,Jax,1.0,1
JUNGLE,Jax,Ivern,0.0,1
UTILITY,Rengar,Seraphine,1.0,1
UTILITY,Seraphine,Rengar,0.0,1
JUNGLE,Nunu,Evelynn,0.0,3
JUNGLE,Evelynn,Nunu,1.0,3
JUNGLE,Sejuani,Aatrox,0.25,4
JUNGLE,Aatrox,Sejuani,0.75,4
BOTTOM,Annie,Vladimir,1.0,1
BOTTOM,Vladimir,Annie,0.0,1
TOP,Cassiopeia,Kled,0.0,1
TOP,Kled,Cassiopeia,1.0,1
TOP,Teemo,Tryndamere,0.75,8
TOP,Tryndamere,Teemo,0.25,8
MIDDLE,Fiora,Ahri,0.4,5
MIDDLE,Ahri,Fiora,0.6,5
TOP,Pantheon,XinZhao,1.0,2
TOP,XinZhao,Pantheon,0.0,2
MIDDLE,Cassiopeia,Chogath,0.8,5
MIDDLE,Chogath,Cassiopeia,0.2,5
MIDDLE,Aurora,KogMaw,0.5,2
MIDDLE,KogMaw,Aurora,0.5,2
UTILITY,XinZhao,Zilean,0.0,1
UTILITY,Zilean,XinZhao,1.0,1
JUNGLE,Graves,Morgana,0.0,3
JUNGLE,Morgana,Graves,1.0,3
TOP,Ryze,Akshan,0.0,2
TOP,Akshan,Ryze,1.0,2
JUNGLE,Rengar,Twitch,1.0,1
JUNGLE,Twitch,Rengar,0.0,1
MIDDLE,Talon,AurelionSol,1.0,1
MIDDLE,AurelionSol,Talon,0.0,1
TOP,Varus,MasterYi,1.0,1
TOP,MasterYi,Varus,0.0,1
BOTTOM,Brand,Chogath,0.5,2
BOTTOM,Chogath,Brand,0.5,2
TOP,Warwick,XinZhao,0.5,2
TOP,XinZhao,Warwick,0.5,2
TOP,TwistedFate,DrMundo,0.6,5
TOP,DrMundo,TwistedFate,0.4,5
MIDDLE,AurelionSol,Veigar,0.0,2
MIDDLE,Veigar,AurelionSol,1.0,2
TOP,Nunu,Renekton,0.0,1
TOP,Renekton,Nunu,1.0,1
JUNGLE,Talon,Ivern,0.375,16
JUNGLE,Ivern,Talon,0.625,16
JUNGLE,Maokai,MasterYi,1.0,1
JUNGLE,MasterYi,Maokai,0.0,1
TOP,Jax,Maokai,0.0,2
TOP,Maokai,Jax,1.0,2
TOP,Nunu,Quinn,0.0,1
TOP,Quinn,Nunu,1.0,1
TOP,Tryndamere,Warwick,1.0,2
TOP,Warwick,Tryndamere,0.0,2
TOP,Gnar,XinZhao,0.0,4
TOP,XinZhao,Gnar,1.0,4
BOTTOM,Samira,Karthus,0.46153846153846156,13
BOTTOM,Karthus,Samira,0.5384615384615384,13
TOP,Nasus,Kled,0.5,2
TOP,Kled,Nasus,0.5,2
MIDDLE,Brand,Karthus,0.0,1
MIDDLE,Karthus,Brand,1.0,1
TOP,Karma,AurelionSol,0.0,1
TOP,AurelionSol,Karma,1.0,1
UTILITY,Velkoz,Zoe,0.6666666666666666,3
UTILITY,Zoe,Velkoz,0.3333333333333333,3
MIDDLE,Quinn,Veigar,0.0,1
MIDDLE,Veigar,Quinn,1.0,1
UTILITY,Sona,Darius,0.0,1
UTILITY,Darius,Sona,1.0,1
JUNGLE,Kayn,MonkeyKing,0.42857142857142855,14
JUNGLE,MonkeyKing,Kayn,0.5714285714285714,14
JUNGLE,Jax,Naafiri,1.0,3
JUNGLE,Naafiri,Jax,0.0,3
MIDDLE,Xerath,Gwen,0.0,1
MIDDLE,Gwen,Xerath,1.0,1
TOP,Qiyana,Malphite,0.4444444444444444,9
TOP,Malphite,Qiyana,0.5555555555555556,9
TOP,RekSai,Kindred,1.0,1
TOP,Kindred,RekSai,0.0,1
MIDDLE,Pantheon,Jayce,0.6666666666666666,3
MIDDLE,Jayce,Pantheon,0.3333333333333333,3
TOP,Riven,KogMaw,1.0,2
TOP,KogMaw,Riven,0.0,2
TOP,Warwick,Olaf,0.8333333333333334,6
TOP,Olaf,Warwick,0.16666666666666666,6
UTILITY,Seraphine,Maokai,1.0,2
UTILITY,Maokai,Seraphine,0.0,2
TOP,Karthus,Yasuo,1.0,4
TOP,Yasuo,Karthus,0.0,4
UTILITY,Bard,Swain,0.5,2
UTILITY,Swain,Bard,0.5,2
MIDDLE,Annie,Mordekaiser,0.5,2
MIDDLE,Mordekaiser,Annie,0.5,2
JUNGLE,Warwick,Sylas,0.5,4
JUNGLE,Sylas,Warwick,0.5,4
BOTTOM,Brand,Lux,0.4,5
BOTTOM,Lux,Brand,0.6,5
BOTTOM,Sylas,Jhin,0.6666666666666666,3
BOTTOM,Jhin,Sylas,0.3333333333333333,3
TOP,Ekko,Swain,0.0,1
TOP,Swain,Ekko,1.0,1
JUNGLE,Gragas,Zac,0.0,1
JUNGLE,Zac,Gragas,1.0,1
TOP,Urgot,Illaoi,1.0,1
TOP,Illaoi,Urgot,0.0,1
TOP,Urgot,Lulu,1.0,1
TOP,Lulu,Urgot,0.0,1
BOTTOM,Zyra,Kaisa,0.7142857142857143,7
BOTTOM,Kaisa,Zyra,0.2857142857142857,7
JUNGLE,Chogath,FiddleSticks,0.0,2
JUNGLE,FiddleSticks,Chogath,1.0,2
TOP,Kennen,Olaf,0.3333333333333333,6
TOP,Olaf,Kennen,0.6666666666666666,6
MIDDLE,Fizz,Karma,0.5,2
MIDDLE,Karma,Fizz,0.5,2
UTILITY,Rengar,Alistar,0.0,1
UTILITY,Alistar,Rengar,1.0,1
MIDDLE,Viktor,Vi,1.0,1
MIDDLE,Vi,Viktor,0.0,1
JUNGLE,Fizz,Brand,0.0,1
JUNGLE,Brand,Fizz,1.0,1
TOP,Gragas,Chogath,0.5,4
TOP,Chogath,Gragas,0.5,4
TOP,Akali,Volibear,0.75,4
TOP,Volibear,Akali,0.25,4
MIDDLE,Annie,Cassiopeia,0.5833333333333334,12
MIDDLE,Cassiopeia,Annie,0.4166666666666667,12
TOP,Zilean,Syndra,0.0,1
TOP,Syndra,Zilean,1.0,1
BOTTOM,Karthus,Nilah,0.75,4
BOTTOM,Nilah,Karthus,0.25,4
TOP,Ivern,Riven,0.0,2
TOP,Riven,Ivern,1.0,2
BOTTOM,Tryndamere,Draven,0.0,1
BOTTOM,Draven,Tryndamere,1.0,1
BOTTOM,Kennen,AurelionSol,1.0,1
BOTTOM,AurelionSol,Kennen,0.0,1
MIDDLE,Tristana,Vex,1.0,1
MIDDLE,Vex,Tristana,0.0,1
TOP,Maokai,Gnar,0.5,2
TOP,Gnar,Maokai,0.5,2
BOTTOM,Irelia,Ryze,1.0,1
BOTTOM,Ryze,Irelia,0.0,1
JUNGLE,Brand,Nasus,1.0,1
JUNGLE,Nasus,Brand,0.0,1
BOTTOM,Draven,Cassiopeia,0.3333333333333333,3
BOTTOM,Cassiopeia,Draven,0.6666666666666666,3
TOP,Taliyah,Yasuo,1.0,2
TOP,Yasuo,Taliyah,0.0,2
UTILITY,Shaco,Rengar,0.0,1
UTILITY,Rengar,Shaco,1.0,1
TOP,TahmKench,Rumble,0.5,2
TOP,Rumble,TahmKench,0.5,2
TOP,Zac,Ambessa,0.3333333333333333,3
TOP,Ambessa,Zac,0.6666666666666666,3
TOP,Fiora,Nasus,0.0,2
TOP,Nasus,Fiora,1.0,2
TOP,Gnar,Poppy,0.5,2
TOP,Poppy,Gnar,0.5,2
UTILITY,Shen,Milio,1.0,1
UTILITY,Milio,Shen,0.0,1
TOP,Zed,Lissandra,0.0,1
TOP,Lissandra,Zed,1.0,1
MIDDLE,Pantheon,Viktor,0.0,1
MIDDLE,Viktor,Pantheon,1.0,1
TOP,Akshan,Veigar,0.0,1
TOP,Veigar,Akshan,1.0,1
TOP,Olaf,Malphite,0.7142857142857143,7
TOP,Malphite,Olaf,0.2857142857142857,7
JUNGLE,Sejuani,DrMundo,1.0,1
JUNGLE,DrMundo,Sejuani,0.0,1
TOP,Quinn,Gragas,0.5,8
TOP,Gragas,Quinn,0.5,8
TOP,Malphite,Cassiopeia,0.631578947368421,19
TOP,Cassiopeia,Malphite,0.3684210526315789,19
TOP,KSante,Brand,0.3333333333333333,6
TOP,Brand,KSante,0.6666666666666666,6
TOP,Viktor,DrMundo,0.5,2
TOP,DrMundo,Viktor,0.5,2
MIDDLE,Lux,Lissandra,0.3333333333333333,3
MIDDLE,Lissandra,Lux,0.6666666666666666,3
TOP,Kennen,Leblanc,0.0,1
TOP,Leblanc,Kennen,1.0,1
JUNGLE,Kayn,Zed,0.5555555555555556,9
JUNGLE,Zed,Kayn,0.4444444444444444,9
TOP,Irelia,Smolder,0.0,1
TOP,Smolder,Irelia,1.0,1
BOTTOM,Brand,Swain,0.0,2
BOTTOM,Swain,Brand,1.0,2
TOP,XinZhao,Aurora,0.5,2
TOP,Aurora,XinZhao,0.5,2
UTILITY,Fiora,Nami,0.3333333333333333,3
UTILITY,Nami,Fiora,0.6666666666666666,3
TOP,Aurora,Trundle,0.3333333333333333,3
TOP,Trundle,Aurora,0.6666666666666666,3
TOP,Akali,Draven,1.0,1
TOP,Draven,Akali,0.0,1
UTILITY,Shen,Sona,0.0,1
UTILITY,Sona,Shen,1.0,1
JUNGLE,Jax,Skarner,0.0,1
JUNGLE,Skarner,Jax,1.0,1
JUNGLE,Elise,Hecarim,0.625,16
JUNGLE,Hecarim,Elise,0.375,16
JUNGLE,Khazix,Jax,0.0,1
JUNGLE,Jax,Khazix,1.0,1
MIDDLE,Hwei,Seraphine,0.0,2
MIDDLE,Seraphine,Hwei,1.0,2
TOP,XinZhao,Fiora,0.3333333333333333,3
TOP,Fiora,XinZhao,0.6666666666666666,3
MIDDLE,Xerath,Vex,0.0,5
MIDDLE,Vex,Xerath,1.0,5
TOP,Warwick,Fiora,0.6,5
TOP,Fiora,Warwick,0.4,5
UTILITY,Maokai,Pantheon,0.6,5
UTILITY,Pantheon,Maokai,0.4,5
MIDDLE,Zed,Rumble,0.3333333333333333,3
MIDDLE,Rumble,Zed,0.6666666666666666,3
UTILITY,Maokai,Lulu,0.7,10
UTILITY,Lulu,Maokai,0.3,10
TOP,Kaisa,Varus,0.0,1
TOP,Varus,Kaisa,1.0,1
TOP,Renekton,Nasus,0.4,5
TOP,Nasus,Renekton,0.6,5
JUNGLE,Amumu,Brand,1.0,1
JUNGLE,Brand,Amumu,0.0,1
BOTTOM,Syndra,Karthus,0.125,8
BOTTOM,Karthus,Syndra,0.875,8
JUNGLE,Diana,Gwen,0.5,2
JUNGLE,Gwen,Diana,0.5,2
TOP,Warwick,Akali,0.3333333333333333,3
TOP,Akali,Warwick,0.6666666666666666,3
UTILITY,Seraphine,Brand,0.5,6
UTILITY,Brand,Seraphine,0.5,6
TOP,Zed,Diana,0.0,1
TOP,Diana,Zed,1.0,1
UTILITY,Lux,Brand,0.0,1
UTILITY,Brand,Lux,1.0,1
BOTTOM,Sivir,Fiora,0.0,2
BOTTOM,Fiora,Sivir,1.0,2
TOP,Azir,Kled,0.0,1
TOP,Kled,Azir,1.0,1
BOTTOM,Samira,Syndra,0.3333333333333333,3
BOTTOM,Syndra,Samira,0.6666666666666666,3
MIDDLE,Qiyana,Illaoi,0.0,1
MIDDLE,Illaoi,Qiyana,1.0,1
TOP,KSante,AurelionSol,0.0,2
TOP,AurelionSol,KSante,1.0,2
TOP,Varus,Kindred,0.0,1
TOP,Kindred,Varus,1.0,1
UTILITY,Thresh,Leblanc,0.5,2
UTILITY,Leblanc,Thresh,0.5,2
MIDDLE,Ezreal,Qiyana,0.0,3
MIDDLE,Qiyana,Ezreal,1.0,3
JUNGLE,Yone,JarvanIV,1.0,1
JUNGLE,JarvanIV,Yone,0.0,1
TOP,Ahri,Malphite,1.0,4
TOP,Malphite,Ahri,0.0,4
MIDDLE,Ivern,Azir,1.0,1
MIDDLE,Azir,Ivern,0.0,1
MIDDLE,Zed,Nidalee,0.0,1
MIDDLE,Nidalee,Zed,1.0,1
JUNGLE,Gwen,Shyvana,0.6666666666666666,3
JUNGLE,Shyvana,Gwen,0.3333333333333333,3
MIDDLE,Olaf,Vayne,0.0,1
MIDDLE,Vayne,Olaf,1.0,1
MIDDLE,Nidalee,Ahri,0.0,1
MIDDLE,Ahri,Nidalee,1.0,1
MIDDLE,Singed,Vladimir,0.0,2
MIDDLE,Vladimir,Singed,1.0,2
TOP,Warwick,Aurora,0.5,2
TOP,Aurora,Warwick,0.5,2
BOTTOM,Malzahar,Kalista,0.0,1
BOTTOM,Kalista,Malzahar,1.0,1
JUNGLE,Nunu,Fizz,1.0,1
JUNGLE,Fizz,Nunu,0.0,1
UTILITY,Shaco,Poppy,0.0,1
UTILITY,Poppy,Shaco,1.0,1
TOP,Azir,Jayce,0.0,2
TOP,Jayce,Azir,1.0,2
BOTTOM,Yone,Kalista,0.0,1
BOTTOM,Kalista,Yone,1.0,1
JUNGLE,Hecarim,Teemo,0.6666666666666666,3
JUNGLE,Teemo,Hecarim,0.3333333333333333,3
TOP,Quinn,Yorick,0.5,2
TOP,Yorick,Quinn,0.5,2
JUNGLE,Shyvana,XinZhao,0.6,10
JUNGLE,XinZhao,Shyvana,0.4,10
MIDDLE,Leblanc,Kayle,0.5,4
MIDDLE,Kayle,Leblanc,0.5,4
TOP,Sett,Pantheon,0.6666666666666666,3
TOP,Pantheon,Sett,0.3333333333333333,3
MIDDLE,Warwick,Anivia,0.0,1
MIDDLE,Anivia,Warwick,1.0,1
TOP,XinZhao,Quinn,1.0,3
TOP,Quinn,XinZhao,0.0,3
JUNGLE,Rengar,Zed,0.3333333333333333,3
JUNGLE,Zed,Rengar,0.6666666666666666,3
UTILITY,Alistar,Zyra,0.3333333333333333,3
UTILITY,Zyra,Alistar,0.6666666666666666,3
MIDDLE,Smolder,Jayce,1.0,1
MIDDLE,Jayce,Smolder,0.0,1
JUNGLE,Warwick,Jax,1.0,1
JUNGLE,Jax,Warwick,0.0,1
TOP,Vayne,Ivern,0.0,2
TOP,Ivern,Vayne,1.0,2
MIDDLE,Xerath,Galio,0.0,3
MIDDLE,Galio,Xerath,1.0,3
BOTTOM,Quinn,Smolder,0.5,2
BOTTOM,Smolder,Quinn,0.5,2
MIDDLE,Vayne,Sylas,0.5,2
MIDDLE,Sylas,Vayne,0.5,2
UTILITY,Alistar,Teemo,1.0,1
UTILITY,Teemo,Alistar,0.0,1
MIDDLE,Trundle,Cassiopeia,0.5,2
MIDDLE,Cassiopeia,Trundle,0.5,2
MIDDLE,Yorick,Ahri,0.0,1
MIDDLE,Ahri,Yorick,1.0,1
JUNGLE,Skarner,Darius,0.3333333333333333,3
JUNGLE,Darius,Skarner,0.6666666666666666,3
TOP,Sylas,Mordekaiser,1.0,1
TOP,Mordekaiser,Sylas,0.0,1
MIDDLE,Qiyana,KogMaw,0.0,1
MIDDLE,KogMaw,Qiyana,1.0,1
JUNGLE,Ivern,Taliyah,0.2,5
JUNGLE,Taliyah,Ivern,0.8,5
MIDDLE,Anivia,Fizz,0.6666666666666666,9
MIDDLE,Fizz,Anivia,0.3333333333333333,9
JUNGLE,Gwen,Vi,0.4,5
JUNGLE,Vi,Gwen,0.6,5
MIDDLE,Warwick,Qiyana,1.0,1
MIDDLE,Qiyana,Warwick,0.0,1
TOP,Morgana,Varus,1.0,1
TOP,Varus,Morgana,0.0,1
TOP,Zed,XinZhao,1.0,2
TOP,XinZhao,Zed,0.0,2
JUNGLE,Kindred,Shen,1.0,1
JUNGLE,Shen,Kindred,0.0,1
MIDDLE,Nidalee,Pantheon,1.0,1
MIDDLE,Pantheon,Nidalee,0.0,1
JUNGLE,Karthus,Maokai,0.0,1
JUNGLE,Maokai,Karthus,1.0,1
MIDDLE,Veigar,Riven,0.0,4
MIDDLE,Riven,Veigar,1.0,4
MIDDLE,Yorick,Heimerdinger,1.0,1
MIDDLE,Heimerdinger,Yorick,0.0,1
MIDDLE,Trundle,Taliyah,0.0,1
MIDDLE,Taliyah,Trundle,1.0,1
JUNGLE,Shen,Ekko,0.5,2
JUNGLE,Ekko,Shen,0.5,2
TOP,Annie,DrMundo,1.0,2
TOP,DrMundo,Annie,0.0,2
UTILITY,Brand,Neeko,1.0,3
UTILITY,Neeko,Brand,0.0,3
BOTTOM,Yasuo,Cassiopeia,1.0,2
BOTTOM,Cassiopeia,Yasuo,0.0,2
MIDDLE,Anivia,Vex,0.75,4
MIDDLE,Vex,Anivia,0.25,4
TOP,Kled,Volibear,0.5,2
TOP,Volibear,Kled,0.5,2
UTILITY,Syndra,Braum,1.0,1
UTILITY,Braum,Syndra,0.0,1
JUNGLE,Zed,Udyr,1.0,1
JUNGLE,Udyr,Zed,0.0,1
TOP,Akali,Malzahar,0.75,4
TOP,Malzahar,Akali,0.25,4
UTILITY,Braum,Nidalee,0.4,5
UTILITY,Nidalee,Braum,0.6,5
TOP,Zed,Sett,1.0,1
TOP,Sett,Zed,0.0,1
MIDDLE,Seraphine,Lissandra,0.0,1
MIDDLE,Lissandra,Seraphine,1.0,1
BOTTOM,Samira,Seraphine,0.1111111111111111,9
BOTTOM,Seraphine,Samira,0.8888888888888888,9
TOP,Vayne,Draven,0.3333333333333333,9
TOP,Draven,Vayne,0.6666666666666666,9
TOP,Olaf,MasterYi,0.0,1
TOP,MasterYi,Olaf,1.0,1
UTILITY,Braum,Fiora,0.0,1
UTILITY,Fiora,Braum,1.0,1
JUNGLE,Chogath,Taliyah,0.0,1
JUNGLE,Taliyah,Chogath,1.0,1
MIDDLE,Swain,Xerath,0.0,2
MIDDLE,Xerath,Swain,1.0,2
MIDDLE,Galio,Hwei,0.16666666666666666,6
MIDDLE,Hwei,Galio,0.8333333333333334,6
TOP,Mordekaiser,Warwick,0.0,2
TOP,Warwick,Mordekaiser,1.0,2
BOTTOM,Kennen,Smolder,0.0,2
BOTTOM,Smolder,Kennen,1.0,2
UTILITY,Bard,Teemo,0.0,1
UTILITY,Teemo,Bard,1.0,1
MIDDLE,Vladimir,Fiora,1.0,3
MIDDLE,Fiora,Vladimir,0.0,3
UTILITY,Leblanc,Rell,1.0,1
UTILITY,Rell,Leblanc,0.0,1
TOP,Olaf,Illaoi,0.5,2
TOP,Illaoi,Olaf,0.5,2
MIDDLE,Belveth,Tristana,0.0,1
MIDDLE,Tristana,Belveth,1.0,1
MIDDLE,Qiyana,Corki,0.3333333333333333,3
MIDDLE,Corki,Qiyana,0.6666666666666666,3
TOP,Nidalee,Cassiopeia,1.0,1
TOP,Cassiopeia,Nidalee,0.0,1
TOP,Vayne,TwistedFate,0.6,5
TOP,TwistedFate,Vayne,0.4,5
TOP,Irelia,Naafiri,1.0,1
TOP,Naafiri,Irelia,0.0,1
JUNGLE,Ekko,Camille,0.0,1
JUNGLE,Camille,Ekko,1.0,1
MIDDLE,FiddleSticks,Akali,1.0,1
MIDDLE,Akali,FiddleSticks,0.0,1
UTILITY,Rakan,Shen,0.0,3
UTILITY,Shen,Rakan,1.0,3
TOP,Vayne,Evelynn,0.0,1
TOP,Evelynn,Vayne,1.0,1
TOP,Sion,XinZhao,0.5714285714285714,7
TOP,XinZhao,Sion,0.42857142857142855,7
TOP,Quinn,Brand,0.0,1
TOP,Brand,Quinn,1.0,1
TOP,Jayce,Smolder,0.6666666666666666,3
TOP,Smolder,Jayce,0.3333333333333333,3
TOP,Poppy,Mordekaiser,0.0,3
TOP,Mordekaiser,Poppy,1.0,3
JUNGLE,FiddleSticks,Udyr,0.6666666666666666,3
JUNGLE,Udyr,FiddleSticks,0.3333333333333333,3
JUNGLE,Ambessa,Nautilus,0.5,2
JUNGLE,Nautilus,Ambessa,0.5,2
BOTTOM,Cassiopeia,Sivir,0.5,2
BOTTOM,Sivir,Cassiopeia,0.5,2
MIDDLE,Zoe,AurelionSol,0.0,2
MIDDLE,AurelionSol,Zoe,1.0,2
MIDDLE,Xerath,Ezreal,0.5,2
MIDDLE,Ezreal,Xerath,0.5,2
TOP,Jax,Naafiri,0.3333333333333333,3
TOP,Naafiri,Jax,0.6666666666666666,3
MIDDLE,KogMaw,Ezreal,1.0,1
MIDDLE,Ezreal,KogMaw,0.0,1
JUNGLE,RekSai,Brand,0.5,2
JUNGLE,Brand,RekSai,0.5,2
TOP,Vladimir,Poppy,0.0,1
TOP,Poppy,Vladimir,1.0,1
BOTTOM,Lucian,Quinn,0.0,1
BOTTOM,Quinn,Lucian,1.0,1
TOP,TwistedFate,Irelia,0.2857142857142857,7
TOP,Irelia,TwistedFate,0.7142857142857143,7
MIDDLE,Taliyah,XinZhao,0.8888888888888888,9
MIDDLE,XinZhao,Taliyah,0.1111111111111111,9
TOP,Kled,Hwei,1.0,1
TOP,Hwei,Kled,0.0,1
TOP,Camille,Kindred,1.0,1
TOP,Kindred,Camille,0.0,1
MIDDLE,Fizz,Lux,0.5,2
MIDDLE,Lux,Fizz,0.5,2
JUNGLE,Karthus,Trundle,1.0,1
JUNGLE,Trundle,Karthus,0.0,1
TOP,DrMundo,Garen,0.8,5
TOP,Garen,DrMundo,0.2,5
TOP,LeeSin,TwistedFate,0.0,1
TOP,TwistedFate,LeeSin,1.0,1
MIDDLE,Lux,Ryze,1.0,2
MIDDLE,Ryze,Lux,0.0,2
JUNGLE,Camille,Vi,0.5,2
JUNGLE,Vi,Camille,0.5,2
MIDDLE,Azir,Kayle,1.0,1
MIDDLE,Kayle,Azir,0.0,1
UTILITY,Rell,Shaco,0.8571428571428571,7
UTILITY,Shaco,Rell,0.14285714285714285,7
MIDDLE,Briar,Swain,0.0,1
MIDDLE,Swain,Briar,1.0,1
BOTTOM,Ashe,Brand,0.7,20
BOTTOM,Brand,Ashe,0.3,20
TOP,Rakan,Gnar,1.0,1
TOP,Gnar,Rakan,0.0,1
TOP,Zoe,Vladimir,1.0,1
TOP,Vladimir,Zoe,0.0,1
JUNGLE,Riven,LeeSin,0.3333333333333333,3
JUNGLE,LeeSin,Riven,0.6666666666666666,3
TOP,Kennen,TwistedFate,0.0,1
TOP,TwistedFate,Kennen,1.0,1
MIDDLE,Ziggs,Vladimir,1.0,1
MIDDLE,Vladimir,Ziggs,0.0,1
MIDDLE,Gwen,Akali,0.5,2
MIDDLE,Akali,Gwen,0.5,2
JUNGLE,Warwick,Elise,0.5,4
JUNGLE,Elise,Warwick,0.5,4
JUNGLE,Brand,Belveth,0.5,2
JUNGLE,Belveth,Brand,0.5,2
TOP,Ornn,Nunu,0.0,1
TOP,Nunu,Ornn,1.0,1
MIDDLE,Gangplank,Sion,0.0,1
MIDDLE,Sion,Gangplank,1.0,1
MIDDLE,Galio,Vex,0.0,1
MIDDLE,Vex,Galio,1.0,1
TOP,Ornn,Kassadin,0.0,1
TOP,Kassadin,Ornn,1.0,1
BOTTOM,TahmKench,Jhin,0.75,4
BOTTOM,Jhin,TahmKench,0.25,4
MIDDLE,Neeko,Sivir,1.0,1
MIDDLE,Sivir,Neeko,0.0,1
TOP,DrMundo,Sett,0.5,2
TOP,Sett,DrMundo,0.5,2
BOTTOM,Yasuo,Quinn,0.0,1
BOTTOM,Quinn,Yasuo,1.0,1
BOTTOM,Kalista,Anivia,0.3333333333333333,3
BOTTOM,Anivia,Kalista,0.6666666666666666,3
TOP,Maokai,Olaf,1.0,2
TOP,Olaf,Maokai,0.0,2
JUNGLE,Aatrox,Trundle,1.0,2
JUNGLE,Trundle,Aatrox,0.0,2
MIDDLE,Talon,Hwei,0.5,2
MIDDLE,Hwei,Talon,0.5,2
JUNGLE,Khazix,Gwen,0.3333333333333333,3
JUNGLE,Gwen,Khazix,0.6666666666666666,3
TOP,Taric,Shen,0.0,1
TOP,Shen,Taric,1.0,1
BOTTOM,Smolder,Fiora,0.8571428571428571,7
BOTTOM,Fiora,Smolder,0.14285714285714285,7
MIDDLE,Zed,Ezreal,1.0,1
MIDDLE,Ezreal,Zed,0.0,1
BOTTOM,Senna,TahmKench,0.75,4
BOTTOM,TahmKench,Senna,0.25,4
TOP,Mordekaiser,Riven,0.5,4
TOP,Riven,Mordekaiser,0.5,4
UTILITY,Darius,Hwei,1.0,1
UTILITY,Hwei,Darius,0.0,1
TOP,Nasus,Annie,0.0,1
TOP,Annie,Nasus,1.0,1
UTILITY,Xerath,Thresh,0.5,2
UTILITY,Thresh,Xerath,0.5,2
MIDDLE,Fizz,Gragas,0.5,2
MIDDLE,Gragas,Fizz,0.5,2
TOP,Shyvana,Gangplank,1.0,1
TOP,Gangplank,Shyvana,0.0,1
MIDDLE,LeeSin,Diana,0.0,1
MIDDLE,Diana,LeeSin,1.0,1
MIDDLE,Aurora,Pantheon,0.25,4
MIDDLE,Pantheon,Aurora,0.75,4
BOTTOM,TwistedFate,Kalista,1.0,2
BOTTOM,Kalista,TwistedFate,0.0,2
UTILITY,Nidalee,Zilean,0.6666666666666666,3
UTILITY,Zilean,Nidalee,0.3333333333333333,3
TOP,Illaoi,Warwick,0.0,1
TOP,Warwick,Illaoi,1.0,1
TOP,Vladimir,Trundle,0.5,2
TOP,Trundle,Vladimir,0.5,2
MIDDLE,Sylas,Kennen,0.5,2
MIDDLE,Kennen,Sylas,0.5,2
TOP,KSante,XinZhao,0.0,3
TOP,XinZhao,KSante,1.0,3
BOTTOM,Kalista,Pantheon,0.5,2
BOTTOM,Pantheon,Kalista,0.5,2
TOP,Mordekaiser,Ahri,0.5,2
TOP,Ahri,Mordekaiser,0.5,2
TOP,Zaahen,Kaisa,0.0,2
TOP,Kaisa,Zaahen,1.0,2
TOP,Tryndamere,Shyvana,0.0,1
TOP,Shyvana,Tryndamere,1.0,1
MIDDLE,Kaisa,Yone,0.0,1
MIDDLE,Yone,Kaisa,1.0,1
TOP,Akali,Aphelios,0.0,1
TOP,Aphelios,Akali,1.0,1
BOTTOM,Ezreal,Heimerdinger,0.25,4
BOTTOM,Heimerdinger,Ezreal,0.75,4
JUNGLE,FiddleSticks,Warwick,0.3333333333333333,3
JUNGLE,Warwick,FiddleSticks,0.6666666666666666,3
BOTTOM,Fiora,KogMaw,1.0,1
BOTTOM,KogMaw,Fiora,0.0,1
JUNGLE,Vayne,Evelynn,1.0,1
JUNGLE,Evelynn,Vayne,0.0,1
MIDDLE,Ahri,TahmKench,0.5,2
MIDDLE,TahmKench,Ahri,0.5,2
MIDDLE,Veigar,Swain,0.5,2
MIDDLE,Swain,Veigar,0.5,2
MIDDLE,Vex,Singed,1.0,1
MIDDLE,Singed,Vex,0.0,1
TOP,Aphelios,Irelia,1.0,1
TOP,Irelia,Aphelios,0.0,1
JUNGLE,Belveth,Warwick,1.0,2
JUNGLE,Warwick,Belveth,0.0,2
MIDDLE,Kled,Fiora,1.0,1
MIDDLE,Fiora,Kled,0.0,1
TOP,Rumble,Kassadin,1.0,1
TOP,Kassadin,Rumble,0.0,1
TOP,Ryze,Kled,0.0,2
TOP,Kled,Ryze,1.0,2
UTILITY,Sona,FiddleSticks,1.0,1
UTILITY,FiddleSticks,Sona,0.0,1
TOP,Warwick,Volibear,1.0,1
TOP,Volibear,Warwick,0.0,1
MIDDLE,Naafiri,Riven,0.0,3
MIDDLE,Riven,Naafiri,1.0,3
TOP,Varus,Annie,0.0,1
TOP,Annie,Varus,1.0,1
TOP,Ornn,Azir,0.75,4
TOP,Azir,Ornn,0.25,4
MIDDLE,Tryndamere,Malzahar,0.0,1
MIDDLE,Malzahar,Tryndamere,1.0,1
TOP,Xerath,Vayne,0.0,1
TOP,Vayne,Xerath,1.0,1
UTILITY,Senna,LeeSin,1.0,2
UTILITY,LeeSin,Senna,0.0,2
MIDDLE,Nunu,Malphite,0.0,1
MIDDLE,Malphite,Nunu,1.0,1
MIDDLE,Rumble,Syndra,0.4,5
MIDDLE,Syndra,Rumble,0.6,5
MIDDLE,Rumble,Yone,0.5,2
MIDDLE,Yone,Rumble,0.5,2
TOP,Gnar,Smolder,1.0,1
TOP,Smolder,Gnar,0.0,1
TOP,RekSai,Gragas,0.6666666666666666,3
TOP,Gragas,RekSai,0.3333333333333333,3
MIDDLE,Ambessa,Talon,1.0,1
MIDDLE,Talon,Ambessa,0.0,1
JUNGLE,MasterYi,Amumu,0.0,2
JUNGLE,Amumu,MasterYi,1.0,2
TOP,Jayce,Akshan,0.3333333333333333,3
TOP,Akshan,Jayce,0.6666666666666666,3
TOP,Gwen,TahmKench,0.0,1
TOP,TahmKench,Gwen,1.0,1
TOP,Malzahar,Camille,0.0,1
TOP,Camille,Malzahar,1.0,1
TOP,Darius,Yorick,0.6666666666666666,3
TOP,Yorick,Darius,0.3333333333333333,3
TOP,Warwick,Teemo,1.0,2
TOP,Teemo,Warwick,0.0,2
TOP,Gnar,Viktor,0.0,1
TOP,Viktor,Gnar,1.0,1
MIDDLE,Aurora,Sivir,1.0,1
MIDDLE,Sivir,Aurora,0.0,1
UTILITY,Swain,Yasuo,1.0,1
UTILITY,Yasuo,Swain,0.0,1
MIDDLE,Ahri,Olaf,0.0,3
MIDDLE,Olaf,Ahri,1.0,3
TOP,TwistedFate,Aurora,0.5,4
TOP,Aurora,TwistedFate,0.5,4
MIDDLE,Velkoz,Viktor,0.5,6
MIDDLE,Viktor,Velkoz,0.5,6
TOP,Ornn,Annie,0.3333333333333333,3
TOP,Annie,Ornn,0.6666666666666666,3
UTILITY,Velkoz,Swain,0.0,1
UTILITY,Swain,Velkoz,1.0,1
JUNGLE,Shaco,Zac,0.75,4
JUNGLE,Zac,Shaco,0.25,4
UTILITY,Xerath,Zilean,0.5,2
UTILITY,Zilean,Xerath,0.5,2
JUNGLE,Talon,Lillia,0.4166666666666667,12
JUNGLE,Lillia,Talon,0.5833333333333334,12
MIDDLE,Karthus,Ekko,0.0,1
MIDDLE,Ekko,Karthus,1.0,1
TOP,Maokai,Sion,0.6666666666666666,3
TOP,Sion,Maokai,0.3333333333333333,3
TOP,Viktor,Riven,1.0,2
TOP,Riven,Viktor,0.0,2
JUNGLE,Evelynn,Lillia,0.3333333333333333,3
JUNGLE,Lillia,Evelynn,0.6666666666666666,3
UTILITY,Vi,Rakan,0.0,1
UTILITY,Rakan,Vi,1.0,1
BOTTOM,Yasuo,Heimerdinger,0.5,2
BOTTOM,Heimerdinger,Yasuo,0.5,2
TOP,Gragas,Kled,1.0,3
TOP,Kled,Gragas,0.0,3
JUNGLE,Lillia,Gwen,0.0,2
JUNGLE,Gwen,Lillia,1.0,2
TOP,Shen,Akshan,0.0,1
TOP,Akshan,Shen,1.0,1
MIDDLE,Tryndamere,Taliyah,1.0,3
MIDDLE,Taliyah,Tryndamere,0.0,3
MIDDLE,Karthus,Katarina,0.6666666666666666,3
MIDDLE,Katarina,Karthus,0.3333333333333333,3
TOP,Mordekaiser,Naafiri,0.0,1
TOP,Naafiri,Mordekaiser,1.0,1
BOTTOM,Brand,Zeri,0.6153846153846154,13
BOTTOM,Zeri,Brand,0.38461538461538464,13
BOTTOM,Cassiopeia,Vladimir,0.5,4
BOTTOM,Vladimir,Cassiopeia,0.5,4
JUNGLE,Udyr,Qiyana,0.16666666666666666,6
JUNGLE,Qiyana,Udyr,0.8333333333333334,6
MIDDLE,Lux,Karthus,0.0,1
MIDDLE,Karthus,Lux,1.0,1
UTILITY,Nidalee,Soraka,0.0,3
UTILITY,Soraka,Nidalee,1.0,3
TOP,Akali,LeeSin,0.5,4
TOP,LeeSin,Akali,0.5,4
TOP,DrMundo,Zac,0.0,1
TOP,Zac,DrMundo,1.0,1
MIDDLE,XinZhao,Twitch,1.0,1
MIDDLE,Twitch,XinZhao,0.0,1
JUNGLE,Shyvana,MasterYi,1.0,4
JUNGLE,MasterYi,Shyvana,0.0,4
JUNGLE,Shaco,Pantheon,0.5,12
JUNGLE,Pantheon,Shaco,0.5,12
TOP,Anivia,Kled,0.0,1
TOP,Kled,Anivia,1.0,1
JUNGLE,Draven,Belveth,0.0,1
JUNGLE,Belveth,Draven,1.0,1
MIDDLE,Kalista,Leblanc,0.5,2
MIDDLE,Leblanc,Kalista,0.5,2
TOP,Varus,Maokai,0.0,2
TOP,Maokai,Varus,1.0,2
MIDDLE,Pantheon,Azir,1.0,1
MIDDLE,Azir,Pantheon,0.0,1
TOP,Tryndamere,Kalista,1.0,1
TOP,Kalista,Tryndamere,0.0,1
MIDDLE,Gangplank,Veigar,1.0,1
MIDDLE,Veigar,Gangplank,0.0,1
BOTTOM,Fiora,Nilah,0.0,2
BOTTOM,Nilah,Fiora,1.0,2
MIDDLE,Hwei,JarvanIV,0.0,1
MIDDLE,JarvanIV,Hwei,1.0,1
UTILITY,Gragas,Nami,0.0,2
UTILITY,Nami,Gragas,1.0,2
UTILITY,Zyra,Soraka,1.0,2
UTILITY,Soraka,Zyra,0.0,2
BOTTOM,Samira,Xerath,0.0,1
BOTTOM,Xerath,Samira,1.0,1
MIDDLE,Rumble,Sylas,0.4,5
MIDDLE,Sylas,Rumble,0.6,5
TOP,Aatrox,Zed,0.0,1
TOP,Zed,Aatrox,1.0,1
JUNGLE,Pantheon,Shyvana,0.42857142857142855,7
JUNGLE,Shyvana,Pantheon,0.5714285714285714,7
TOP,Yasuo,Kassadin,0.0,2
TOP,Kassadin,Yasuo,1.0,2
JUNGLE,Sett,JarvanIV,0.25,4
JUNGLE,JarvanIV,Sett,0.75,4
MIDDLE,Nidalee,Teemo,0.0,1
MIDDLE,Teemo,Nidalee,1.0,1
MIDDLE,Viktor,Camille,0.5,2
MIDDLE,Camille,Viktor,0.5,2
MIDDLE,Akshan,Veigar,0.0,2
MIDDLE,Veigar,Akshan,1.0,2
MIDDLE,Singed,Cassiopeia,0.0,5
MIDDLE,Cassiopeia,Singed,1.0,5
TOP,MasterYi,Tryndamere,1.0,1
TOP,Tryndamere,MasterYi,0.0,1
TOP,Gwen,Warwick,0.0,2
TOP,Warwick,Gwen,1.0,2
TOP,Malphite,Azir,1.0,1
TOP,Azir,Malphite,0.0,1
MIDDLE,Veigar,Cassiopeia,1.0,1
MIDDLE,Cassiopeia,Veigar,0.0,1
TOP,Jayce,Karthus,0.3333333333333333,3
TOP,Karthus,Jayce,0.6666666666666666,3
TOP,Kayle,Lucian,0.0,1
TOP,Lucian,Kayle,1.0,1
TOP,Karthus,Sion,0.4,5
TOP,Sion,Karthus,0.6,5
BOTTOM,Nilah,Smolder,0.3333333333333333,9
BOTTOM,Smolder,Nilah,0.6666666666666666,9
TOP,Yasuo,Kled,1.0,1
TOP,Kled,Yasuo,0.0,1
TOP,Gwen,Leblanc,0.0,1
TOP,Leblanc,Gwen,1.0,1
BOTTOM,Zilean,Smolder,0.6,5
BOTTOM,Smolder,Zilean,0.4,5
UTILITY,Swain,Renata,0.5,2
UTILITY,Renata,Swain,0.5,2
TOP,Akali,Swain,1.0,1
TOP,Swain,Akali,0.0,1
TOP,Kalista,Draven,0.5,2
TOP,Draven,Kalista,0.5,2
TOP,Varus,Zilean,0.5,4
TOP,Zilean,Varus,0.5,4
BOTTOM,Seraphine,Karthus,0.2222222222222222,9
BOTTOM,Karthus,Seraphine,0.7777777777777778,9
JUNGLE,Gwen,Taliyah,0.0,3
JUNGLE,Taliyah,Gwen,1.0,3
TOP,Heimerdinger,Olaf,0.0,1
TOP,Olaf,Heimerdinger,1.0,1
UTILITY,Brand,Poppy,0.6,5
UTILITY,Poppy,Brand,0.4,5
MIDDLE,Syndra,Malphite,1.0,1
MIDDLE,Malphite,Syndra,0.0,1
TOP,Karthus,Jax,0.5,2
TOP,Jax,Karthus,0.5,2
TOP,Smolder,Teemo,0.0,2
TOP,Teemo,Smolder,1.0,2
MIDDLE,Akali,Pantheon,0.4,5
MIDDLE,Pantheon,Akali,0.6,5
BOTTOM,Fiora,Katarina,0.5,2
BOTTOM,Katarina,Fiora,0.5,2
TOP,Olaf,Ivern,0.0,2
TOP,Ivern,Olaf,1.0,2
TOP,Malzahar,Shen,0.0,2
TOP,Shen,Malzahar,1.0,2
UTILITY,Nidalee,Thresh,0.25,4
UTILITY,Thresh,Nidalee,0.75,4
TOP,Senna,Warwick,1.0,1
TOP,Warwick,Senna,0.0,1
JUNGLE,Sejuani,Lillia,0.6,5
JUNGLE,Lillia,Sejuani,0.4,5
TOP,Yone,Gangplank,0.6666666666666666,6
TOP,Gangplank,Yone,0.3333333333333333,6
BOTTOM,Teemo,Ezreal,1.0,1
BOTTOM,Ezreal,Teemo,0.0,1
MIDDLE,Malzahar,Shyvana,0.0,1
MIDDLE,Shyvana,Malzahar,1.0,1
BOTTOM,TahmKench,Smolder,0.6666666666666666,3
BOTTOM,Smolder,TahmKench,0.3333333333333333,3
JUNGLE,Jax,Brand,0.0,2
JUNGLE,Brand,Jax,1.0,2
UTILITY,Trundle,Thresh,0.5,2
UTILITY,Thresh,Trundle,0.5,2
UTILITY,Morgana,Seraphine,0.25,4
UTILITY,Seraphine,Morgana,0.75,4
MIDDLE,Qiyana,Seraphine,0.0,1
MIDDLE,Seraphine,Qiyana,1.0,1
BOTTOM,Fiora,Teemo,0.0,1
BOTTOM,Teemo,Fiora,1.0,1
JUNGLE,Udyr,RekSai,0.4444444444444444,9
JUNGLE,RekSai,Udyr,0.5555555555555556,9
BOTTOM,Senna,Viktor,0.75,4
BOTTOM,Viktor,Senna,0.25,4
MIDDLE,Kennen,Ezreal,0.0,1
MIDDLE,Ezreal,Kennen,1.0,1
TOP,Tryndamere,Fiora,0.5,2
TOP,Fiora,Tryndamere,0.5,2
UTILITY,Sona,Nidalee,1.0,1
UTILITY,Nidalee,Sona,0.0,1
TOP,Shyvana,XinZhao,0.6666666666666666,3
TOP,XinZhao,Shyvana,0.3333333333333333,3
JUNGLE,Gwen,Pantheon,0.0,1
JUNGLE,Pantheon,Gwen,1.0,1
UTILITY,Zilean,Trundle,0.0,1
UTILITY,Trundle,Zilean,1.0,1
MIDDLE,Katarina,Senna,1.0,1
MIDDLE,Senna,Katarina,0.0,1
TOP,Renekton,KogMaw,0.0,3
TOP,KogMaw,Renekton,1.0,3
TOP,Volibear,RekSai,0.0,1
TOP,RekSai,Volibear,1.0,1
BOTTOM,Xayah,Shaco,1.0,1
BOTTOM,Shaco,Xayah,0.0,1
TOP,Vayne,Nautilus,1.0,1
TOP,Nautilus,Vayne,0.0,1
UTILITY,Lulu,Mel,1.0,2
UTILITY,Mel,Lulu,0.0,2
TOP,Leblanc,Morgana,0.0,1
TOP,Morgana,Leblanc,1.0,1
MIDDLE,Smolder,Qiyana,0.0,1
MIDDLE,Qiyana,Smolder,1.0,1
UTILITY,Milio,FiddleSticks,1.0,1
UTILITY,FiddleSticks,Milio,0.0,1
JUNGLE,Brand,Zed,0.0,2
JUNGLE,Zed,Brand,1.0,2
MIDDLE,Quinn,Shaco,1.0,1
MIDDLE,Shaco,Quinn,0.0,1
UTILITY,Milio,Taric,0.4,5
UTILITY,Taric,Milio,0.6,5
JUNGLE,Gwen,Elise,1.0,1
JUNGLE,Elise,Gwen,0.0,1
TOP,JarvanIV,Fiora,1.0,1
TOP,Fiora,JarvanIV,0.0,1
TOP,Katarina,Sylas,0.0,1
TOP,Sylas,Katarina,1.0,1
BOTTOM,Ezreal,Fiora,0.26666666666666666,15
BOTTOM,Fiora,Ezreal,0.7333333333333333,15
MIDDLE,Yorick,Aurora,0.0,1
MIDDLE,Aurora,Yorick,1.0,1
TOP,Annie,Gangplank,0.0,2
TOP,Gangplank,Annie,1.0,2
MIDDLE,Yunara,Brand,0.0,1
MIDDLE,Brand,Yunara,1.0,1
TOP,Naafiri,Ornn,0.5,2
TOP,Ornn,Naafiri,0.5,2
MIDDLE,Hwei,Nasus,0.5,2
MIDDLE,Nasus,Hwei,0.5,2
UTILITY,Pantheon,Rammus,0.5,2
UTILITY,Rammus,Pantheon,0.5,2
MIDDLE,Vex,Tryndamere,0.5,2
MIDDLE,Tryndamere,Vex,0.5,2
TOP,Cassiopeia,Kayle,0.5,4
TOP,Kayle,Cassiopeia,0.5,4
TOP,Kled,Warwick,0.0,1
TOP,Warwick,Kled,1.0,1
MIDDLE,Tryndamere,Fizz,0.5,2
MIDDLE,Fizz,Tryndamere,0.5,2
JUNGLE,Shaco,Brand,0.4,5
JUNGLE,Brand,Shaco,0.6,5
MIDDLE,Smolder,Ekko,0.6,5
MIDDLE,Ekko,Smolder,0.4,5
TOP,Lissandra,KSante,0.5,2
TOP,KSante,Lissandra,0.5,2
BOTTOM,Katarina,Smolder,0.6,5
BOTTOM,Smolder,Katarina,0.4,5
JUNGLE,AurelionSol,Poppy,0.0,1
JUNGLE,Poppy,AurelionSol,1.0,1
MIDDLE,LeeSin,Leblanc,0.5,2
MIDDLE,Leblanc,LeeSin,0.5,2
BOTTOM,Tristana,Xerath,0.6666666666666666,3
BOTTOM,Xerath,Tristana,0.3333333333333333,3
JUNGLE,Briar,RekSai,0.4,5
JUNGLE,RekSai,Briar,0.6,5
TOP,Karma,Udyr,1.0,1
TOP,Udyr,Karma,0.0,1
TOP,Zilean,XinZhao,0.0,1
TOP,XinZhao,Zilean,1.0,1
UTILITY,Shaco,Nocturne,1.0,1
UTILITY,Nocturne,Shaco,0.0,1
MIDDLE,XinZhao,Singed,1.0,2
MIDDLE,Singed,XinZhao,0.0,2
TOP,Zoe,Mordekaiser,1.0,1
TOP,Mordekaiser,Zoe,0.0,1
MIDDLE,Zilean,XinZhao,0.5,2
MIDDLE,XinZhao,Zilean,0.5,2
MIDDLE,XinZhao,Ryze,0.5,8
MIDDLE,Ryze,XinZhao,0.5,8
MIDDLE,XinZhao,Zed,0.8571428571428571,7
MIDDLE,Zed,XinZhao,0.14285714285714285,7
MIDDLE,Yone,XinZhao,0.36363636363636365,11
MIDDLE,XinZhao,Yone,0.6363636363636364,11
MIDDLE,XinZhao,Lux,1.0,1
MIDDLE,Lux,XinZhao,0.0,1
UTILITY,Qiyana,KSante,1.0,1
UTILITY,KSante,Qiyana,0.0,1
MIDDLE,Galio,XinZhao,0.16666666666666666,6
MIDDLE,XinZhao,Galio,0.8333333333333334,6
MIDDLE,Diana,Karma,0.0,2
MIDDLE,Karma,Diana,1.0,2
TOP,Varus,Katarina,0.6666666666666666,3
TOP,Katarina,Varus,0.3333333333333333,3
JUNGLE,Rumble,Skarner,0.0,1
JUNGLE,Skarner,Rumble,1.0,1
JUNGLE,Rengar,Ivern,0.2,5
JUNGLE,Ivern,Rengar,0.8,5
JUNGLE,Nocturne,Poppy,0.6666666666666666,3
JUNGLE,Poppy,Nocturne,0.3333333333333333,3
JUNGLE,Warwick,Riven,1.0,1
JUNGLE,Riven,Warwick,0.0,1
MIDDLE,Ambessa,Cassiopeia,0.75,4
MIDDLE,Cassiopeia,Ambessa,0.25,4
MIDDLE,Ezreal,Lissandra,0.0,1
MIDDLE,Lissandra,Ezreal,1.0,1
TOP,Leblanc,Kayle,0.5,2
TOP,Kayle,Leblanc,0.5,2
MIDDLE,Lucian,Syndra,0.0,1
MIDDLE,Syndra,Lucian,1.0,1
BOTTOM,Smolder,Teemo,1.0,1
BOTTOM,Teemo,Smolder,0.0,1
BOTTOM,Kennen,Kalista,0.0,1
BOTTOM,Kalista,Kennen,1.0,1
TOP,Qiyana,Teemo,0.0,1
TOP,Teemo,Qiyana,1.0,1
TOP,Vladimir,Ryze,0.4,5
TOP,Ryze,Vladimir,0.6,5
TOP,KogMaw,Teemo,0.5,2
TOP,Teemo,KogMaw,0.5,2
TOP,Zilean,Kayle,0.0,1
TOP,Kayle,Zilean,1.0,1
MIDDLE,XinZhao,Yasuo,0.5,4
MIDDLE,Yasuo,XinZhao,0.5,4
JUNGLE,LeeSin,Brand,0.5,6
JUNGLE,Brand,LeeSin,0.5,6
MIDDLE,Naafiri,Lissandra,0.5,6
MIDDLE,Lissandra,Naafiri,0.5,6
TOP,Kaisa,KSante,0.5,4
TOP,KSante,Kaisa,0.5,4
UTILITY,Maokai,Shaco,0.0,1
UTILITY,Shaco,Maokai,1.0,1
BOTTOM,Viktor,Karthus,1.0,1
BOTTOM,Karthus,Viktor,0.0,1
TOP,Varus,Mel,0.5,2
TOP,Mel,Varus,0.5,2
TOP,Ekko,Ryze,0.0,2
TOP,Ryze,Ekko,1.0,2
TOP,Akali,Veigar,1.0,3
TOP,Veigar,Akali,0.0,3
TOP,Urgot,Heimerdinger,0.4,5
TOP,Heimerdinger,Urgot,0.6,5
TOP,Briar,Sion,0.0,1
TOP,Sion,Briar,1.0,1
JUNGLE,Kayn,Karthus,0.4,5
JUNGLE,Karthus,Kayn,0.6,5
JUNGLE,Ezreal,Diana,1.0,1
JUNGLE,Diana,Ezreal,0.0,1
JUNGLE,Diana,Sejuani,0.0,2
JUNGLE,Sejuani,Diana,1.0,2
UTILITY,Senna,Fiora,1.0,2
UTILITY,Fiora,Senna,0.0,2
TOP,FiddleSticks,Anivia,0.0,1
TOP,Anivia,FiddleSticks,1.0,1
MIDDLE,Qiyana,XinZhao,0.5,8
MIDDLE,XinZhao,Qiyana,0.5,8
MIDDLE,Xerath,Ornn,1.0,1
MIDDLE,Ornn,Xerath,0.0,1
MIDDLE,Leblanc,Twitch,0.5,2
MIDDLE,Twitch,Leblanc,0.5,2
TOP,Renekton,Lissandra,1.0,1
TOP,Lissandra,Renekton,0.0,1
TOP,Olaf,Irelia,0.5,12
TOP,Irelia,Olaf,0.5,12
JUNGLE,Taliyah,Olaf,0.6666666666666666,3
JUNGLE,Olaf,Taliyah,0.3333333333333333,3
BOTTOM,Annie,Ekko,0.0,1
BOTTOM,Ekko,Annie,1.0,1
TOP,Sylas,Kayle,0.3333333333333333,3
TOP,Kayle,Sylas,0.6666666666666666,3
TOP,Heimerdinger,Nidalee,0.0,1
TOP,Nidalee,Heimerdinger,1.0,1
TOP,Gnar,Seraphine,0.0,1
TOP,Seraphine,Gnar,1.0,1
BOTTOM,Viktor,Aphelios,0.0,2
BOTTOM,Aphelios,Viktor,1.0,2
BOTTOM,AurelionSol,Karthus,0.5,6
BOTTOM,Karthus,AurelionSol,0.5,6
TOP,Garen,Smolder,0.0,1
TOP,Smolder,Garen,1.0,1
MIDDLE,Vladimir,XinZhao,0.14285714285714285,7
MIDDLE,XinZhao,Vladimir,0.8571428571428571,7
UTILITY,Leona,Xerath,0.5,2
UTILITY,Xerath,Leona,0.5,2
TOP,Teemo,Lissandra,0.5,2
TOP,Lissandra,Teemo,0.5,2
UTILITY,Thresh,Morgana,0.45454545454545453,11
UTILITY,Morgana,Thresh,0.5454545454545454,11
MIDDLE,Jayce,Leblanc,0.625,8
MIDDLE,Leblanc,Jayce,0.375,8
TOP,Smolder,Riven,1.0,1
TOP,Riven,Smolder,0.0,1
JUNGLE,Evelynn,Volibear,0.0,1
JUNGLE,Volibear,Evelynn,1.0,1
TOP,Kayle,XinZhao,0.0,2
TOP,XinZhao,Kayle,1.0,2
MIDDLE,Kaisa,Talon,0.0,1
MIDDLE,Talon,Kaisa,1.0,1
TOP,Aatrox,Brand,1.0,4
TOP,Brand,Aatrox,0.0,4
TOP,Varus,TahmKench,0.5,2
TOP,TahmKench,Varus,0.5,2
UTILITY,Trundle,Janna,0.0,2
UTILITY,Janna,Trundle,1.0,2
TOP,Fiora,Volibear,1.0,2
TOP,Volibear,Fiora,0.0,2
JUNGLE,Zed,Warwick,0.0,1
JUNGLE,Warwick,Zed,1.0,1
TOP,Annie,Yorick,1.0,1
TOP,Yorick,Annie,0.0,1
BOTTOM,Vladimir,Senna,0.7,10
BOTTOM,Senna,Vladimir,0.3,10
MIDDLE,XinZhao,Anivia,0.4,10
MIDDLE,Anivia,XinZhao,0.6,10
TOP,Kayle,Zac,0.0,2
TOP,Zac,Kayle,1.0,2
MIDDLE,Velkoz,Naafiri,0.6666666666666666,3
MIDDLE,Naafiri,Velkoz,0.3333333333333333,3
TOP,Naafiri,Singed,0.5714285714285714,7
TOP,Singed,Naafiri,0.42857142857142855,7
JUNGLE,Diana,Brand,0.4,5
JUNGLE,Brand,Diana,0.6,5
MIDDLE,XinZhao,Sion,0.5,4
MIDDLE,Sion,XinZhao,0.5,4
UTILITY,Shaco,Taric,0.5,2
UTILITY,Taric,Shaco,0.5,2
TOP,Qiyana,Cassiopeia,0.6666666666666666,3
TOP,Cassiopeia,Qiyana,0.3333333333333333,3
UTILITY,Swain,Camille,0.5,2
UTILITY,Camille,Swain,0.5,2
MIDDLE,Orianna,Riven,0.5833333333333334,12
MIDDLE,Riven,Orianna,0.4166666666666667,12
JUNGLE,Neeko,Olaf,0.0,1
JUNGLE,Olaf,Neeko,1.0,1
MIDDLE,Ezreal,Irelia,1.0,1
MIDDLE,Irelia,Ezreal,0.0,1
TOP,MasterYi,Sett,1.0,1
TOP,Sett,MasterYi,0.0,1
JUNGLE,Riven,Khazix,0.8,5
JUNGLE,Khazix,Riven,0.2,5
TOP,Fiora,Ashe,0.0,1
TOP,Ashe,Fiora,1.0,1
TOP,Fiora,TahmKench,1.0,2
TOP,TahmKench,Fiora,0.0,2
UTILITY,Brand,Janna,0.6666666666666666,6
UTILITY,Janna,Brand,0.3333333333333333,6
JUNGLE,Qiyana,Warwick,0.75,4
JUNGLE,Warwick,Qiyana,0.25,4
MIDDLE,Darius,Vex,0.0,1
MIDDLE,Vex,Darius,1.0,1
JUNGLE,Gragas,Neeko,0.0,1
JUNGLE,Neeko,Gragas,1.0,1
MIDDLE,Talon,Velkoz,0.0,1
MIDDLE,Velkoz,Talon,1.0,1
TOP,Yorick,Naafiri,0.0,1
TOP,Naafiri,Yorick,1.0,1
JUNGLE,Viego,Amumu,1.0,2
JUNGLE,Amumu,Viego,0.0,2
MIDDLE,Velkoz,Lux,1.0,1
MIDDLE,Lux,Velkoz,0.0,1
JUNGLE,Rengar,Morgana,0.0,1
JUNGLE,Morgana,Rengar,1.0,1
UTILITY,Taric,Zilean,0.3333333333333333,6
UTILITY,Zilean,Taric,0.6666666666666666,6
JUNGLE,Warwick,Talon,0.3333333333333333,3
JUNGLE,Talon,Warwick,0.6666666666666666,3
MIDDLE,XinZhao,Syndra,0.7,10
MIDDLE,Syndra,XinZhao,0.3,10
JUNGLE,Rammus,Briar,0.0,2
JUNGLE,Briar,Rammus,1.0,2
TOP,Katarina,Aurora,0.0,2
TOP,Aurora,Katarina,1.0,2
MIDDLE,Viktor,XinZhao,0.36363636363636365,11
MIDDLE,XinZhao,Viktor,0.6363636363636364,11
JUNGLE,Teemo,Nocturne,0.0,1
JUNGLE,Nocturne,Teemo,1.0,1
MIDDLE,Anivia,Naafiri,0.4,5
MIDDLE,Naafiri,Anivia,0.6,5
TOP,Rumble,XinZhao,0.8333333333333334,6
TOP,XinZhao,Rumble,0.16666666666666666,6
MIDDLE,Brand,XinZhao,0.25,4
MIDDLE,XinZhao,Brand,0.75,4
TOP,Vayne,Sett,0.6666666666666666,6
TOP,Sett,Vayne,0.3333333333333333,6
MIDDLE,Gragas,Annie,0.3333333333333333,3
MIDDLE,Annie,Gragas,0.6666666666666666,3
UTILITY,Brand,Shaco,0.5,2
UTILITY,Shaco,Brand,0.5,2
TOP,LeeSin,Fiora,0.0,2
TOP,Fiora,LeeSin,1.0,2
UTILITY,Galio,Rakan,0.75,4
UTILITY,Rakan,Galio,0.25,4
UTILITY,Seraphine,Galio,1.0,1
UTILITY,Galio,Seraphine,0.0,1
MIDDLE,XinZhao,Lissandra,1.0,3
MIDDLE,Lissandra,XinZhao,0.0,3
JUNGLE,Naafiri,Volibear,1.0,2
JUNGLE,Volibear,Naafiri,0.0,2
MIDDLE,Qiyana,Renekton,1.0,1
MIDDLE,Renekton,Qiyana,0.0,1
MIDDLE,Veigar,XinZhao,0.75,4
MIDDLE,XinZhao,Veigar,0.25,4
TOP,Yorick,Camille,0.3333333333333333,3
TOP,Camille,Yorick,0.6666666666666666,3
JUNGLE,MasterYi,Sylas,0.6,10
JUNGLE,Sylas,MasterYi,0.4,10
UTILITY,Pantheon,Camille,0.5,6
UTILITY,Camille,Pantheon,0.5,6
TOP,Singed,Zoe,1.0,1
TOP,Zoe,Singed,0.0,1
TOP,Quinn,Qiyana,0.0,2
TOP,Qiyana,Quinn,1.0,2
MIDDLE,Lissandra,Zoe,0.6666666666666666,6
MIDDLE,Zoe,Lissandra,0.3333333333333333,6
TOP,Ivern,Camille,1.0,1
TOP,Camille,Ivern,0.0,1
MIDDLE,Jayce,XinZhao,0.6,5
MIDDLE,XinZhao,Jayce,0.4,5
MIDDLE,Diana,Ezreal,0.5,2
MIDDLE,Ezreal,Diana,0.5,2
TOP,Skarner,Akali,0.0,1
TOP,Akali,Skarner,1.0,1
BOTTOM,Yasuo,Syndra,0.3333333333333333,6
BOTTOM,Syndra,Yasuo,0.6666666666666666,6
MIDDLE,Irelia,Hwei,0.8,5
MIDDLE,Hwei,Irelia,0.2,5
TOP,Leblanc,Taliyah,0.0,1
TOP,Taliyah,Leblanc,1.0,1
BOTTOM,Cassiopeia,Yone,0.0,1
BOTTOM,Yone,Cassiopeia,1.0,1
BOTTOM,Draven,Tristana,0.875,16
BOTTOM,Tristana,Draven,0.125,16
TOP,Trundle,Aatrox,0.6666666666666666,3
TOP,Aatrox,Trundle,0.3333333333333333,3
JUNGLE,Pantheon,Udyr,0.42857142857142855,7
JUNGLE,Udyr,Pantheon,0.5714285714285714,7
JUNGLE,Darius,Kindred,0.0,2
JUNGLE,Kindred,Darius,1.0,2
MIDDLE,Pantheon,Sion,0.3333333333333333,3
MIDDLE,Sion,Pantheon,0.6666666666666666,3
TOP,AurelionSol,Illaoi,1.0,1
TOP,Illaoi,AurelionSol,0.0,1
MIDDLE,Aurora,Rammus,0.0,1
MIDDLE,Rammus,Aurora,1.0,1
MIDDLE,Yasuo,Zyra,0.0,1
MIDDLE,Zyra,Yasuo,1.0,1
BOTTOM,Caitlyn,Ekko,0.6,5
BOTTOM,Ekko,Caitlyn,0.4,5
TOP,Annie,Warwick,1.0,2
TOP,Warwick,Annie,0.0,2
TOP,Nidalee,Yone,0.3333333333333333,3
TOP,Yone,Nidalee,0.6666666666666666,3
TOP,Syndra,Varus,0.5,2
TOP,Varus,Syndra,0.5,2
JUNGLE,Morgana,Kayn,1.0,1
JUNGLE,Kayn,Morgana,0.0,1
TOP,KSante,Heimerdinger,0.5,2
TOP,Heimerdinger,KSante,0.5,2
JUNGLE,Rengar,Sejuani,0.25,4
JUNGLE,Sejuani,Rengar,0.75,4
UTILITY,Nami,XinZhao,0.0,1
UTILITY,XinZhao,Nami,1.0,1
JUNGLE,Amumu,Kayn,0.0,1
JUNGLE,Kayn,Amumu,1.0,1
JUNGLE,Shaco,Shyvana,0.4375,16
JUNGLE,Shyvana,Shaco,0.5625,16
MIDDLE,XinZhao,Zoe,0.0,2
MIDDLE,Zoe,XinZhao,1.0,2
MIDDLE,Vi,Fizz,0.0,1
MIDDLE,Fizz,Vi,1.0,1
MIDDLE,Gangplank,Ryze,0.0,1
MIDDLE,Ryze,Gangplank,1.0,1
JUNGLE,Warwick,Naafiri,1.0,1
JUNGLE,Naafiri,Warwick,0.0,1
UTILITY,Amumu,Senna,0.3333333333333333,3
UTILITY,Senna,Amumu,0.6666666666666666,3
TOP,Talon,Darius,0.0,1
TOP,Darius,Talon,1.0,1
JUNGLE,Pantheon,Warwick,1.0,1
JUNGLE,Warwick,Pantheon,0.0,1
JUNGLE,Sett,Pantheon,0.6666666666666666,3
JUNGLE,Pantheon,Sett,0.3333333333333333,3
MIDDLE,Neeko,Hwei,0.5,2
MIDDLE,Hwei,Neeko,0.5,2
JUNGLE,Shyvana,Aatrox,0.5,4
JUNGLE,Aatrox,Shyvana,0.5,4
TOP,Udyr,Garen,0.75,4
TOP,Garen,Udyr,0.25,4
MIDDLE,Kayle,Zoe,0.3333333333333333,3
MIDDLE,Zoe,Kayle,0.6666666666666666,3
UTILITY,Sylas,Velkoz,1.0,4
UTILITY,Velkoz,Sylas,0.0,4
BOTTOM,Brand,Heimerdinger,0.5,2
BOTTOM,Heimerdinger,Brand,0.5,2
TOP,Vayne,Maokai,0.0,2
TOP,Maokai,Vayne,1.0,2
JUNGLE,TahmKench,Zed,0.0,1
JUNGLE,Zed,TahmKench,1.0,1
BOTTOM,Syndra,Katarina,0.6666666666666666,3
BOTTOM,Katarina,Syndra,0.3333333333333333,3
UTILITY,TahmKench,Braum,0.5,2
UTILITY,Braum,TahmKench,0.5,2
MIDDLE,Brand,Jayce,1.0,1
MIDDLE,Jayce,Brand,0.0,1
BOTTOM,Heimerdinger,Caitlyn,0.25,4
BOTTOM,Caitlyn,Heimerdinger,0.75,4
JUNGLE,Gragas,Shen,1.0,1
JUNGLE,Shen,Gragas,0.0,1
MIDDLE,Annie,Ziggs,1.0,2
MIDDLE,Ziggs,Annie,0.0,2
BOTTOM,Katarina,Lux,0.5,2
BOTTOM,Lux,Katarina,0.5,2
MIDDLE,Seraphine,Zed,0.6666666666666666,3
MIDDLE,Zed,Seraphine,0.3333333333333333,3
MIDDLE,Kassadin,Lucian,0.0,1
MIDDLE,Lucian,Kassadin,1.0,1
TOP,Aurora,Xayah,0.0,1
TOP,Xayah,Aurora,1.0,1
JUNGLE,Evelynn,MonkeyKing,0.2,5
JUNGLE,MonkeyKing,Evelynn,0.8,5
TOP,Annie,Aurora,0.0,2
TOP,Aurora,Annie,1.0,2
TOP,XinZhao,Malphite,0.6666666666666666,3
TOP,Malphite,XinZhao,0.3333333333333333,3
TOP,Vladimir,Riven,0.14285714285714285,7
TOP,Riven,Vladimir,0.8571428571428571,7
TOP,DrMundo,Briar,0.0,1
TOP,Briar,DrMundo,1.0,1
TOP,Nasus,Camille,0.5,4
TOP,Camille,Nasus,0.5,4
JUNGLE,Warwick,Teemo,1.0,1
JUNGLE,Teemo,Warwick,0.0,1
BOTTOM,Annie,Jhin,0.3333333333333333,3
BOTTOM,Jhin,Annie,0.6666666666666666,3
MIDDLE,Gwen,Lissandra,1.0,1
MIDDLE,Lissandra,Gwen,0.0,1
TOP,Zed,Yasuo,1.0,1
TOP,Yasuo,Zed,0.0,1
JUNGLE,Gragas,Kindred,0.5,2
JUNGLE,Kindred,Gragas,0.5,2
MIDDLE,Annie,FiddleSticks,0.5,2
MIDDLE,FiddleSticks,Annie,0.5,2
MIDDLE,Annie,Ezreal,0.5,2
MIDDLE,Ezreal,Annie,0.5,2
TOP,Tristana,DrMundo,0.0,1
TOP,DrMundo,Tristana,1.0,1
TOP,Lissandra,Kalista,1.0,1
TOP,Kalista,Lissandra,0.0,1
TOP,Ornn,AurelionSol,0.5,2
TOP,AurelionSol,Ornn,0.5,2
UTILITY,Qiyana,Sylas,1.0,1
UTILITY,Sylas,Qiyana,0.0,1
JUNGLE,Shyvana,MonkeyKing,0.375,8
JUNGLE,MonkeyKing,Shyvana,0.625,8
TOP,Zac,Varus,1.0,1
TOP,Varus,Zac,0.0,1
JUNGLE,Nidalee,Nasus,1.0,1
JUNGLE,Nasus,Nidalee,0.0,1
JUNGLE,Vi,Nasus,0.5,4
JUNGLE,Nasus,Vi,0.5,4
TOP,Kayle,Smolder,1.0,1
TOP,Smolder,Kayle,0.0,1
UTILITY,Lux,Zyra,1.0,1
UTILITY,Zyra,Lux,0.0,1
UTILITY,Poppy,Anivia,1.0,1
UTILITY,Anivia,Poppy,0.0,1
MIDDLE,FiddleSticks,Brand,1.0,1
MIDDLE,Brand,FiddleSticks,0.0,1
UTILITY,Trundle,Sona,0.0,1
UTILITY,Sona,Trundle,1.0,1
TOP,FiddleSticks,Annie,0.0,1
TOP,Annie,FiddleSticks,1.0,1
UTILITY,Zilean,Ashe,1.0,1
UTILITY,Ashe,Zilean,0.0,1
MIDDLE,Cassiopeia,FiddleSticks,1.0,1
MIDDLE,FiddleSticks,Cassiopeia,0.0,1
MIDDLE,Ezreal,Tristana,0.0,1
MIDDLE,Tristana,Ezreal,1.0,1
TOP,Gragas,Kaisa,0.0,1
TOP,Kaisa,Gragas,1.0,1
UTILITY,Trundle,Milio,0.0,1
UTILITY,Milio,Trundle,1.0,1
TOP,Vladimir,Annie,0.3333333333333333,3
TOP,Annie,Vladimir,0.6666666666666666,3
MIDDLE,Fizz,Annie,0.25,8
MIDDLE,Annie,Fizz,0.75,8
BOTTOM,Vayne,Cassiopeia,0.0,1
BOTTOM,Cassiopeia,Vayne,1.0,1
BOTTOM,Akshan,Nilah,0.0,1
BOTTOM,Nilah,Akshan,1.0,1
TOP,Viktor,Swain,1.0,1
TOP,Swain,Viktor,0.0,1
UTILITY,Xerath,Janna,1.0,2
UTILITY,Janna,Xerath,0.0,2
UTILITY,TahmKench,Elise,0.3333333333333333,3
UTILITY,Elise,TahmKench,0.6666666666666666,3
UTILITY,Lulu,Gragas,0.0,3
UTILITY,Gragas,Lulu,1.0,3
UTILITY,Camille,Lulu,0.5833333333333334,12
UTILITY,Lulu,Camille,0.4166666666666667,12
BOTTOM,Vladimir,Singed,0.0,1
BOTTOM,Singed,Vladimir,1.0,1
MIDDLE,Annie,Pantheon,0.25,4
MIDDLE,Pantheon,Annie,0.75,4
JUNGLE,Sejuani,Camille,0.5,2
JUNGLE,Camille,Sejuani,0.5,2
MIDDLE,Ezreal,Syndra,1.0,1
MIDDLE,Syndra,Ezreal,0.0,1
TOP,Brand,Garen,0.5,2
TOP,Garen,Brand,0.5,2
TOP,Gangplank,Aphelios,0.0,1
TOP,Aphelios,Gangplank,1.0,1
TOP,Tryndamere,Zed,1.0,1
TOP,Zed,Tryndamere,0.0,1
TOP,Jayce,Rammus,0.0,1
TOP,Rammus,Jayce,1.0,1
MIDDLE,Aphelios,Sylas,0.0,1
MIDDLE,Sylas,Aphelios,1.0,1
TOP,Chogath,Talon,0.0,1
TOP,Talon,Chogath,1.0,1
UTILITY,Lulu,Jhin,0.0,1
UTILITY,Jhin,Lulu,1.0,1
JUNGLE,Brand,Jayce,0.6666666666666666,3
JUNGLE,Jayce,Brand,0.3333333333333333,3
UTILITY,Thresh,TahmKench,0.5833333333333334,12
UTILITY,TahmKench,Thresh,0.4166666666666667,12
TOP,Yasuo,RekSai,0.0,1
TOP,RekSai,Yasuo,1.0,1
MIDDLE,Hwei,Gangplank,0.5,2
MIDDLE,Gangplank,Hwei,0.5,2
TOP,Teemo,Annie,0.25,4
TOP,Annie,Teemo,0.75,4
MIDDLE,Yorick,Vladimir,0.0,2
MIDDLE,Vladimir,Yorick,1.0,2
BOTTOM,Nilah,Zeri,0.5714285714285714,7
BOTTOM,Zeri,Nilah,0.42857142857142855,7
TOP,Brand,AurelionSol,1.0,1
TOP,AurelionSol,Brand,0.0,1
TOP,Quinn,Camille,0.2,5
TOP,Camille,Quinn,0.8,5
MIDDLE,Jayce,Cassiopeia,0.45454545454545453,11
MIDDLE,Cassiopeia,Jayce,0.5454545454545454,11
JUNGLE,Sylas,Olaf,0.6666666666666666,6
JUNGLE,Olaf,Sylas,0.3333333333333333,6
BOTTOM,Veigar,Lucian,0.25,4
BOTTOM,Lucian,Veigar,0.75,4
TOP,Maokai,Fiora,0.0,2
TOP,Fiora,Maokai,1.0,2
JUNGLE,Kayn,Pantheon,0.5714285714285714,7
JUNGLE,Pantheon,Kayn,0.42857142857142855,7
BOTTOM,KogMaw,Heimerdinger,0.0,1
BOTTOM,Heimerdinger,KogMaw,1.0,1
TOP,Singed,Viktor,1.0,1
TOP,Viktor,Singed,0.0,1
TOP,Lissandra,Ornn,0.5,2
TOP,Ornn,Lissandra,0.5,2
UTILITY,Thresh,Swain,0.5,2
UTILITY,Swain,Thresh,0.5,2
MIDDLE,Akshan,Morgana,0.0,2
MIDDLE,Morgana,Akshan,1.0,2
UTILITY,Pantheon,Nidalee,0.5,2
UTILITY,Nidalee,Pantheon,0.5,2
MIDDLE,Leblanc,Viego,0.3333333333333333,3
MIDDLE,Viego,Leblanc,0.6666666666666666,3
TOP,MonkeyKing,Ivern,1.0,1
TOP,Ivern,MonkeyKing,0.0,1
BOTTOM,Syndra,Vayne,1.0,3
BOTTOM,Vayne,Syndra,0.0,3
JUNGLE,Udyr,Evelynn,0.6666666666666666,3
JUNGLE,Evelynn,Udyr,0.3333333333333333,3
MIDDLE,Xerath,Corki,1.0,1
MIDDLE,Corki,Xerath,0.0,1
BOTTOM,Caitlyn,TahmKench,0.0,2
BOTTOM,TahmKench,Caitlyn,1.0,2
TOP,Ivern,Cassiopeia,0.0,1
TOP,Cassiopeia,Ivern,1.0,1
BOTTOM,Corki,Yone,1.0,1
BOTTOM,Yone,Corki,0.0,1
BOTTOM,Qiyana,Pyke,0.0,1
BOTTOM,Pyke,Qiyana,1.0,1
MIDDLE,Ambessa,Smolder,0.0,1
MIDDLE,Smolder,Ambessa,1.0,1
MIDDLE,Viego,Viktor,0.0,1
MIDDLE,Viktor,Viego,1.0,1
TOP,Kayle,Shen,0.6666666666666666,3
TOP,Shen,Kayle,0.3333333333333333,3
MIDDLE,Zilean,Yasuo,0.0,2
MIDDLE,Yasuo,Zilean,1.0,2
TOP,Yasuo,Shaco,1.0,1
TOP,Shaco,Yasuo,0.0,1
MIDDLE,Talon,Tryndamere,0.0,1
MIDDLE,Tryndamere,Talon,1.0,1
TOP,Gragas,Teemo,0.0,2
TOP,Teemo,Gragas,1.0,2
TOP,Smolder,Nasus,0.0,1
TOP,Nasus,Smolder,1.0,1
UTILITY,Braum,Morgana,0.3333333333333333,3
UTILITY,Morgana,Braum,0.6666666666666666,3
MIDDLE,FiddleSticks,Talon,0.0,1
MIDDLE,Talon,FiddleSticks,1.0,1
MIDDLE,Varus,Lux,0.0,1
MIDDLE,Lux,Varus,1.0,1
JUNGLE,Viego,Evelynn,0.3333333333333333,9
JUNGLE,Evelynn,Viego,0.6666666666666666,9
TOP,Varus,Sejuani,1.0,2
TOP,Sejuani,Varus,0.0,2
JUNGLE,Nautilus,DrMundo,0.0,1
JUNGLE,DrMundo,Nautilus,1.0,1
MIDDLE,Qiyana,Kalista,0.0,1
MIDDLE,Kalista,Qiyana,1.0,1
TOP,Zac,Vayne,0.3333333333333333,3
TOP,Vayne,Zac,0.6666666666666666,3
MIDDLE,Fizz,Riven,0.2857142857142857,7
MIDDLE,Riven,Fizz,0.7142857142857143,7
MIDDLE,Lissandra,Tryndamere,0.3333333333333333,3
MIDDLE,Tryndamere,Lissandra,0.6666666666666666,3
TOP,Quinn,Teemo,0.0,1
TOP,Teemo,Quinn,1.0,1
TOP,Olaf,Akali,0.4166666666666667,12
TOP,Akali,Olaf,0.5833333333333334,12
TOP,Naafiri,Fiora,0.0,3
TOP,Fiora,Naafiri,1.0,3
JUNGLE,Fizz,Olaf,1.0,1
JUNGLE,Olaf,Fizz,0.0,1
TOP,Vladimir,Sylas,0.6666666666666666,3
TOP,Sylas,Vladimir,0.3333333333333333,3
UTILITY,Udyr,Brand,0.0,1
UTILITY,Brand,Udyr,1.0,1
TOP,Sion,JarvanIV,1.0,1
TOP,JarvanIV,Sion,0.0,1
JUNGLE,Brand,Neeko,0.0,1
JUNGLE,Neeko,Brand,1.0,1
TOP,Vex,Chogath,1.0,1
TOP,Chogath,Vex,0.0,1
UTILITY,Leona,Brand,0.6666666666666666,9
UTILITY,Brand,Leona,0.3333333333333333,9
BOTTOM,Ekko,Riven,0.0,2
BOTTOM,Riven,Ekko,1.0,2
MIDDLE,Singed,Yone,0.3333333333333333,3
MIDDLE,Yone,Singed,0.6666666666666666,3
BOTTOM,Velkoz,Vladimir,0.0,2
BOTTOM,Vladimir,Velkoz,1.0,2
MIDDLE,Zoe,Sivir,0.5,2
MIDDLE,Sivir,Zoe,0.5,2
MIDDLE,Quinn,Zilean,0.0,1
MIDDLE,Zilean,Quinn,1.0,1
UTILITY,Xerath,Nautilus,0.375,8
UTILITY,Nautilus,Xerath,0.625,8
JUNGLE,RekSai,Shyvana,0.7,10
JUNGLE,Shyvana,RekSai,0.3,10
TOP,XinZhao,Ornn,0.0,4
TOP,Ornn,XinZhao,1.0,4
JUNGLE,Brand,Kindred,0.3333333333333333,3
JUNGLE,Kindred,Brand,0.6666666666666666,3
MIDDLE,XinZhao,Tryndamere,1.0,4
MIDDLE,Tryndamere,XinZhao,0.0,4
TOP,TwistedFate,Varus,0.6,5
TOP,Varus,TwistedFate,0.4,5
MIDDLE,Vayne,Anivia,0.5,2
MIDDLE,Anivia,Vayne,0.5,2
JUNGLE,Kayn,Sejuani,0.5,2
JUNGLE,Sejuani,Kayn,0.5,2
UTILITY,Zyra,Camille,1.0,3
UTILITY,Camille,Zyra,0.0,3
MIDDLE,Karthus,Swain,0.0,1
MIDDLE,Swain,Karthus,1.0,1
MIDDLE,Lissandra,Jayce,0.8,5
MIDDLE,Jayce,Lissandra,0.2,5
TOP,Zoe,Malzahar,0.0,1
TOP,Malzahar,Zoe,1.0,1
BOTTOM,Camille,Kalista,0.0,1
BOTTOM,Kalista,Camille,1.0,1
UTILITY,Katarina,Nautilus,0.0,1
UTILITY,Nautilus,Katarina,1.0,1
TOP,AurelionSol,Yone,0.0,1
TOP,Yone,AurelionSol,1.0,1
UTILITY,Fiora,Pyke,0.6666666666666666,3
UTILITY,Pyke,Fiora,0.3333333333333333,3
MIDDLE,TwistedFate,XinZhao,1.0,1
MIDDLE,XinZhao,TwistedFate,0.0,1
TOP,XinZhao,Sett,1.0,1
TOP,Sett,XinZhao,0.0,1
BOTTOM,Anivia,Brand,1.0,1
BOTTOM,Brand,Anivia,0.0,1
TOP,Zaahen,Brand,1.0,1
TOP,Brand,Zaahen,0.0,1
JUNGLE,Gragas,Jayce,0.0,1
JUNGLE,Jayce,Gragas,1.0,1
MIDDLE,Ekko,Neeko,1.0,1
MIDDLE,Neeko,Ekko,0.0,1
TOP,Zaahen,Rengar,0.5,2
TOP,Rengar,Zaahen,0.5,2
TOP,Jayce,Taliyah,1.0,1
TOP,Taliyah,Jayce,0.0,1
MIDDLE,Quinn,XinZhao,0.0,2
MIDDLE,XinZhao,Quinn,1.0,2
TOP,Zac,Shyvana,0.0,1
TOP,Shyvana,Zac,1.0,1
BOTTOM,Smolder,Sion,1.0,1
BOTTOM,Sion,Smolder,0.0,1
MIDDLE,Ahri,Kayn,1.0,1
MIDDLE,Kayn,Ahri,0.0,1
UTILITY,Swain,Brand,1.0,1
UTILITY,Brand,Swain,0.0,1
TOP,Shen,Lillia,0.0,1
TOP,Lillia,Shen,1.0,1
JUNGLE,Ezreal,Brand,0.0,1
JUNGLE,Brand,Ezreal,1.0,1
TOP,Elise,Malphite,0.6666666666666666,3
TOP,Malphite,Elise,0.3333333333333333,3
JUNGLE,Brand,Karthus,0.75,4
JUNGLE,Karthus,Brand,0.25,4
JUNGLE,Poppy,Naafiri,0.5,6
JUNGLE,Naafiri,Poppy,0.5,6
JUNGLE,FiddleSticks,Naafiri,0.6,5
JUNGLE,Naafiri,FiddleSticks,0.4,5
MIDDLE,Pyke,Ahri,0.0,1
MIDDLE,Ahri,Pyke,1.0,1
MIDDLE,Nasus,Zoe,1.0,1
MIDDLE,Zoe,Nasus,0.0,1
TOP,Ahri,Varus,1.0,3
TOP,Varus,Ahri,0.0,3
MIDDLE,Ambessa,Kayle,1.0,1
MIDDLE,Kayle,Ambessa,0.0,1
MIDDLE,Camille,Sylas,1.0,1
MIDDLE,Sylas,Camille,0.0,1
UTILITY,Xerath,Pantheon,0.5,2
UTILITY,Pantheon,Xerath,0.5,2
TOP,Shen,Quinn,1.0,1
TOP,Quinn,Shen,0.0,1
TOP,Jayce,Warwick,0.8,5
TOP,Warwick,Jayce,0.2,5
TOP,Viego,Zed,0.0,1
TOP,Zed,Viego,1.0,1
TOP,Neeko,XinZhao,0.0,1
TOP,XinZhao,Neeko,1.0,1
UTILITY,Sylas,Nidalee,0.0,1
UTILITY,Nidalee,Sylas,1.0,1
BOTTOM,Zyra,Vayne,0.75,4
BOTTOM,Vayne,Zyra,0.25,4
MIDDLE,Tryndamere,Azir,1.0,1
MIDDLE,Azir,Tryndamere,0.0,1
TOP,Zed,Quinn,0.0,1
TOP,Quinn,Zed,1.0,1
TOP,Varus,Zed,0.6,10
TOP,Zed,Varus,0.4,10
TOP,Shen,Zac,1.0,2
TOP,Zac,Shen,0.0,2
UTILITY,Brand,Braum,0.5,4
UTILITY,Braum,Brand,0.5,4
MIDDLE,Kassadin,Fizz,0.5,4
MIDDLE,Fizz,Kassadin,0.5,4
MIDDLE,Zyra,Anivia,0.0,1
MIDDLE,Anivia,Zyra,1.0,1
TOP,Brand,Gragas,0.0,2
TOP,Gragas,Brand,1.0,2
MIDDLE,Trundle,Akshan,0.0,1
MIDDLE,Akshan,Trundle,1.0,1
MIDDLE,Ezreal,Kalista,1.0,1
MIDDLE,Kalista,Ezreal,0.0,1
MIDDLE,Tryndamere,Diana,1.0,3
MIDDLE,Diana,Tryndamere,0.0,3
MIDDLE,Riven,Varus,0.75,4
MIDDLE,Varus,Riven,0.25,4
MIDDLE,Katarina,XinZhao,0.36363636363636365,11
MIDDLE,XinZhao,Katarina,0.6363636363636364,11
MIDDLE,Galio,Tryndamere,0.5,2
MIDDLE,Tryndamere,Galio,0.5,2
TOP,Rengar,Jayce,0.5,2
TOP,Jayce,Rengar,0.5,2
UTILITY,Rengar,Nami,0.0,1
UTILITY,Nami,Rengar,1.0,1
BOTTOM,Kalista,Yasuo,0.7272727272727273,11
BOTTOM,Yasuo,Kalista,0.2727272727272727,11
JUNGLE,JarvanIV,Brand,0.8571428571428571,7
JUNGLE,Brand,JarvanIV,0.14285714285714285,7
JUNGLE,Amumu,Rengar,0.0,2
JUNGLE,Rengar,Amumu,1.0,2
TOP,Yasuo,Zoe,0.5,6
TOP,Zoe,Yasuo,0.5,6
TOP,DrMundo,Chogath,0.6,5
TOP,Chogath,DrMundo,0.4,5
TOP,Gwen,Trundle,1.0,1
TOP,Trundle,Gwen,0.0,1
JUNGLE,Zed,Sejuani,1.0,2
JUNGLE,Sejuani,Zed,0.0,2
MIDDLE,Diana,Teemo,0.0,1
MIDDLE,Teemo,Diana,1.0,1
MIDDLE,Pyke,Karthus,1.0,1
MIDDLE,Karthus,Pyke,0.0,1
MIDDLE,Twitch,Vex,0.5,2
MIDDLE,Vex,Twitch,0.5,2
TOP,TahmKench,Warwick,0.0,1
TOP,Warwick,TahmKench,1.0,1
TOP,Gangplank,Smolder,1.0,2
TOP,Smolder,Gangplank,0.0,2
BOTTOM,KogMaw,TahmKench,0.0,2
BOTTOM,TahmKench,KogMaw,1.0,2
MIDDLE,Vladimir,Ezreal,0.5,2
MIDDLE,Ezreal,Vladimir,0.5,2
UTILITY,Mel,Nautilus,0.0,3
UTILITY,Nautilus,Mel,1.0,3
JUNGLE,Ivern,Neeko,0.0,1
JUNGLE,Neeko,Ivern,1.0,1
MIDDLE,MonkeyKing,Chogath,0.0,1
MIDDLE,Chogath,MonkeyKing,1.0,1
BOTTOM,Zoe,Ziggs,0.0,1
BOTTOM,Ziggs,Zoe,1.0,1
TOP,Leblanc,Jax,1.0,2
TOP,Jax,Leblanc,0.0,2
MIDDLE,Swain,Akali,0.0,3
MIDDLE,Akali,Swain,1.0,3
MIDDLE,Zed,Chogath,0.5,4
MIDDLE,Chogath,Zed,0.5,4
JUNGLE,Nunu,Sion,0.0,2
JUNGLE,Sion,Nunu,1.0,2
MIDDLE,Aatrox,Ekko,0.0,1
MIDDLE,Ekko,Aatrox,1.0,1
JUNGLE,Nocturne,Volibear,0.0,1
JUNGLE,Volibear,Nocturne,1.0,1
MIDDLE,Talon,Ezreal,0.0,1
MIDDLE,Ezreal,Talon,1.0,1
TOP,Zoe,Zaahen,0.0,1
TOP,Zaahen,Zoe,1.0,1
TOP,Varus,Velkoz,1.0,2
TOP,Velkoz,Varus,0.0,2
TOP,KSante,Illaoi,0.5714285714285714,7
TOP,Illaoi,KSante,0.42857142857142855,7
BOTTOM,Ziggs,Naafiri,0.0,1
BOTTOM,Naafiri,Ziggs,1.0,1
TOP,Gwen,Zac,1.0,1
TOP,Zac,Gwen,0.0,1
JUNGLE,Zac,Poppy,0.0,1
JUNGLE,Poppy,Zac,1.0,1
MIDDLE,Riven,Zoe,0.2,5
MIDDLE,Zoe,Riven,0.8,5
MIDDLE,Akshan,Briar,0.0,1
MIDDLE,Briar,Akshan,1.0,1
TOP,Shen,MonkeyKing,0.0,2
TOP,MonkeyKing,Shen,1.0,2
UTILITY,Velkoz,Brand,0.0,1
UTILITY,Brand,Velkoz,1.0,1
UTILITY,Pantheon,Sett,0.0,1
UTILITY,Sett,Pantheon,1.0,1
MIDDLE,Zed,Gragas,1.0,1
MIDDLE,Gragas,Zed,0.0,1
MIDDLE,Fiora,Syndra,1.0,3
MIDDLE,Syndra,Fiora,0.0,3
TOP,Taliyah,Gnar,0.0,1
TOP,Gnar,Taliyah,1.0,1
MIDDLE,Fizz,Fiora,0.0,1
MIDDLE,Fiora,Fizz,1.0,1
MIDDLE,Vex,Gangplank,0.0,1
MIDDLE,Gangplank,Vex,1.0,1
MIDDLE,Zac,Fiora,0.0,1
MIDDLE,Fiora,Zac,1.0,1
BOTTOM,Hwei,Illaoi,0.0,1
BOTTOM,Illaoi,Hwei,1.0,1
UTILITY,Elise,Zyra,1.0,1
UTILITY,Zyra,Elise,0.0,1
TOP,Zed,Riven,0.6,5
TOP,Riven,Zed,0.4,5
TOP,Zac,Sett,0.0,1
TOP,Sett,Zac,1.0,1
TOP,Velkoz,Pantheon,1.0,1
TOP,Pantheon,Velkoz,0.0,1
JUNGLE,Zyra,Shyvana,0.6,5
JUNGLE,Shyvana,Zyra,0.4,5
JUNGLE,Naafiri,Gwen,0.5,2
JUNGLE,Gwen,Naafiri,0.5,2
TOP,Shyvana,DrMundo,1.0,1
TOP,DrMundo,Shyvana,0.0,1
TOP,KSante,Sejuani,0.5,2
TOP,Sejuani,KSante,0.5,2
JUNGLE,Neeko,Graves,1.0,1
JUNGLE,Graves,Neeko,0.0,1
MIDDLE,Zyra,Malzahar,1.0,1
MIDDLE,Malzahar,Zyra,0.0,1
TOP,Gnar,Zilean,1.0,2
TOP,Zilean,Gnar,0.0,2
TOP,Olaf,Shyvana,1.0,4
TOP,Shyvana,Olaf,0.0,4
JUNGLE,Hecarim,Gragas,0.0,1
JUNGLE,Gragas,Hecarim,1.0,1
MIDDLE,TwistedFate,Vladimir,0.6666666666666666,6
MIDDLE,Vladimir,TwistedFate,0.3333333333333333,6
TOP,Ezreal,Tryndamere,0.0,1
TOP,Tryndamere,Ezreal,1.0,1
TOP,XinZhao,Ryze,1.0,2
TOP,Ryze,XinZhao,0.0,2
TOP,TahmKench,Briar,1.0,1
TOP,Briar,TahmKench,0.0,1
BOTTOM,Anivia,Aphelios,1.0,1
BOTTOM,Aphelios,Anivia,0.0,1
TOP,Karthus,Qiyana,0.0,1
TOP,Qiyana,Karthus,1.0,1
MIDDLE,Irelia,Tristana,0.0,1
MIDDLE,Tristana,Irelia,1.0,1
MIDDLE,Veigar,Ziggs,0.0,1
MIDDLE,Ziggs,Veigar,1.0,1
TOP,Anivia,Warwick,0.75,4
TOP,Warwick,Anivia,0.25,4
BOTTOM,Seraphine,Nilah,0.5,2
BOTTOM,Nilah,Seraphine,0.5,2
MIDDLE,Tryndamere,Chogath,1.0,1
MIDDLE,Chogath,Tryndamere,0.0,1
TOP,Seraphine,Teemo,1.0,1
TOP,Teemo,Seraphine,0.0,1
MIDDLE,Kassadin,Vex,0.0,2
MIDDLE,Vex,Kassadin,1.0,2
TOP,XinZhao,Riven,0.3333333333333333,3
TOP,Riven,XinZhao,0.6666666666666666,3
TOP,Vayne,Smolder,0.5,2
TOP,Smolder,Vayne,0.5,2
UTILITY,TahmKench,Janna,0.2857142857142857,7
UTILITY,Janna,TahmKench,0.7142857142857143,7
TOP,Alistar,Singed,0.0,1
TOP,Singed,Alistar,1.0,1
BOTTOM,Smolder,Olaf,0.0,1
BOTTOM,Olaf,Smolder,1.0,1
MIDDLE,XinZhao,Hwei,0.375,8
MIDDLE,Hwei,XinZhao,0.625,8
UTILITY,Velkoz,AurelionSol,0.0,1
UTILITY,AurelionSol,Velkoz,1.0,1
TOP,Elise,Vayne,0.5,2
TOP,Vayne,Elise,0.5,2
TOP,Zoe,Chogath,0.5,2
TOP,Chogath,Zoe,0.5,2
TOP,Malphite,Rumble,0.45454545454545453,11
TOP,Rumble,Malphite,0.5454545454545454,11
TOP,Sion,Warwick,0.6666666666666666,3
TOP,Warwick,Sion,0.3333333333333333,3
TOP,Singed,XinZhao,0.6666666666666666,6
TOP,XinZhao,Singed,0.3333333333333333,6
MIDDLE,JarvanIV,Orianna,1.0,2
MIDDLE,Orianna,JarvanIV,0.0,2
MIDDLE,Fiora,KogMaw,0.0,1
MIDDLE,KogMaw,Fiora,1.0,1
MIDDLE,Chogath,Ekko,0.6666666666666666,3
MIDDLE,Ekko,Chogath,0.3333333333333333,3
TOP,TwistedFate,AurelionSol,0.0,1
TOP,AurelionSol,TwistedFate,1.0,1
MIDDLE,Sylas,Fiora,0.0,3
MIDDLE,Fiora,Sylas,1.0,3
TOP,Gangplank,Akshan,0.0,2
TOP,Akshan,Gangplank,1.0,2
BOTTOM,Riven,Caitlyn,1.0,3
BOTTOM,Caitlyn,Riven,0.0,3
TOP,Shyvana,Zed,0.0,1
TOP,Zed,Shyvana,1.0,1
MIDDLE,Yone,Fiora,0.5,2
MIDDLE,Fiora,Yone,0.5,2
TOP,Taliyah,Brand,1.0,1
TOP,Brand,Taliyah,0.0,1
BOTTOM,Zyra,Heimerdinger,1.0,1
BOTTOM,Heimerdinger,Zyra,0.0,1
BOTTOM,Zed,Cassiopeia,0.0,1
BOTTOM,Cassiopeia,Zed,1.0,1
MIDDLE,Brand,Ezreal,0.0,1
MIDDLE,Ezreal,Brand,1.0,1
MIDDLE,Annie,Fiora,0.0,2
MIDDLE,Fiora,Annie,1.0,2
UTILITY,Lux,Xerath,1.0,2
UTILITY,Xerath,Lux,0.0,2
TOP,Trundle,Kayle,1.0,1
TOP,Kayle,Trundle,0.0,1
MIDDLE,Pyke,Ekko,1.0,2
MIDDLE,Ekko,Pyke,0.0,2
TOP,Smolder,Olaf,1.0,2
TOP,Olaf,Smolder,0.0,2
TOP,Heimerdinger,Galio,0.0,1
TOP,Galio,Heimerdinger,1.0,1
MIDDLE,Velkoz,Urgot,1.0,1
MIDDLE,Urgot,Velkoz,0.0,1
TOP,Smolder,Qiyana,0.0,1
TOP,Qiyana,Smolder,1.0,1
MIDDLE,Fiora,Zoe,1.0,2
MIDDLE,Zoe,Fiora,0.0,2
TOP,Annie,Briar,1.0,1
TOP,Briar,Annie,0.0,1
MIDDLE,Olaf,Ekko,1.0,2
MIDDLE,Ekko,Olaf,0.0,2
UTILITY,Shaco,Yuumi,1.0,1
UTILITY,Yuumi,Shaco,0.0,1
TOP,Janna,Zaahen,0.0,1
TOP,Zaahen,Janna,1.0,1
BOTTOM,Draven,Zilean,0.5,2
BOTTOM,Zilean,Draven,0.5,2
TOP,XinZhao,Tryndamere,0.0,3
TOP,Tryndamere,XinZhao,1.0,3
BOTTOM,Fiora,Akshan,0.0,1
BOTTOM,Akshan,Fiora,1.0,1
BOTTOM,Lucian,Seraphine,0.2857142857142857,7
BOTTOM,Seraphine,Lucian,0.7142857142857143,7
UTILITY,Ashe,Nautilus,0.0,3
UTILITY,Nautilus,Ashe,1.0,3
TOP,Irelia,Nasus,0.0,2
TOP,Nasus,Irelia,1.0,2
TOP,Yasuo,Sett,0.3333333333333333,3
TOP,Sett,Yasuo,0.6666666666666666,3
MIDDLE,Annie,Garen,1.0,1
MIDDLE,Garen,Annie,0.0,1
BOTTOM,Lux,Xayah,0.3333333333333333,3
BOTTOM,Xayah,Lux,0.6666666666666666,3
MIDDLE,Katarina,Morgana,1.0,1
MIDDLE,Morgana,Katarina,0.0,1
MIDDLE,Zed,Morgana,0.5,2
MIDDLE,Morgana,Zed,0.5,2
BOTTOM,Ezreal,Ahri,0.5,2
BOTTOM,Ahri,Ezreal,0.5,2
MIDDLE,Kassadin,Aphelios,0.0,1
MIDDLE,Aphelios,Kassadin,1.0,1
UTILITY,Nautilus,Cassiopeia,0.0,1
UTILITY,Cassiopeia,Nautilus,1.0,1
TOP,Naafiri,Swain,0.0,1
TOP,Swain,Naafiri,1.0,1
BOTTOM,Mel,Brand,0.5714285714285714,7
BOTTOM,Brand,Mel,0.42857142857142855,7
TOP,Mordekaiser,Fiora,0.3333333333333333,3
TOP,Fiora,Mordekaiser,0.6666666666666666,3
MIDDLE,KSante,Annie,0.3333333333333333,3
MIDDLE,Annie,KSante,0.6666666666666666,3
MIDDLE,Lux,Riven,0.0,2
MIDDLE,Riven,Lux,1.0,2
JUNGLE,Qiyana,Zac,0.0,1
JUNGLE,Zac,Qiyana,1.0,1
TOP,Renekton,Kalista,0.0,3
TOP,Kalista,Renekton,1.0,3
MIDDLE,Orianna,Vayne,0.5,2
MIDDLE,Vayne,Orianna,0.5,2
TOP,Camille,RekSai,0.0,1
TOP,RekSai,Camille,1.0,1
BOTTOM,Vayne,Morgana,1.0,1
BOTTOM,Morgana,Vayne,0.0,1
TOP,Aurora,Ahri,0.5,2
TOP,Ahri,Aurora,0.5,2
BOTTOM,Taliyah,Smolder,0.0,1
BOTTOM,Smolder,Taliyah,1.0,1
TOP,Udyr,Aatrox,1.0,1
TOP,Aatrox,Udyr,0.0,1
JUNGLE,Viego,Teemo,0.0,2
JUNGLE,Teemo,Viego,1.0,2
MIDDLE,Kassadin,Vayne,0.2,5
MIDDLE,Vayne,Kassadin,0.8,5
UTILITY,Seraphine,Akali,0.0,1
UTILITY,Akali,Seraphine,1.0,1
UTILITY,Lulu,Ivern,0.0,1
UTILITY,Ivern,Lulu,1.0,1
TOP,Katarina,Ahri,1.0,1
TOP,Ahri,Katarina,0.0,1
UTILITY,Darius,Janna,1.0,1
UTILITY,Janna,Darius,0.0,1
TOP,Quinn,Urgot,0.0,1
TOP,Urgot,Quinn,1.0,1
UTILITY,Maokai,Veigar,0.0,1
UTILITY,Veigar,Maokai,1.0,1
MIDDLE,Nasus,Vladimir,0.0,2
MIDDLE,Vladimir,Nasus,1.0,2
TOP,TahmKench,Volibear,0.0,1
TOP,Volibear,TahmKench,1.0,1
TOP,Renekton,TahmKench,0.0,2
TOP,TahmKench,Renekton,1.0,2
TOP,Yone,Smolder,1.0,3
TOP,Smolder,Yone,0.0,3
TOP,Taliyah,Akshan,0.0,1
TOP,Akshan,Taliyah,1.0,1
MIDDLE,Aurora,Fiora,0.3333333333333333,3
MIDDLE,Fiora,Aurora,0.6666666666666666,3
BOTTOM,Zeri,TahmKench,1.0,1
BOTTOM,TahmKench,Zeri,0.0,1
JUNGLE,Teemo,LeeSin,0.5,2
JUNGLE,LeeSin,Teemo,0.5,2
UTILITY,Amumu,Sion,0.0,1
UTILITY,Sion,Amumu,1.0,1
MIDDLE,Tristana,Nasus,0.5,2
MIDDLE,Nasus,Tristana,0.5,2
TOP,Cassiopeia,Shyvana,0.25,4
TOP,Shyvana,Cassiopeia,0.75,4
BOTTOM,Tristana,Cassiopeia,0.25,4
BOTTOM,Cassiopeia,Tristana,0.75,4
BOTTOM,Ezreal,Quinn,0.0,1
BOTTOM,Quinn,Ezreal,1.0,1
JUNGLE,Zeri,JarvanIV,0.0,2
JUNGLE,JarvanIV,Zeri,1.0,2
BOTTOM,Kaisa,Annie,0.6666666666666666,3
BOTTOM,Annie,Kaisa,0.3333333333333333,3
JUNGLE,Poppy,Ekko,1.0,1
JUNGLE,Ekko,Poppy,0.0,1
MIDDLE,Naafiri,Fiora,1.0,1
MIDDLE,Fiora,Naafiri,0.0,1
TOP,Ryze,Akali,1.0,2
TOP,Akali,Ryze,0.0,2
UTILITY,Shaco,Milio,1.0,1
UTILITY,Milio,Shaco,0.0,1
MIDDLE,Fiora,XinZhao,0.5,2
MIDDLE,XinZhao,Fiora,0.5,2
MIDDLE,Ahri,Xayah,1.0,1
MIDDLE,Xayah,Ahri,0.0,1
TOP,MonkeyKing,Garen,1.0,1
TOP,Garen,MonkeyKing,0.0,1
BOTTOM,Ziggs,Kennen,0.5,2
BOTTOM,Kennen,Ziggs,0.5,2
UTILITY,Morgana,Senna,0.75,4
UTILITY,Senna,Morgana,0.25,4
TOP,Anivia,Karma,1.0,1
TOP,Karma,Anivia,0.0,1
MIDDLE,Elise,XinZhao,0.0,1
MIDDLE,XinZhao,Elise,1.0,1
JUNGLE,Ambessa,Udyr,0.7142857142857143,7
JUNGLE,Udyr,Ambessa,0.2857142857142857,7
JUNGLE,Darius,Lillia,0.0,1
JUNGLE,Lillia,Darius,1.0,1
TOP,Kayle,Graves,0.0,1
TOP,Graves,Kayle,1.0,1
UTILITY,Thresh,KSante,0.0,1
UTILITY,KSante,Thresh,1.0,1
TOP,Zaahen,Qiyana,0.0,1
TOP,Qiyana,Zaahen,1.0,1
MIDDLE,Brand,Morgana,0.0,1
MIDDLE,Morgana,Brand,1.0,1
UTILITY,Amumu,Karma,0.3333333333333333,3
UTILITY,Karma,Amumu,0.6666666666666666,3
JUNGLE,Sejuani,Shaco,1.0,2
JUNGLE,Shaco,Sejuani,0.0,2
JUNGLE,LeeSin,Maokai,0.0,2
JUNGLE,Maokai,LeeSin,1.0,2
MIDDLE,Brand,Irelia,0.0,1
MIDDLE,Irelia,Brand,1.0,1
TOP,Heimerdinger,Anivia,0.5,2
TOP,Anivia,Heimerdinger,0.5,2
MIDDLE,Ahri,FiddleSticks,0.5,2
MIDDLE,FiddleSticks,Ahri,0.5,2
TOP,Zed,Gwen,0.5,2
TOP,Gwen,Zed,0.5,2
JUNGLE,Brand,Rengar,1.0,1
JUNGLE,Rengar,Brand,0.0,1
TOP,Fiora,Azir,1.0,1
TOP,Azir,Fiora,0.0,1
UTILITY,Sion,Pantheon,0.0,1
UTILITY,Pantheon,Sion,1.0,1
MIDDLE,Kalista,Yasuo,0.6666666666666666,3
MIDDLE,Yasuo,Kalista,0.3333333333333333,3
BOTTOM,Viktor,Ashe,0.8571428571428571,7
BOTTOM,Ashe,Viktor,0.14285714285714285,7
JUNGLE,Zed,Teemo,1.0,2
JUNGLE,Teemo,Zed,0.0,2
TOP,Jhin,Nasus,0.0,1
TOP,Nasus,Jhin,1.0,1
UTILITY,Morgana,Yuumi,0.5,2
UTILITY,Yuumi,Morgana,0.5,2
TOP,Shen,Vladimir,1.0,1
TOP,Vladimir,Shen,0.0,1
TOP,Kayle,Vayne,0.2,5
TOP,Vayne,Kayle,0.8,5
UTILITY,Shaco,Seraphine,0.0,5
UTILITY,Seraphine,Shaco,1.0,5
TOP,Singed,Shyvana,0.7142857142857143,7
TOP,Shyvana,Singed,0.2857142857142857,7
MIDDLE,Irelia,Lucian,1.0,1
MIDDLE,Lucian,Irelia,0.0,1
TOP,Kassadin,Ekko,1.0,1
TOP,Ekko,Kassadin,0.0,1
UTILITY,Rell,Brand,0.42857142857142855,7
UTILITY,Brand,Rell,0.5714285714285714,7
UTILITY,Hwei,Rakan,0.5,2
UTILITY,Rakan,Hwei,0.5,2
BOTTOM,Lucian,Jayce,0.0,1
BOTTOM,Jayce,Lucian,1.0,1
BOTTOM,Kaisa,Azir,0.6666666666666666,3
BOTTOM,Azir,Kaisa,0.3333333333333333,3
MIDDLE,Tryndamere,Annie,0.0,2
MIDDLE,Annie,Tryndamere,1.0,2
TOP,Brand,Singed,0.3333333333333333,3
TOP,Singed,Brand,0.6666666666666666,3
BOTTOM,Taliyah,Naafiri,0.0,1
BOTTOM,Naafiri,Taliyah,1.0,1
TOP,Renekton,Zeri,0.0,1
TOP,Zeri,Renekton,1.0,1
TOP,Varus,Zyra,0.0,1
TOP,Zyra,Varus,1.0,1
JUNGLE,Zac,Ivern,0.0,3
JUNGLE,Ivern,Zac,1.0,3
UTILITY,Syndra,Nami,0.5,2
UTILITY,Nami,Syndra,0.5,2
BOTTOM,Lux,Vladimir,1.0,3
BOTTOM,Vladimir,Lux,0.0,3
TOP,Aatrox,Akali,0.45454545454545453,11
TOP,Akali,Aatrox,0.5454545454545454,11
UTILITY,FiddleSticks,Maokai,1.0,2
UTILITY,Maokai,FiddleSticks,0.0,2
TOP,Qiyana,Kalista,1.0,2
TOP,Kalista,Qiyana,0.0,2
TOP,LeeSin,Singed,0.5,2
TOP,Singed,LeeSin,0.5,2
TOP,Rengar,Malphite,0.5,2
TOP,Malphite,Rengar,0.5,2
MIDDLE,Kayle,Tryndamere,0.6666666666666666,3
MIDDLE,Tryndamere,Kayle,0.3333333333333333,3
MIDDLE,Malzahar,Diana,1.0,1
MIDDLE,Diana,Malzahar,0.0,1
TOP,Malphite,Yorick,0.5,4
TOP,Yorick,Malphite,0.5,4
TOP,Vladimir,Shyvana,0.0,5
TOP,Shyvana,Vladimir,1.0,5
BOTTOM,Syndra,Singed,0.0,1
BOTTOM,Singed,Syndra,1.0,1
TOP,Shyvana,Akshan,0.0,1
TOP,Akshan,Shyvana,1.0,1
TOP,Vi,Swain,1.0,1
TOP,Swain,Vi,0.0,1
MIDDLE,Chogath,Lissandra,0.0,1
MIDDLE,Lissandra,Chogath,1.0,1
TOP,Mordekaiser,Cassiopeia,0.3333333333333333,6
TOP,Cassiopeia,Mordekaiser,0.6666666666666666,6
MIDDLE,Zed,Velkoz,0.0,3
MIDDLE,Velkoz,Zed,1.0,3
BOTTOM,Ekko,Kaisa,0.5,2
BOTTOM,Kaisa,Ekko,0.5,2
TOP,Irelia,XinZhao,0.6666666666666666,3
TOP,XinZhao,Irelia,0.3333333333333333,3
BOTTOM,Jhin,Anivia,0.0,2
BOTTOM,Anivia,Jhin,1.0,2
MIDDLE,Brand,Gwen,1.0,2
MIDDLE,Gwen,Brand,0.0,2
TOP,XinZhao,Vladimir,0.42857142857142855,7
TOP,Vladimir,XinZhao,0.5714285714285714,7
BOTTOM,Vladimir,Karthus,0.75,4
BOTTOM,Karthus,Vladimir,0.25,4
UTILITY,MasterYi,Nami,0.0,1
UTILITY,Nami,MasterYi,1.0,1
MIDDLE,Pantheon,Anivia,0.6,5
MIDDLE,Anivia,Pantheon,0.4,5
MIDDLE,Ziggs,Ezreal,0.0,1
MIDDLE,Ezreal,Ziggs,1.0,1
BOTTOM,Ziggs,Kayle,0.0,1
BOTTOM,Kayle,Ziggs,1.0,1
MIDDLE,Irelia,Talon,0.0,1
MIDDLE,Talon,Irelia,1.0,1
TOP,Elise,Camille,0.0,1
TOP,Camille,Elise,1.0,1
UTILITY,Soraka,Sion,1.0,1
UTILITY,Sion,Soraka,0.0,1
BOTTOM,Heimerdinger,MissFortune,0.3333333333333333,3
BOTTOM,MissFortune,Heimerdinger,0.6666666666666666,3
JUNGLE,Aatrox,FiddleSticks,0.5,2
JUNGLE,FiddleSticks,Aatrox,0.5,2
MIDDLE,Vladimir,Lux,0.6666666666666666,3
MIDDLE,Lux,Vladimir,0.3333333333333333,3
UTILITY,Heimerdinger,Rell,1.0,1
UTILITY,Rell,Heimerdinger,0.0,1
BOTTOM,Smolder,Anivia,1.0,1
BOTTOM,Anivia,Smolder,0.0,1
MIDDLE,Corki,Irelia,0.5,2
MIDDLE,Irelia,Corki,0.5,2
JUNGLE,Poppy,Udyr,0.5,2
JUNGLE,Udyr,Poppy,0.5,2
TOP,Swain,Tryndamere,0.5,2
TOP,Tryndamere,Swain,0.5,2
MIDDLE,Fizz,Velkoz,0.5,4
MIDDLE,Velkoz,Fizz,0.5,4
JUNGLE,Poppy,Lillia,0.0,1
JUNGLE,Lillia,Poppy,1.0,1
BOTTOM,Anivia,Senna,0.0,2
BOTTOM,Senna,Anivia,1.0,2
TOP,Veigar,Cassiopeia,0.0,1
TOP,Cassiopeia,Veigar,1.0,1
TOP,Varus,Gangplank,0.16666666666666666,6
TOP,Gangplank,Varus,0.8333333333333334,6
TOP,Lissandra,Varus,1.0,1
TOP,Varus,Lissandra,0.0,1
TOP,Ahri,Garen,0.5,2
TOP,Garen,Ahri,0.5,2
BOTTOM,Cassiopeia,MissFortune,0.0,3
BOTTOM,MissFortune,Cassiopeia,1.0,3
UTILITY,Zyra,Yuumi,0.0,2
UTILITY,Yuumi,Zyra,1.0,2
MIDDLE,Ezreal,Varus,0.0,1
MIDDLE,Varus,Ezreal,1.0,1
TOP,Naafiri,Aatrox,0.0,1
TOP,Aatrox,Naafiri,1.0,1
MIDDLE,Draven,Vayne,0.0,1
MIDDLE,Vayne,Draven,1.0,1
TOP,Darius,Quinn,0.6666666666666666,3
TOP,Quinn,Darius,0.3333333333333333,3
TOP,Ahri,Shen,0.6666666666666666,3
TOP,Shen,Ahri,0.3333333333333333,3
MIDDLE,Kassadin,Fiora,0.6666666666666666,3
MIDDLE,Fiora,Kassadin,0.3333333333333333,3
MIDDLE,Tristana,AurelionSol,0.0,2
MIDDLE,AurelionSol,Tristana,1.0,2
MIDDLE,Azir,Trundle,0.0,1
MIDDLE,Trundle,Azir,1.0,1
TOP,Brand,Camille,0.3333333333333333,3
TOP,Camille,Brand,0.6666666666666666,3
JUNGLE,Chogath,Rengar,0.0,3
JUNGLE,Rengar,Chogath,1.0,3
TOP,Draven,Sion,0.6,5
TOP,Sion,Draven,0.4,5
UTILITY,Syndra,Karma,0.0,3
UTILITY,Karma,Syndra,1.0,3
TOP,Trundle,Anivia,0.0,1
TOP,Anivia,Trundle,1.0,1
TOP,Singed,Gragas,0.375,8
TOP,Gragas,Singed,0.625,8
UTILITY,Milio,Quinn,0.0,1
UTILITY,Quinn,Milio,1.0,1
MIDDLE,Hwei,Tryndamere,0.3333333333333333,3
MIDDLE,Tryndamere,Hwei,0.6666666666666666,3
TOP,Jax,Udyr,0.0,2
TOP,Udyr,Jax,1.0,2
MIDDLE,Malzahar,Naafiri,0.5,2
MIDDLE,Naafiri,Malzahar,0.5,2
JUNGLE,Shyvana,Zaahen,0.75,4
JUNGLE,Zaahen,Shyvana,0.25,4
TOP,Yone,Ekko,0.5,2
TOP,Ekko,Yone,0.5,2
UTILITY,Malzahar,Nami,0.0,1
UTILITY,Nami,Malzahar,1.0,1
TOP,Elise,Varus,0.0,1
TOP,Varus,Elise,1.0,1
UTILITY,Brand,FiddleSticks,0.0,2
UTILITY,FiddleSticks,Brand,1.0,2
JUNGLE,Zac,MasterYi,0.0,2
JUNGLE,MasterYi,Zac,1.0,2
TOP,RekSai,Garen,0.0,1
TOP,Garen,RekSai,1.0,1
TOP,Talon,Malphite,0.5,2
TOP,Malphite,Talon,0.5,2
TOP,Trundle,KSante,0.6,5
TOP,KSante,Trundle,0.4,5
BOTTOM,Seraphine,AurelionSol,0.0,3
BOTTOM,AurelionSol,Seraphine,1.0,3
UTILITY,Brand,Pantheon,0.0,1
UTILITY,Pantheon,Brand,1.0,1
UTILITY,Taric,Elise,0.4,5
UTILITY,Elise,Taric,0.6,5
MIDDLE,Smolder,Cassiopeia,1.0,1
MIDDLE,Cassiopeia,Smolder,0.0,1
UTILITY,Blitzcrank,Zyra,0.5,2
UTILITY,Zyra,Blitzcrank,0.5,2
MIDDLE,Katarina,Fiora,0.0,4
MIDDLE,Fiora,Katarina,1.0,4
TOP,Zed,Rumble,0.6,5
TOP,Rumble,Zed,0.4,5
UTILITY,Karma,XinZhao,1.0,1
UTILITY,XinZhao,Karma,0.0,1
UTILITY,Lulu,Hwei,1.0,1
UTILITY,Hwei,Lulu,0.0,1
MIDDLE,Fiora,Leblanc,0.3333333333333333,3
MIDDLE,Leblanc,Fiora,0.6666666666666666,3
TOP,Viktor,Cassiopeia,0.4,5
TOP,Cassiopeia,Viktor,0.6,5
TOP,Camille,Shyvana,0.5,2
TOP,Shyvana,Camille,0.5,2
UTILITY,Cassiopeia,Nami,0.0,1
UTILITY,Nami,Cassiopeia,1.0,1
TOP,Vayne,Janna,1.0,1
TOP,Janna,Vayne,0.0,1
MIDDLE,Graves,Talon,1.0,1
MIDDLE,Talon,Graves,0.0,1
TOP,Zilean,Darius,0.0,3
TOP,Darius,Zilean,1.0,3
TOP,DrMundo,Kalista,0.6666666666666666,3
TOP,Kalista,DrMundo,0.3333333333333333,3
MIDDLE,Fiora,Zed,0.6666666666666666,3
MIDDLE,Zed,Fiora,0.3333333333333333,3
TOP,Vladimir,AurelionSol,0.0,2
TOP,AurelionSol,Vladimir,1.0,2
BOTTOM,XinZhao,Yunara,0.0,1
BOTTOM,Yunara,XinZhao,1.0,1
JUNGLE,Rengar,Kayle,0.5,2
JUNGLE,Kayle,Rengar,0.5,2
MIDDLE,Fiora,Hwei,0.0,1
MIDDLE,Hwei,Fiora,1.0,1
MIDDLE,Fiora,Veigar,0.5,2
MIDDLE,Veigar,Fiora,0.5,2
TOP,Kennen,Karma,0.0,1
TOP,Karma,Kennen,1.0,1
TOP,Ambessa,Ahri,0.0,1
TOP,Ahri,Ambessa,1.0,1
MIDDLE,Annie,Trundle,1.0,1
MIDDLE,Trundle,Annie,0.0,1
TOP,Pantheon,Nasus,1.0,1
TOP,Nasus,Pantheon,0.0,1
TOP,Lissandra,Irelia,0.5,2
TOP,Irelia,Lissandra,0.5,2
MIDDLE,Orianna,Malphite,0.5,2
MIDDLE,Malphite,Orianna,0.5,2
TOP,Fiora,Neeko,0.0,1
TOP,Neeko,Fiora,1.0,1
TOP,Veigar,Irelia,0.0,1
TOP,Irelia,Veigar,1.0,1
BOTTOM,Brand,Twitch,0.3333333333333333,6
BOTTOM,Twitch,Brand,0.6666666666666666,6
UTILITY,Swain,Lulu,0.5,4
UTILITY,Lulu,Swain,0.5,4
MIDDLE,FiddleSticks,Sylas,0.5,2
MIDDLE,Sylas,FiddleSticks,0.5,2
MIDDLE,Nocturne,Smolder,0.0,1
MIDDLE,Smolder,Nocturne,1.0,1
MIDDLE,TwistedFate,Jax,0.2,5
MIDDLE,Jax,TwistedFate,0.8,5
BOTTOM,Zyra,AurelionSol,0.6666666666666666,3
BOTTOM,AurelionSol,Zyra,0.3333333333333333,3
MIDDLE,Warwick,Nidalee,1.0,1
MIDDLE,Nidalee,Warwick,0.0,1
JUNGLE,Jhin,Vi,1.0,1
JUNGLE,Vi,Jhin,0.0,1
UTILITY,Janna,Malzahar,1.0,1
UTILITY,Malzahar,Janna,0.0,1
TOP,Kayle,Ekko,1.0,1
TOP,Ekko,Kayle,0.0,1
BOTTOM,Syndra,Brand,0.5,6
BOTTOM,Brand,Syndra,0.5,6
TOP,Vladimir,Kalista,0.0,1
TOP,Kalista,Vladimir,1.0,1
MIDDLE,Viktor,Nocturne,1.0,1
MIDDLE,Nocturne,Viktor,0.0,1
BOTTOM,Lux,Smolder,0.7142857142857143,7
BOTTOM,Smolder,Lux,0.2857142857142857,7
MIDDLE,Irelia,Lux,1.0,2
MIDDLE,Lux,Irelia,0.0,2
TOP,Mordekaiser,Brand,0.5,2
TOP,Brand,Mordekaiser,0.5,2
MIDDLE,Ornn,Ryze,0.6666666666666666,3
MIDDLE,Ryze,Ornn,0.3333333333333333,3
TOP,Zoe,Irelia,0.6666666666666666,3
TOP,Irelia,Zoe,0.3333333333333333,3
MIDDLE,Syndra,Sivir,1.0,1
MIDDLE,Sivir,Syndra,0.0,1
MIDDLE,Varus,Brand,0.0,1
MIDDLE,Brand,Varus,1.0,1
TOP,Malphite,Gragas,0.2857142857142857,7
TOP,Gragas,Malphite,0.7142857142857143,7
TOP,Urgot,Malphite,0.0,1
TOP,Malphite,Urgot,1.0,1
UTILITY,FiddleSticks,Rakan,0.5,2
UTILITY,Rakan,FiddleSticks,0.5,2
MIDDLE,Teemo,Mel,1.0,1
MIDDLE,Mel,Teemo,0.0,1
BOTTOM,Swain,Samira,0.2,5
BOTTOM,Samira,Swain,0.8,5
UTILITY,Skarner,Thresh,0.0,3
UTILITY,Thresh,Skarner,1.0,3
MIDDLE,Neeko,Quinn,1.0,1
MIDDLE,Quinn,Neeko,0.0,1
MIDDLE,Fiora,Qiyana,0.5,2
MIDDLE,Qiyana,Fiora,0.5,2
TOP,KSante,Ahri,1.0,1
TOP,Ahri,KSante,0.0,1
TOP,Aurora,Nasus,0.5,2
TOP,Nasus,Aurora,0.5,2
UTILITY,Annie,Nami,0.5,2
UTILITY,Nami,Annie,0.5,2
TOP,Katarina,Zed,1.0,1
TOP,Zed,Katarina,0.0,1
JUNGLE,Khazix,Olaf,0.0,3
JUNGLE,Olaf,Khazix,1.0,3
UTILITY,Nasus,Rell,0.0,1
UTILITY,Rell,Nasus,1.0,1
MIDDLE,Chogath,Orianna,0.0,2
MIDDLE,Orianna,Chogath,1.0,2
TOP,Annie,Orianna,1.0,1
TOP,Orianna,Annie,0.0,1
UTILITY,Elise,Zilean,0.25,4
UTILITY,Zilean,Elise,0.75,4
MIDDLE,Diana,Kassadin,0.3333333333333333,3
MIDDLE,Kassadin,Diana,0.6666666666666666,3
MIDDLE,Brand,Lux,1.0,1
MIDDLE,Lux,Brand,0.0,1
TOP,Brand,Teemo,0.5,2
TOP,Teemo,Brand,0.5,2
UTILITY,Ivern,Senna,0.5,2
UTILITY,Senna,Ivern,0.5,2
JUNGLE,Jayce,FiddleSticks,0.0,2
JUNGLE,FiddleSticks,Jayce,1.0,2
MIDDLE,Azir,Chogath,1.0,1
MIDDLE,Chogath,Azir,0.0,1
MIDDLE,Vex,Vladimir,0.0,1
MIDDLE,Vladimir,Vex,1.0,1
JUNGLE,Kindred,Olaf,0.0,1
JUNGLE,Olaf,Kindred,1.0,1
TOP,Yone,Mordekaiser,0.75,4
TOP,Mordekaiser,Yone,0.25,4
JUNGLE,Urgot,Volibear,0.0,1
JUNGLE,Volibear,Urgot,1.0,1
TOP,Ekko,Ornn,0.5,2
TOP,Ornn,Ekko,0.5,2
MIDDLE,LeeSin,Ahri,1.0,1
MIDDLE,Ahri,LeeSin,0.0,1
TOP,Malphite,Warwick,0.5,2
TOP,Warwick,Malphite,0.5,2
JUNGLE,Poppy,Shaco,0.5,2
JUNGLE,Shaco,Poppy,0.5,2
BOTTOM,Ahri,Kalista,0.0,1
BOTTOM,Kalista,Ahri,1.0,1
BOTTOM,Cassiopeia,Brand,0.5,6
BOTTOM,Brand,Cassiopeia,0.5,6
TOP,Leblanc,Malphite,0.5,2
TOP,Malphite,Leblanc,0.5,2
MIDDLE,Corki,XinZhao,1.0,1
MIDDLE,XinZhao,Corki,0.0,1
MIDDLE,Seraphine,Talon,0.5,2
MIDDLE,Talon,Seraphine,0.5,2
UTILITY,Swain,Rell,1.0,1
UTILITY,Rell,Swain,0.0,1
TOP,Jayce,Zac,0.0,1
TOP,Zac,Jayce,1.0,1
MIDDLE,Ornn,Naafiri,1.0,1
MIDDLE,Naafiri,Ornn,0.0,1
BOTTOM,Jax,Nilah,1.0,1
BOTTOM,Nilah,Jax,0.0,1
UTILITY,DrMundo,Senna,1.0,1
UTILITY,Senna,DrMundo,0.0,1
BOTTOM,Kaisa,Anivia,0.5,2
BOTTOM,Anivia,Kaisa,0.5,2
TOP,Aurora,Viktor,1.0,1
TOP,Viktor,Aurora,0.0,1
MIDDLE,Sylas,Twitch,0.0,1
MIDDLE,Twitch,Sylas,1.0,1
MIDDLE,Orianna,KSante,0.0,1
MIDDLE,KSante,Orianna,1.0,1
TOP,Ryze,Cassiopeia,0.5,2
TOP,Cassiopeia,Ryze,0.5,2
MIDDLE,Heimerdinger,Katarina,0.0,2
MIDDLE,Katarina,Heimerdinger,1.0,2
MIDDLE,Gwen,Diana,1.0,1
MIDDLE,Diana,Gwen,0.0,1
UTILITY,Brand,Kennen,1.0,1
UTILITY,Kennen,Brand,0.0,1
MIDDLE,Velkoz,Ornn,1.0,1
MIDDLE,Ornn,Velkoz,0.0,1
UTILITY,Sion,Brand,1.0,1
UTILITY,Brand,Sion,0.0,1
TOP,Ivern,Gangplank,0.0,1
TOP,Gangplank,Ivern,1.0,1
TOP,Sylas,Smolder,0.0,1
TOP,Smolder,Sylas,1.0,1
MIDDLE,Gragas,Malzahar,0.3333333333333333,3
MIDDLE,Malzahar,Gragas,0.6666666666666666,3
TOP,Azir,Mordekaiser,0.5,2
TOP,Mordekaiser,Azir,0.5,2
TOP,Mel,Urgot,0.0,1
TOP,Urgot,Mel,1.0,1
JUNGLE,Darius,Udyr,1.0,2
JUNGLE,Udyr,Darius,0.0,2
UTILITY,Ekko,Lux,0.0,2
UTILITY,Lux,Ekko,1.0,2
JUNGLE,Rengar,Volibear,1.0,2
JUNGLE,Volibear,Rengar,0.0,2
UTILITY,Skarner,Senna,0.25,4
UTILITY,Senna,Skarner,0.75,4
MIDDLE,Ekko,Fiora,0.0,1
MIDDLE,Fiora,Ekko,1.0,1
TOP,MonkeyKing,Singed,0.0,1
TOP,Singed,MonkeyKing,1.0,1
TOP,Ekko,Olaf,0.5,2
TOP,Olaf,Ekko,0.5,2
MIDDLE,Zilean,Chogath,0.0,2
MIDDLE,Chogath,Zilean,1.0,2
UTILITY,Zilean,Poppy,0.0,1
UTILITY,Poppy,Zilean,1.0,1
TOP,Quinn,DrMundo,0.6666666666666666,6
TOP,DrMundo,Quinn,0.3333333333333333,6
UTILITY,Anivia,Sion,0.0,1
UTILITY,Sion,Anivia,1.0,1
MIDDLE,Seraphine,Viktor,0.25,4
MIDDLE,Viktor,Seraphine,0.75,4
MIDDLE,Yasuo,Neeko,0.3333333333333333,3
MIDDLE,Neeko,Yasuo,0.6666666666666666,3
MIDDLE,Garen,Syndra,0.3333333333333333,3
MIDDLE,Syndra,Garen,0.6666666666666666,3
JUNGLE,Morgana,Talon,0.3333333333333333,3
JUNGLE,Talon,Morgana,0.6666666666666666,3
TOP,Nasus,Ambessa,0.6666666666666666,3
TOP,Ambessa,Nasus,0.3333333333333333,3
TOP,Smolder,Varus,0.0,1
TOP,Varus,Smolder,1.0,1
UTILITY,Teemo,Thresh,0.0,1
UTILITY,Thresh,Teemo,1.0,1
MIDDLE,Lissandra,Kassadin,0.5,4
MIDDLE,Kassadin,Lissandra,0.5,4
UTILITY,Pyke,Skarner,0.0,1
UTILITY,Skarner,Pyke,1.0,1
BOTTOM,Xerath,Kaisa,1.0,2
BOTTOM,Kaisa,Xerath,0.0,2
UTILITY,Senna,Gragas,0.5,2
UTILITY,Gragas,Senna,0.5,2
MIDDLE,Yone,Lucian,0.0,1
MIDDLE,Lucian,Yone,1.0,1
TOP,Kassadin,Malphite,0.3333333333333333,3
TOP,Malphite,Kassadin,0.6666666666666666,3
JUNGLE,Kayn,Darius,0.5,2
JUNGLE,Darius,Kayn,0.5,2
TOP,Shaco,Smolder,0.0,1
TOP,Smolder,Shaco,1.0,1
UTILITY,Zilean,TahmKench,0.0,2
UTILITY,TahmKench,Zilean,1.0,2
TOP,Karma,Trundle,1.0,1
TOP,Trundle,Karma,0.0,1
TOP,Akshan,Irelia,0.6,5
TOP,Irelia,Akshan,0.4,5
TOP,Zaahen,Shyvana,0.5,4
TOP,Shyvana,Zaahen,0.5,4
TOP,Vayne,Malzahar,0.0,1
TOP,Malzahar,Vayne,1.0,1
TOP,Teemo,Karthus,0.0,2
TOP,Karthus,Teemo,1.0,2
TOP,Trundle,Chogath,0.5,4
TOP,Chogath,Trundle,0.5,4
BOTTOM,Varus,Viktor,1.0,1
BOTTOM,Viktor,Varus,0.0,1
MIDDLE,Qiyana,Chogath,0.4,5
MIDDLE,Chogath,Qiyana,0.6,5
TOP,Udyr,Camille,0.0,1
TOP,Camille,Udyr,1.0,1
BOTTOM,Vayne,Lux,0.5,2
BOTTOM,Lux,Vayne,0.5,2
TOP,Shen,Viktor,0.0,1
TOP,Viktor,Shen,1.0,1
BOTTOM,Viktor,Caitlyn,0.6666666666666666,6
BOTTOM,Caitlyn,Viktor,0.3333333333333333,6
UTILITY,Jax,Rell,1.0,2
UTILITY,Rell,Jax,0.0,2
TOP,Tristana,Riven,0.0,1
TOP,Riven,Tristana,1.0,1
MIDDLE,Riven,Garen,1.0,1
MIDDLE,Garen,Riven,0.0,1
MIDDLE,Vladimir,Corki,0.5,2
MIDDLE,Corki,Vladimir,0.5,2
BOTTOM,Ryze,Caitlyn,1.0,1
BOTTOM,Caitlyn,Ryze,0.0,1
JUNGLE,Camille,FiddleSticks,1.0,1
JUNGLE,FiddleSticks,Camille,0.0,1
TOP,Smolder,Karthus,1.0,2
TOP,Karthus,Smolder,0.0,2
TOP,Shyvana,Azir,0.0,1
TOP,Azir,Shyvana,1.0,1
UTILITY,Braum,Galio,1.0,3
UTILITY,Galio,Braum,0.0,3
MIDDLE,Ezreal,Ekko,0.3333333333333333,3
MIDDLE,Ekko,Ezreal,0.6666666666666666,3
BOTTOM,Samira,MissFortune,0.5714285714285714,7
BOTTOM,MissFortune,Samira,0.42857142857142855,7
JUNGLE,Riven,RekSai,0.6666666666666666,3
JUNGLE,RekSai,Riven,0.3333333333333333,3
MIDDLE,Viktor,MissFortune,0.5,2
MIDDLE,MissFortune,Viktor,0.5,2
MIDDLE,Diana,Vex,0.3333333333333333,3
MIDDLE,Vex,Diana,0.6666666666666666,3
UTILITY,Twitch,Zoe,0.5,2
UTILITY,Zoe,Twitch,0.5,2
MIDDLE,Irelia,AurelionSol,0.0,3
MIDDLE,AurelionSol,Irelia,1.0,3
TOP,Brand,Trundle,1.0,1
TOP,Trundle,Brand,0.0,1
JUNGLE,Rammus,MonkeyKing,0.0,1
JUNGLE,MonkeyKing,Rammus,1.0,1
TOP,Darius,Brand,1.0,1
TOP,Brand,Darius,0.0,1
MIDDLE,Sylas,Olaf,1.0,2
MIDDLE,Olaf,Sylas,0.0,2
UTILITY,Xerath,Soraka,1.0,1
UTILITY,Soraka,Xerath,0.0,1
BOTTOM,Vladimir,Samira,0.5,2
BOTTOM,Samira,Vladimir,0.5,2
TOP,Qiyana,Camille,0.5,2
TOP,Camille,Qiyana,0.5,2
UTILITY,Galio,Bard,0.5714285714285714,7
UTILITY,Bard,Galio,0.42857142857142855,7
TOP,Sett,Quinn,0.0,1
TOP,Quinn,Sett,1.0,1
TOP,Volibear,Chogath,0.75,4
TOP,Chogath,Volibear,0.25,4
UTILITY,Alistar,Maokai,0.2857142857142857,7
UTILITY,Maokai,Alistar,0.7142857142857143,7
TOP,RekSai,Fiora,0.0,1
TOP,Fiora,RekSai,1.0,1
BOTTOM,Brand,KogMaw,0.4,5
BOTTOM,KogMaw,Brand,0.6,5
MIDDLE,Ivern,Quinn,0.0,1
MIDDLE,Quinn,Ivern,1.0,1
TOP,Briar,Gwen,1.0,1
TOP,Gwen,Briar,0.0,1
MIDDLE,Xerath,Lux,0.0,3
MIDDLE,Lux,Xerath,1.0,3
MIDDLE,Ahri,Sivir,1.0,1
MIDDLE,Sivir,Ahri,0.0,1
TOP,Shen,Kassadin,1.0,1
TOP,Kassadin,Shen,0.0,1
MIDDLE,Soraka,Zed,0.25,4
MIDDLE,Zed,Soraka,0.75,4
JUNGLE,Elise,Olaf,0.0,2
JUNGLE,Olaf,Elise,1.0,2
JUNGLE,Olaf,Hecarim,1.0,1
JUNGLE,Hecarim,Olaf,0.0,1
MIDDLE,Galio,Renekton,1.0,1
MIDDLE,Renekton,Galio,0.0,1
TOP,TwistedFate,Riven,0.0,1
TOP,Riven,TwistedFate,1.0,1
UTILITY,Elise,Anivia,0.0,1
UTILITY,Anivia,Elise,1.0,1
TOP,Smolder,XinZhao,0.0,1
TOP,XinZhao,Smolder,1.0,1
JUNGLE,Malphite,Amumu,0.5,2
JUNGLE,Amumu,Malphite,0.5,2
TOP,Brand,TwistedFate,1.0,2
TOP,TwistedFate,Brand,0.0,2
MIDDLE,XinZhao,Velkoz,1.0,1
MIDDLE,Velkoz,XinZhao,0.0,1
MIDDLE,Gragas,Swain,1.0,1
MIDDLE,Swain,Gragas,0.0,1
UTILITY,Rell,Ivern,1.0,2
UTILITY,Ivern,Rell,0.0,2
MIDDLE,Karma,XinZhao,1.0,2
MIDDLE,XinZhao,Karma,0.0,2
MIDDLE,Neeko,Riven,0.5,2
MIDDLE,Riven,Neeko,0.5,2
TOP,Katarina,FiddleSticks,1.0,1
TOP,FiddleSticks,Katarina,0.0,1
MIDDLE,Swain,Riven,0.5,2
MIDDLE,Riven,Swain,0.5,2
MIDDLE,Ryze,Fiora,1.0,1
MIDDLE,Fiora,Ryze,0.0,1
BOTTOM,Sion,Brand,0.0,1
BOTTOM,Brand,Sion,1.0,1
MIDDLE,Jayce,Fiora,0.0,1
MIDDLE,Fiora,Jayce,1.0,1
JUNGLE,Sejuani,XinZhao,0.0,2
JUNGLE,XinZhao,Sejuani,1.0,2
JUNGLE,Warwick,Karthus,0.0,1
JUNGLE,Karthus,Warwick,1.0,1
MIDDLE,Akali,Fiora,0.3333333333333333,3
MIDDLE,Fiora,Akali,0.6666666666666666,3
TOP,Yone,Leblanc,0.0,3
TOP,Leblanc,Yone,1.0,3
MIDDLE,Anivia,Corki,0.0,2
MIDDLE,Corki,Anivia,1.0,2
BOTTOM,Cassiopeia,Karthus,0.5,2
BOTTOM,Karthus,Cassiopeia,0.5,2
TOP,Aatrox,Maokai,0.0,2
TOP,Maokai,Aatrox,1.0,2
JUNGLE,Brand,Zac,0.5,2
JUNGLE,Zac,Brand,0.5,2
MIDDLE,Warwick,Syndra,0.0,1
MIDDLE,Syndra,Warwick,1.0,1
TOP,Fizz,Shen,0.0,1
TOP,Shen,Fizz,1.0,1
JUNGLE,Gragas,Naafiri,1.0,2
JUNGLE,Naafiri,Gragas,0.0,2
MIDDLE,TwistedFate,Fiora,0.0,2
MIDDLE,Fiora,TwistedFate,1.0,2
UTILITY,Yuumi,Vi,0.0,1
UTILITY,Vi,Yuumi,1.0,1
UTILITY,Janna,Sion,1.0,3
UTILITY,Sion,Janna,0.0,3
TOP,Gangplank,Maokai,0.0,1
TOP,Maokai,Gangplank,1.0,1
MIDDLE,Malzahar,XinZhao,1.0,1
MIDDLE,XinZhao,Malzahar,0.0,1
TOP,Renekton,Morgana,1.0,1
TOP,Morgana,Renekton,0.0,1
TOP,Shyvana,Malphite,0.6666666666666666,3
TOP,Malphite,Shyvana,0.3333333333333333,3
MIDDLE,Zoe,Teemo,0.0,1
MIDDLE,Teemo,Zoe,1.0,1
TOP,Garen,Karthus,1.0,1
TOP,Karthus,Garen,0.0,1
TOP,Gragas,TahmKench,0.5,2
TOP,TahmKench,Gragas,0.5,2
MIDDLE,Riven,TwistedFate,0.9090909090909091,11
MIDDLE,TwistedFate,Riven,0.09090909090909091,11
TOP,Diana,XinZhao,0.0,1
TOP,XinZhao,Diana,1.0,1
MIDDLE,Riven,Seraphine,0.75,4
MIDDLE,Seraphine,Riven,0.25,4
MIDDLE,Leblanc,XinZhao,0.4,5
MIDDLE,XinZhao,Leblanc,0.6,5
JUNGLE,Darius,Naafiri,0.0,1
JUNGLE,Naafiri,Darius,1.0,1
MIDDLE,Pantheon,Vex,0.0,1
MIDDLE,Vex,Pantheon,1.0,1
MIDDLE,Riven,KogMaw,0.0,2
MIDDLE,KogMaw,Riven,1.0,2
BOTTOM,Fiora,Yasuo,1.0,1
BOTTOM,Yasuo,Fiora,0.0,1
TOP,Fizz,Zilean,1.0,2
TOP,Zilean,Fizz,0.0,2
TOP,RekSai,Katarina,1.0,1
TOP,Katarina,RekSai,0.0,1
MIDDLE,Chogath,Fizz,0.3333333333333333,3
MIDDLE,Fizz,Chogath,0.6666666666666666,3
MIDDLE,Kennen,Chogath,0.0,1
MIDDLE,Chogath,Kennen,1.0,1
TOP,Singed,Vex,0.0,1
TOP,Vex,Singed,1.0,1
TOP,Zilean,KSante,0.5,2
TOP,KSante,Zilean,0.5,2
TOP,Maokai,Yone,1.0,1
TOP,Yone,Maokai,0.0,1
UTILITY,Maokai,Blitzcrank,0.5,2
UTILITY,Blitzcrank,Maokai,0.5,2
UTILITY,Nidalee,Lux,0.0,1
UTILITY,Lux,Nidalee,1.0,1
TOP,Jax,Lissandra,0.0,1
TOP,Lissandra,Jax,1.0,1
MIDDLE,Ezreal,Kayle,0.0,2
MIDDLE,Kayle,Ezreal,1.0,2
TOP,Heimerdinger,Vladimir,0.0,1
TOP,Vladimir,Heimerdinger,1.0,1
JUNGLE,Belveth,Zed,0.6666666666666666,3
JUNGLE,Zed,Belveth,0.3333333333333333,3
TOP,Anivia,Annie,0.0,2
TOP,Annie,Anivia,1.0,2
UTILITY,Pantheon,Shaco,0.25,4
UTILITY,Shaco,Pantheon,0.75,4
MIDDLE,Chogath,Akshan,0.25,4
MIDDLE,Akshan,Chogath,0.75,4
TOP,Anivia,Kalista,0.5,2
TOP,Kalista,Anivia,0.5,2
TOP,Jhin,Akshan,0.0,1
TOP,Akshan,Jhin,1.0,1
TOP,Elise,Mordekaiser,1.0,1
TOP,Mordekaiser,Elise,0.0,1
MIDDLE,Mel,Swain,0.0,1
MIDDLE,Swain,Mel,1.0,1
TOP,Vayne,Lux,0.5,2
TOP,Lux,Vayne,0.5,2
UTILITY,Velkoz,Nidalee,1.0,1
UTILITY,Nidalee,Velkoz,0.0,1
TOP,Gangplank,Kassadin,1.0,1
TOP,Kassadin,Gangplank,0.0,1
JUNGLE,Warwick,Brand,0.0,1
JUNGLE,Brand,Warwick,1.0,1
MIDDLE,Varus,Malphite,0.0,1
MIDDLE,Malphite,Varus,1.0,1
UTILITY,Lulu,Ashe,0.0,1
UTILITY,Ashe,Lulu,1.0,1
MIDDLE,Kassadin,Rumble,0.5,2
MIDDLE,Rumble,Kassadin,0.5,2
TOP,Gwen,Shyvana,0.5,2
TOP,Shyvana,Gwen,0.5,2
JUNGLE,XinZhao,Maokai,1.0,1
JUNGLE,Maokai,XinZhao,0.0,1
TOP,TwistedFate,Akali,0.75,4
TOP,Akali,TwistedFate,0.25,4
TOP,Poppy,Gwen,1.0,1
TOP,Gwen,Poppy,0.0,1
MIDDLE,Qiyana,Xerath,1.0,3
MIDDLE,Xerath,Qiyana,0.0,3
BOTTOM,XinZhao,Swain,0.0,1
BOTTOM,Swain,XinZhao,1.0,1
TOP,Shyvana,Kayn,0.0,1
TOP,Kayn,Shyvana,1.0,1
MIDDLE,Shyvana,Xerath,0.0,1
MIDDLE,Xerath,Shyvana,1.0,1
TOP,Taliyah,Ornn,0.0,2
TOP,Ornn,Taliyah,1.0,2
MIDDLE,Riven,Zilean,0.3333333333333333,3
MIDDLE,Zilean,Riven,0.6666666666666666,3
TOP,Hwei,Kennen,0.0,1
TOP,Kennen,Hwei,1.0,1
TOP,Taliyah,Ahri,0.0,1
TOP,Ahri,Taliyah,1.0,1
UTILITY,Blitzcrank,Nidalee,0.0,1
UTILITY,Nidalee,Blitzcrank,1.0,1
TOP,Kennen,Ryze,0.5,2
TOP,Ryze,Kennen,0.5,2
TOP,Tryndamere,Poppy,0.0,1
TOP,Poppy,Tryndamere,1.0,1
MIDDLE,Ezreal,Galio,0.3333333333333333,3
MIDDLE,Galio,Ezreal,0.6666666666666666,3
TOP,Anivia,Kayn,1.0,1
TOP,Kayn,Anivia,0.0,1
BOTTOM,MissFortune,Brand,0.75,4
BOTTOM,Brand,MissFortune,0.25,4
BOTTOM,Smolder,Riven,0.8333333333333334,6
BOTTOM,Riven,Smolder,0.16666666666666666,6
UTILITY,Rakan,Naafiri,0.0,1
UTILITY,Naafiri,Rakan,1.0,1
MIDDLE,Chogath,Riven,0.25,4
MIDDLE,Riven,Chogath,0.75,4
MIDDLE,Smolder,Riven,0.0,1
MIDDLE,Riven,Smolder,1.0,1
BOTTOM,XinZhao,Viktor,0.0,1
BOTTOM,Viktor,XinZhao,1.0,1
TOP,LeeSin,Pantheon,0.0,1
TOP,Pantheon,LeeSin,1.0,1
UTILITY,Nunu,Nunu,1.0,2
BOTTOM,Senna,LeeSin,0.0,1
BOTTOM,LeeSin,Senna,1.0,1
MIDDLE,Galio,Malphite,0.5,2
MIDDLE,Malphite,Galio,0.5,2
TOP,Kled,Shyvana,0.0,1
TOP,Shyvana,Kled,1.0,1
JUNGLE,Brand,Ivern,0.3333333333333333,3
JUNGLE,Ivern,Brand,0.6666666666666666,3
UTILITY,Zyra,Rakan,0.0,1
UTILITY,Rakan,Zyra,1.0,1
MIDDLE,Galio,Kalista,0.25,4
MIDDLE,Kalista,Galio,0.5,4
TOP,Vladimir,Zac,1.0,1
TOP,Zac,Vladimir,0.0,1
TOP,Pantheon,Yasuo,0.2,5
TOP,Yasuo,Pantheon,0.8,5
JUNGLE,Briar,Darius,0.0,1
JUNGLE,Darius,Briar,1.0,1
TOP,Diana,Gragas,0.0,1
TOP,Gragas,Diana,1.0,1
MIDDLE,Akshan,Nocturne,1.0,1
MIDDLE,Nocturne,Akshan,0.0,1
MIDDLE,Ivern,Diana,0.0,1
MIDDLE,Diana,Ivern,1.0,1
MIDDLE,Irelia,Chogath,0.0,2
MIDDLE,Chogath,Irelia,1.0,2
TOP,Akali,Akshan,0.0,2
TOP,Akshan,Akali,1.0,2
BOTTOM,Naafiri,Yunara,0.0,1
BOTTOM,Yunara,Naafiri,1.0,1
TOP,Katarina,Riven,0.0,2
TOP,Riven,Katarina,1.0,2
TOP,Zed,Talon,0.5,2
TOP,Talon,Zed,0.5,2
MIDDLE,Tristana,XinZhao,0.0,2
MIDDLE,XinZhao,Tristana,1.0,2
MIDDLE,Ornn,Swain,0.0,1
MIDDLE,Swain,Ornn,1.0,1
TOP,Malphite,Diana,0.6,5
TOP,Diana,Malphite,0.4,5
TOP,Chogath,Diana,0.0,1
TOP,Diana,Chogath,1.0,1
JUNGLE,Diana,Udyr,0.75,4
JUNGLE,Udyr,Diana,0.25,4
TOP,Veigar,Jayce,1.0,1
TOP,Jayce,Veigar,0.0,1
JUNGLE,MonkeyKing,Briar,0.5,6
JUNGLE,Briar,MonkeyKing,0.5,6
BOTTOM,Akshan,Yunara,1.0,1
BOTTOM,Yunara,Akshan,0.0,1
JUNGLE,Khazix,Quinn,0.5833333333333334,12
JUNGLE,Quinn,Khazix,0.4166666666666667,12
MIDDLE,Karma,Katarina,0.0,2
MIDDLE,Katarina,Karma,1.0,2
JUNGLE,Chogath,Jax,1.0,1
JUNGLE,Jax,Chogath,0.0,1
MIDDLE,Irelia,XinZhao,0.5,6
MIDDLE,XinZhao,Irelia,0.5,6
TOP,Velkoz,Akali,0.0,2
TOP,Akali,Velkoz,1.0,2
JUNGLE,Malphite,MonkeyKing,0.6666666666666666,3
JUNGLE,MonkeyKing,Malphite,0.3333333333333333,3
TOP,MonkeyKing,Sett,0.0,1
TOP,Sett,MonkeyKing,1.0,1
JUNGLE,Quinn,MonkeyKing,0.2,5
JUNGLE,MonkeyKing,Quinn,0.8,5
TOP,Heimerdinger,Nasus,0.5,2
TOP,Nasus,Heimerdinger,0.5,2
MIDDLE,Anivia,Tryndamere,0.0,1
MIDDLE,Tryndamere,Anivia,1.0,1
BOTTOM,Zeri,MonkeyKing,0.0,1
BOTTOM,MonkeyKing,Zeri,1.0,1
MIDDLE,Ezreal,Ornn,1.0,1
MIDDLE,Ornn,Ezreal,0.0,1
TOP,Ornn,Zeri,0.5,2
TOP,Zeri,Ornn,0.5,2
MIDDLE,Rumble,Veigar,0.0,1
MIDDLE,Veigar,Rumble,1.0,1
MIDDLE,Akali,Ornn,0.0,1
MIDDLE,Ornn,Akali,1.0,1
TOP,Shen,XinZhao,0.25,4
TOP,XinZhao,Shen,0.75,4
TOP,Hwei,Malphite,0.0,1
TOP,Malphite,Hwei,1.0,1
JUNGLE,Jayce,Skarner,0.45454545454545453,11
JUNGLE,Skarner,Jayce,0.5454545454545454,11
MIDDLE,Riven,XinZhao,0.5,2
MIDDLE,XinZhao,Riven,0.5,2
TOP,Viktor,Yasuo,0.0,1
TOP,Yasuo,Viktor,1.0,1
UTILITY,Senna,Nunu,0.0,1
UTILITY,Nunu,Senna,1.0,1
TOP,Cassiopeia,Renekton,0.5555555555555556,9
TOP,Renekton,Cassiopeia,0.4444444444444444,9
MIDDLE,Galio,Kassadin,0.5,2
MIDDLE,Kassadin,Galio,0.5,2
JUNGLE,Elise,Quinn,0.42857142857142855,7
JUNGLE,Quinn,Elise,0.5714285714285714,7
JUNGLE,Nunu,Volibear,0.0,1
JUNGLE,Volibear,Nunu,1.0,1
TOP,Nasus,Garen,0.5,2
TOP,Garen,Nasus,0.5,2
TOP,Xayah,Qiyana,0.0,1
TOP,Qiyana,Xayah,1.0,1
TOP,Annie,Zilean,1.0,1
TOP,Zilean,Annie,0.0,1
MIDDLE,Mel,Kaisa,1.0,1
MIDDLE,Kaisa,Mel,0.0,1
MIDDLE,Morgana,Yasuo,1.0,2
MIDDLE,Yasuo,Morgana,0.0,2
TOP,Sion,MonkeyKing,1.0,3
TOP,MonkeyKing,Sion,0.0,3
MIDDLE,Qiyana,Garen,0.5,2
MIDDLE,Garen,Qiyana,0.5,2
UTILITY,Quinn,Soraka,0.0,1
UTILITY,Soraka,Quinn,1.0,1
JUNGLE,Poppy,Khazix,0.8,5
JUNGLE,Khazix,Poppy,0.2,5
TOP,TwistedFate,Yone,0.0,4
TOP,Yone,TwistedFate,1.0,4
TOP,Yorick,Cassiopeia,0.16666666666666666,6
TOP,Cassiopeia,Yorick,0.8333333333333334,6
TOP,Poppy,XinZhao,0.0,1
TOP,XinZhao,Poppy,1.0,1
MIDDLE,Tryndamere,Rumble,0.0,1
MIDDLE,Rumble,Tryndamere,1.0,1
JUNGLE,Hecarim,Gwen,1.0,1
JUNGLE,Gwen,Hecarim,0.0,1
TOP,Rumble,Ekko,0.0,1
TOP,Ekko,Rumble,1.0,1
UTILITY,Bard,Evelynn,0.0,1
UTILITY,Evelynn,Bard,1.0,1
TOP,Akali,Kalista,0.6666666666666666,3
TOP,Kalista,Akali,0.3333333333333333,3
TOP,Yasuo,Fiora,0.8,5
TOP,Fiora,Yasuo,0.2,5
JUNGLE,Sylas,Quinn,0.5,4
JUNGLE,Quinn,Sylas,0.5,4
TOP,Taliyah,Vayne,0.0,1
TOP,Vayne,Taliyah,1.0,1
JUNGLE,Quinn,Sejuani,0.0,3
JUNGLE,Sejuani,Quinn,1.0,3
JUNGLE,Quinn,Nunu,0.8,10
JUNGLE,Nunu,Quinn,0.2,10
UTILITY,Zilean,Ahri,1.0,1
UTILITY,Ahri,Zilean,0.0,1
JUNGLE,JarvanIV,Quinn,0.4,10
JUNGLE,Quinn,JarvanIV,0.6,10
TOP,Corki,Akali,1.0,1
TOP,Akali,Corki,0.0,1
TOP,Smolder,Zeri,1.0,2
TOP,Zeri,Smolder,0.0,2
MIDDLE,XinZhao,Azir,0.0,1
MIDDLE,Azir,XinZhao,1.0,1
UTILITY,LeeSin,Lulu,0.0,1
UTILITY,Lulu,LeeSin,1.0,1
TOP,Karthus,Irelia,1.0,2
TOP,Irelia,Karthus,0.0,2
UTILITY,Zilean,Galio,1.0,1
UTILITY,Galio,Zilean,0.0,1
UTILITY,Bard,LeeSin,1.0,2
UTILITY,LeeSin,Bard,0.0,2
TOP,Gangplank,Ashe,0.0,2
TOP,Ashe,Gangplank,1.0,2
MIDDLE,Zed,Tristana,0.0,3
MIDDLE,Tristana,Zed,1.0,3
TOP,Shyvana,Quinn,1.0,1
TOP,Quinn,Shyvana,0.0,1
TOP,Anivia,Quinn,0.3333333333333333,3
TOP,Quinn,Anivia,0.6666666666666666,3
TOP,KogMaw,Akali,1.0,3
TOP,Akali,KogMaw,0.0,3
UTILITY,Heimerdinger,TahmKench,1.0,1
UTILITY,TahmKench,Heimerdinger,0.0,1
TOP,Shyvana,Rumble,0.75,4
TOP,Rumble,Shyvana,0.25,4
TOP,Brand,Leblanc,0.0,1
TOP,Leblanc,Brand,1.0,1
TOP,Zeri,Sion,0.0,1
TOP,Sion,Zeri,1.0,1
MIDDLE,Sylas,Gragas,0.5,4
MIDDLE,Gragas,Sylas,0.5,4
MIDDLE,XinZhao,Kayle,0.3333333333333333,3
MIDDLE,Kayle,XinZhao,0.6666666666666666,3
TOP,Quinn,Yasuo,0.4,5
TOP,Yasuo,Quinn,0.6,5
MIDDLE,Riven,Lucian,1.0,1
MIDDLE,Lucian,Riven,0.0,1
BOTTOM,Varus,TahmKench,0.25,4
BOTTOM,TahmKench,Varus,0.75,4
JUNGLE,Pantheon,Briar,0.4,5
JUNGLE,Briar,Pantheon,0.6,5
MIDDLE,Nocturne,XinZhao,0.0,1
MIDDLE,XinZhao,Nocturne,1.0,1
BOTTOM,MissFortune,Xerath,1.0,1
BOTTOM,Xerath,MissFortune,0.0,1
JUNGLE,Naafiri,Quinn,0.42857142857142855,7
JUNGLE,Quinn,Naafiri,0.5714285714285714,7
TOP,Ezreal,Riven,1.0,1
TOP,Riven,Ezreal,0.0,1
JUNGLE,Zeri,DrMundo,0.0,1
JUNGLE,DrMundo,Zeri,1.0,1
MIDDLE,Akali,Lux,1.0,3
MIDDLE,Lux,Akali,0.0,3
UTILITY,Janna,Galio,0.3333333333333333,3
UTILITY,Galio,Janna,0.6666666666666666,3
JUNGLE,Irelia,Kayn,0.0,1
JUNGLE,Kayn,Irelia,1.0,1
TOP,Zoe,Lissandra,0.0,1
TOP,Lissandra,Zoe,1.0,1
TOP,Vayne,Karthus,0.3333333333333333,3
TOP,Karthus,Vayne,0.6666666666666666,3
TOP,Kassadin,Vayne,0.0,1
TOP,Vayne,Kassadin,1.0,1
JUNGLE,Quinn,Graves,0.75,8
JUNGLE,Graves,Quinn,0.25,8
UTILITY,Zoe,Brand,0.0,1
UTILITY,Brand,Zoe,1.0,1
UTILITY,Taliyah,Sylas,0.0,1
UTILITY,Sylas,Taliyah,1.0,1
JUNGLE,Teemo,MonkeyKing,1.0,1
JUNGLE,MonkeyKing,Teemo,0.0,1
TOP,Kalista,Naafiri,1.0,1
TOP,Naafiri,Kalista,0.0,1
JUNGLE,Trundle,Kayn,1.0,1
JUNGLE,Kayn,Trundle,0.0,1
TOP,Velkoz,Fiora,1.0,1
TOP,Fiora,Velkoz,0.0,1
UTILITY,Shaco,Blitzcrank,0.0,1
UTILITY,Blitzcrank,Shaco,1.0,1
MIDDLE,Zilean,Ahri,0.5,6
MIDDLE,Ahri,Zilean,0.5,6
TOP,Chogath,Kayle,0.0,2
TOP,Kayle,Chogath,1.0,2
JUNGLE,Karthus,MonkeyKing,0.3333333333333333,9
JUNGLE,MonkeyKing,Karthus,0.6666666666666666,9
UTILITY,Morgana,Shaco,0.3333333333333333,3
UTILITY,Shaco,Morgana,0.6666666666666666,3
TOP,Kennen,Cassiopeia,0.5,2
TOP,Cassiopeia,Kennen,0.5,2
JUNGLE,LeeSin,Rammus,1.0,1
JUNGLE,Rammus,LeeSin,0.0,1
BOTTOM,Taliyah,Jinx,0.0,1
BOTTOM,Jinx,Taliyah,1.0,1
MIDDLE,XinZhao,Diana,0.3333333333333333,3
MIDDLE,Diana,XinZhao,0.6666666666666666,3
TOP,Smolder,Akali,0.0,1
TOP,Akali,Smolder,1.0,1
JUNGLE,Poppy,Jayce,1.0,2
JUNGLE,Jayce,Poppy,0.0,2
MIDDLE,Malphite,Tryndamere,0.5,2
MIDDLE,Tryndamere,Malphite,0.5,2
TOP,Kalista,Vex,0.0,1
TOP,Vex,Kalista,1.0,1
UTILITY,FiddleSticks,Alistar,0.5,2
UTILITY,Alistar,FiddleSticks,0.5,2
TOP,Vladimir,Rengar,1.0,1
TOP,Rengar,Vladimir,0.0,1
MIDDLE,Yasuo,Soraka,0.5,2
MIDDLE,Soraka,Yasuo,0.5,2
JUNGLE,Nocturne,Quinn,0.625,8
JUNGLE,Quinn,Nocturne,0.375,8
MIDDLE,Vladimir,Quinn,1.0,2
MIDDLE,Quinn,Vladimir,0.0,2
TOP,Maokai,Ambessa,1.0,1
TOP,Ambessa,Maokai,0.0,1
JUNGLE,Belveth,Skarner,1.0,5
JUNGLE,Skarner,Belveth,0.0,5
TOP,Tryndamere,Leblanc,1.0,1
TOP,Leblanc,Tryndamere,0.0,1
MIDDLE,Briar,Heimerdinger,0.0,1
MIDDLE,Heimerdinger,Briar,1.0,1
TOP,Chogath,KogMaw,0.0,2
TOP,KogMaw,Chogath,1.0,2
MIDDLE,Viktor,Fiora,0.6,5
MIDDLE,Fiora,Viktor,0.4,5
TOP,Zilean,Katarina,1.0,1
TOP,Katarina,Zilean,0.0,1
JUNGLE,Quinn,RekSai,0.0,2
JUNGLE,RekSai,Quinn,1.0,2
UTILITY,Nidalee,Alistar,0.5,2
UTILITY,Alistar,Nidalee,0.5,2
MIDDLE,Yasuo,Fiora,1.0,3
MIDDLE,Fiora,Yasuo,0.0,3
TOP,Shyvana,Gragas,0.0,1
TOP,Gragas,Shyvana,1.0,1
UTILITY,Nautilus,Amumu,0.3333333333333333,3
UTILITY,Amumu,Nautilus,0.6666666666666666,3
TOP,Graves,Sion,0.0,2
TOP,Sion,Graves,1.0,2
JUNGLE,Evelynn,Brand,0.0,1
JUNGLE,Brand,Evelynn,1.0,1
MIDDLE,Smolder,XinZhao,0.0,1
MIDDLE,XinZhao,Smolder,1.0,1
BOTTOM,Nilah,Irelia,1.0,1
BOTTOM,Irelia,Nilah,0.0,1
TOP,Rumble,Nasus,1.0,2
TOP,Nasus,Rumble,0.0,2
UTILITY,Nidalee,Taric,0.0,1
UTILITY,Taric,Nidalee,1.0,1
TOP,Velkoz,Vladimir,0.0,1
TOP,Vladimir,Velkoz,1.0,1
TOP,Azir,Camille,0.0,1
TOP,Camille,Azir,1.0,1
JUNGLE,Lillia,Zed,1.0,1
JUNGLE,Zed,Lillia,0.0,1
UTILITY,Milio,Camille,0.75,4
UTILITY,Camille,Milio,0.25,4
TOP,Fizz,Gragas,0.3333333333333333,3
TOP,Gragas,Fizz,0.6666666666666666,3
BOTTOM,Vladimir,Seraphine,0.3333333333333333,3
BOTTOM,Seraphine,Vladimir,0.6666666666666666,3
TOP,Velkoz,Renekton,0.5,2
TOP,Renekton,Velkoz,0.5,2
TOP,Tryndamere,TahmKench,0.5,2
TOP,TahmKench,Tryndamere,0.5,2
JUNGLE,Quinn,Skarner,0.5,2
JUNGLE,Skarner,Quinn,0.5,2
BOTTOM,Zyra,Lucian,0.6666666666666666,3
BOTTOM,Lucian,Zyra,0.3333333333333333,3
JUNGLE,Quinn,Viego,0.4444444444444444,9
JUNGLE,Viego,Quinn,0.5555555555555556,9
TOP,Zeri,Twitch,1.0,1
TOP,Twitch,Zeri,0.0,1
MIDDLE,Velkoz,Kassadin,0.0,2
MIDDLE,Kassadin,Velkoz,1.0,2
MIDDLE,Heimerdinger,Taliyah,0.0,1
MIDDLE,Taliyah,Heimerdinger,1.0,1
TOP,DrMundo,Nasus,0.2,5
TOP,Nasus,DrMundo,0.8,5
UTILITY,Velkoz,Zyra,0.0,1
UTILITY,Zyra,Velkoz,1.0,1
JUNGLE,LeeSin,Quinn,0.5263157894736842,19
JUNGLE,Quinn,LeeSin,0.47368421052631576,19
UTILITY,Rakan,Rammus,0.5,2
UTILITY,Rammus,Rakan,0.5,2
TOP,Galio,Riven,1.0,1
TOP,Riven,Galio,0.0,1
UTILITY,Skarner,Leblanc,1.0,1
UTILITY,Leblanc,Skarner,0.0,1
UTILITY,FiddleSticks,Yuumi,1.0,1
UTILITY,Yuumi,FiddleSticks,0.0,1
TOP,Smolder,Karma,0.0,1
TOP,Karma,Smolder,1.0,1
TOP,Malphite,Heimerdinger,0.0,2
TOP,Heimerdinger,Malphite,1.0,2
TOP,Jayce,Ekko,0.6,5
TOP,Ekko,Jayce,0.4,5
BOTTOM,Sivir,Nilah,0.0,2
BOTTOM,Nilah,Sivir,1.0,2
JUNGLE,Brand,Vi,0.25,4
JUNGLE,Vi,Brand,0.75,4
MIDDLE,Azir,Gwen,0.0,2
MIDDLE,Gwen,Azir,1.0,2
TOP,Draven,Ambessa,0.5,2
TOP,Ambessa,Draven,0.5,2
TOP,Lissandra,Gnar,0.0,1
TOP,Gnar,Lissandra,1.0,1
TOP,Pantheon,Taliyah,0.5,2
TOP,Taliyah,Pantheon,0.5,2
JUNGLE,Zac,Kayn,0.6666666666666666,3
JUNGLE,Kayn,Zac,0.3333333333333333,3
TOP,Malphite,Malzahar,0.5,2
TOP,Malzahar,Malphite,0.5,2
UTILITY,Shaco,Veigar,1.0,1
UTILITY,Veigar,Shaco,0.0,1
BOTTOM,Qiyana,Viktor,1.0,1
BOTTOM,Viktor,Qiyana,0.0,1
TOP,RekSai,Vladimir,1.0,1
TOP,Vladimir,RekSai,0.0,1
UTILITY,Brand,Annie,1.0,1
UTILITY,Annie,Brand,0.0,1
MIDDLE,Corki,Brand,0.0,1
MIDDLE,Brand,Corki,1.0,1
TOP,Soraka,Gwen,1.0,1
TOP,Gwen,Soraka,0.0,1
UTILITY,Yuumi,Camille,0.5,4
UTILITY,Camille,Yuumi,0.5,4
TOP,TahmKench,KSante,0.0,1
TOP,KSante,TahmKench,1.0,1
TOP,Brand,Renekton,1.0,2
TOP,Renekton,Brand,0.0,2
TOP,Yunara,KSante,0.0,1
TOP,KSante,Yunara,1.0,1
TOP,Twitch,Briar,0.0,1
TOP,Briar,Twitch,1.0,1
TOP,Veigar,Teemo,0.0,1
TOP,Teemo,Veigar,1.0,1
MIDDLE,Leblanc,Lucian,0.0,2
MIDDLE,Lucian,Leblanc,1.0,2
MIDDLE,Ambessa,Vex,0.5,4
MIDDLE,Vex,Ambessa,0.5,4
BOTTOM,Lux,AurelionSol,0.6666666666666666,3
BOTTOM,AurelionSol,Lux,0.3333333333333333,3
MIDDLE,Morgana,XinZhao,0.0,1
MIDDLE,XinZhao,Morgana,1.0,1
MIDDLE,Sona,Vladimir,1.0,1
MIDDLE,Vladimir,Sona,0.0,1
TOP,Aatrox,Malzahar,0.0,1
TOP,Malzahar,Aatrox,1.0,1
BOTTOM,Varus,Zyra,0.4,5
BOTTOM,Zyra,Varus,0.6,5
MIDDLE,Malzahar,Viego,1.0,1
MIDDLE,Viego,Malzahar,0.0,1
MIDDLE,Jax,XinZhao,1.0,2
MIDDLE,XinZhao,Jax,0.0,2
TOP,Fizz,Zeri,1.0,1
TOP,Zeri,Fizz,0.0,1
UTILITY,TahmKench,Soraka,0.25,4
UTILITY,Soraka,TahmKench,0.75,4
MIDDLE,Taliyah,Kalista,0.5,2
MIDDLE,Kalista,Taliyah,0.5,2
TOP,Fizz,Jax,1.0,1
TOP,Jax,Fizz,0.0,1
TOP,KogMaw,Yasuo,0.5,2
TOP,Yasuo,KogMaw,0.5,2
UTILITY,Thresh,Karthus,0.3333333333333333,3
UTILITY,Karthus,Thresh,0.6666666666666666,3
JUNGLE,Ambessa,Maokai,0.5,2
JUNGLE,Maokai,Ambessa,0.5,2
TOP,Jayce,Fizz,0.0,1
TOP,Fizz,Jayce,1.0,1
JUNGLE,Chogath,Evelynn,0.0,1
JUNGLE,Evelynn,Chogath,1.0,1
MIDDLE,Lux,Galio,0.6666666666666666,3
MIDDLE,Galio,Lux,0.3333333333333333,3
BOTTOM,Riven,Samira,0.0,1
BOTTOM,Samira,Riven,1.0,1
MIDDLE,KSante,Leblanc,0.0,1
MIDDLE,Leblanc,KSante,1.0,1
TOP,Smolder,Ekko,0.0,1
TOP,Ekko,Smolder,1.0,1
JUNGLE,Malphite,Quinn,0.0,1
JUNGLE,Quinn,Malphite,1.0,1
JUNGLE,Talon,Quinn,0.6,10
JUNGLE,Quinn,Talon,0.4,10
TOP,LeeSin,MasterYi,0.0,1
TOP,MasterYi,LeeSin,1.0,1
MIDDLE,Fizz,Pantheon,0.25,4
MIDDLE,Pantheon,Fizz,0.75,4
TOP,Galio,Lissandra,0.0,1
TOP,Lissandra,Galio,1.0,1
MIDDLE,Orianna,Kalista,1.0,1
MIDDLE,Kalista,Orianna,0.0,1
MIDDLE,Pantheon,Ekko,0.3333333333333333,3
MIDDLE,Ekko,Pantheon,0.6666666666666666,3
TOP,Ornn,MonkeyKing,0.0,2
TOP,MonkeyKing,Ornn,1.0,2
MIDDLE,XinZhao,Mel,0.75,4
MIDDLE,Mel,XinZhao,0.25,4
MIDDLE,Viktor,Nunu,0.0,2
MIDDLE,Nunu,Viktor,1.0,2
JUNGLE,Shyvana,Riven,0.0,3
JUNGLE,Riven,Shyvana,1.0,3
UTILITY,Senna,Quinn,0.0,1
UTILITY,Quinn,Senna,1.0,1
TOP,Vi,Tryndamere,1.0,1
TOP,Tryndamere,Vi,0.0,1
TOP,Katarina,Ambessa,0.5,2
TOP,Ambessa,Katarina,0.5,2
MIDDLE,Katarina,Smolder,1.0,3
MIDDLE,Smolder,Katarina,0.0,3
BOTTOM,Ashe,Teemo,1.0,1
BOTTOM,Teemo,Ashe,0.0,1
MIDDLE,Katarina,Garen,0.6666666666666666,3
MIDDLE,Garen,Katarina,0.3333333333333333,3
TOP,Shen,Trundle,0.5,2
TOP,Trundle,Shen,0.5,2
BOTTOM,Nasus,Ezreal,0.0,1
BOTTOM,Ezreal,Nasus,1.0,1
MIDDLE,Cassiopeia,Mordekaiser,0.0,1
MIDDLE,Mordekaiser,Cassiopeia,1.0,1
MIDDLE,Rumble,Zoe,0.0,1
MIDDLE,Zoe,Rumble,1.0,1
MIDDLE,Lissandra,Annie,0.4,5
MIDDLE,Annie,Lissandra,0.6,5
JUNGLE,Shyvana,Volibear,0.5,2
JUNGLE,Volibear,Shyvana,0.5,2
TOP,Rengar,Shen,1.0,1
TOP,Shen,Rengar,0.0,1
TOP,Mordekaiser,Zed,0.0,1
TOP,Zed,Mordekaiser,1.0,1
MIDDLE,Tristana,Jayce,0.8,5
MIDDLE,Jayce,Tristana,0.2,5
BOTTOM,Sylas,Corki,0.0,1
BOTTOM,Corki,Sylas,1.0,1
BOTTOM,Brand,Hwei,0.2857142857142857,7
BOTTOM,Hwei,Brand,0.7142857142857143,7
MIDDLE,KSante,AurelionSol,0.0,1
MIDDLE,AurelionSol,KSante,1.0,1
BOTTOM,Syndra,Ahri,0.0,1
BOTTOM,Ahri,Syndra,1.0,1
MIDDLE,Diana,Vladimir,0.0,2
MIDDLE,Vladimir,Diana,1.0,2
TOP,Gwen,Gragas,0.5,2
TOP,Gragas,Gwen,0.5,2
TOP,Lissandra,TwistedFate,1.0,1
TOP,TwistedFate,Lissandra,0.0,1
MIDDLE,Gwen,KSante,0.0,1
MIDDLE,KSante,Gwen,1.0,1
TOP,Chogath,Kalista,0.0,2
TOP,Kalista,Chogath,1.0,2
BOTTOM,Draven,Riven,0.3333333333333333,3
BOTTOM,Riven,Draven,0.6666666666666666,3
UTILITY,Nunu,Pyke,0.0,1
UTILITY,Pyke,Nunu,1.0,1
MIDDLE,Malphite,Naafiri,1.0,1
MIDDLE,Naafiri,Malphite,0.0,1
TOP,MasterYi,Pantheon,1.0,1
TOP,Pantheon,MasterYi,0.0,1
TOP,Leblanc,Akshan,0.5,2
TOP,Akshan,Leblanc,0.5,2
TOP,Smolder,Mordekaiser,1.0,1
TOP,Mordekaiser,Smolder,0.0,1
UTILITY,Karma,Orianna,0.0,1
UTILITY,Orianna,Karma,1.0,1
BOTTOM,Kalista,Jayce,0.0,1
BOTTOM,Jayce,Kalista,1.0,1
UTILITY,Shen,FiddleSticks,0.0,1
UTILITY,FiddleSticks,Shen,1.0,1
JUNGLE,Teemo,MasterYi,0.6666666666666666,3
JUNGLE,MasterYi,Teemo,0.3333333333333333,3
MIDDLE,Zed,Kled,0.0,1
MIDDLE,Kled,Zed,1.0,1
UTILITY,Ekko,Sylas,0.0,1
UTILITY,Sylas,Ekko,1.0,1
TOP,Diana,Yone,0.3333333333333333,3
TOP,Yone,Diana,0.6666666666666666,3
MIDDLE,AurelionSol,XinZhao,1.0,1
MIDDLE,XinZhao,AurelionSol,0.0,1
TOP,TwistedFate,Quinn,0.0,2
TOP,Quinn,TwistedFate,1.0,2
UTILITY,Lulu,Karthus,0.0,1
UTILITY,Karthus,Lulu,1.0,1
TOP,Kennen,LeeSin,0.0,1
TOP,LeeSin,Kennen,1.0,1
TOP,DrMundo,MasterYi,0.0,1
TOP,MasterYi,DrMundo,1.0,1
JUNGLE,Chogath,Sejuani,1.0,1
JUNGLE,Sejuani,Chogath,0.0,1
MIDDLE,Malzahar,Velkoz,1.0,1
MIDDLE,Velkoz,Malzahar,0.0,1
UTILITY,Lissandra,Veigar,0.0,1
UTILITY,Veigar,Lissandra,1.0,1
MIDDLE,Smolder,Seraphine,1.0,1
MIDDLE,Seraphine,Smolder,0.0,1
BOTTOM,Syndra,Varus,0.6,5
BOTTOM,Varus,Syndra,0.4,5
TOP,Gangplank,TwistedFate,0.6666666666666666,3
TOP,TwistedFate,Gangplank,0.3333333333333333,3
TOP,Twitch,Kennen,0.0,1
TOP,Kennen,Twitch,1.0,1
TOP,Katarina,Garen,1.0,2
TOP,Garen,Katarina,0.0,2
MIDDLE,Viktor,Gragas,0.3333333333333333,3
MIDDLE,Gragas,Viktor,0.6666666666666666,3
MIDDLE,Ornn,Annie,0.0,1
MIDDLE,Annie,Ornn,1.0,1
TOP,Annie,Malphite,0.2857142857142857,7
TOP,Malphite,Annie,0.7142857142857143,7
UTILITY,Zilean,Mel,0.0,1
UTILITY,Mel,Zilean,1.0,1
TOP,TahmKench,Udyr,0.0,1
TOP,Udyr,TahmKench,1.0,1
MIDDLE,Urgot,Chogath,1.0,1
MIDDLE,Chogath,Urgot,0.0,1
UTILITY,Sylas,Kennen,0.0,1
UTILITY,Kennen,Sylas,1.0,1
TOP,Kayle,Quinn,0.0,1
TOP,Quinn,Kayle,1.0,1
MIDDLE,Taliyah,Morgana,0.0,1
MIDDLE,Morgana,Taliyah,1.0,1
TOP,Skarner,Tryndamere,0.0,1
TOP,Tryndamere,Skarner,1.0,1
TOP,Quinn,Singed,1.0,2
TOP,Singed,Quinn,0.0,2
TOP,Kalista,Vayne,0.75,4
TOP,Vayne,Kalista,0.25,4
JUNGLE,KogMaw,Kindred,1.0,1
JUNGLE,Kindred,KogMaw,0.0,1
TOP,Volibear,Yasuo,0.5,2
TOP,Yasuo,Volibear,0.5,2
UTILITY,Leona,Syndra,0.0,1
UTILITY,Syndra,Leona,1.0,1
MIDDLE,Irelia,Riven,0.3333333333333333,6
MIDDLE,Riven,Irelia,0.6666666666666666,6
TOP,Brand,Jax,0.0,1
TOP,Jax,Brand,1.0,1
BOTTOM,Katarina,Seraphine,0.5,4
BOTTOM,Seraphine,Katarina,0.5,4
TOP,Kassadin,Kennen,1.0,1
TOP,Kennen,Kassadin,0.0,1
JUNGLE,Jayce,Teemo,1.0,1
JUNGLE,Teemo,Jayce,0.0,1
UTILITY,Camille,Janna,0.45454545454545453,11
UTILITY,Janna,Camille,0.5454545454545454,11
MIDDLE,Tryndamere,Brand,0.0,1
MIDDLE,Brand,Tryndamere,1.0,1
BOTTOM,Vladimir,Yasuo,0.3333333333333333,3
BOTTOM,Yasuo,Vladimir,0.6666666666666666,3
MIDDLE,Sion,Talon,0.5,2
MIDDLE,Talon,Sion,0.5,2
TOP,Sylas,Garen,0.25,4
TOP,Garen,Sylas,0.75,4
MIDDLE,Cassiopeia,Fiora,0.5,2
MIDDLE,Fiora,Cassiopeia,0.5,2
JUNGLE,MasterYi,Chogath,0.0,1
JUNGLE,Chogath,MasterYi,1.0,1
MIDDLE,Irelia,Tryndamere,0.0,2
MIDDLE,Tryndamere,Irelia,1.0,2
BOTTOM,Chogath,Tristana,0.0,1
BOTTOM,Tristana,Chogath,1.0,1
BOTTOM,Kalista,Vex,0.0,2
BOTTOM,Vex,Kalista,1.0,2
UTILITY,Brand,Senna,0.4,5
UTILITY,Senna,Brand,0.6,5
TOP,Malphite,Zac,0.0,1
TOP,Zac,Malphite,1.0,1
JUNGLE,Sion,Ivern,0.0,1
JUNGLE,Ivern,Sion,1.0,1
MIDDLE,Diana,Qiyana,0.5,10
MIDDLE,Qiyana,Diana,0.5,10
JUNGLE,Trundle,Nocturne,1.0,1
JUNGLE,Nocturne,Trundle,0.0,1
TOP,Quinn,Lissandra,1.0,1
TOP,Lissandra,Quinn,0.0,1
MIDDLE,Jayce,Riven,0.5714285714285714,7
MIDDLE,Riven,Jayce,0.42857142857142855,7
MIDDLE,Naafiri,Rumble,0.0,1
MIDDLE,Rumble,Naafiri,1.0,1
MIDDLE,Galio,Swain,0.6666666666666666,3
MIDDLE,Swain,Galio,0.3333333333333333,3
BOTTOM,Sett,Twitch,1.0,1
BOTTOM,Twitch,Sett,0.0,1
MIDDLE,Karthus,Viktor,0.2,5
MIDDLE,Viktor,Karthus,0.8,5
BOTTOM,Smolder,Sylas,1.0,1
BOTTOM,Sylas,Smolder,0.0,1
MIDDLE,Vex,Riven,0.75,4
MIDDLE,Riven,Vex,0.25,4
TOP,Renekton,Poppy,1.0,1
TOP,Poppy,Renekton,0.0,1
UTILITY,Blitzcrank,Pantheon,0.3333333333333333,3
UTILITY,Pantheon,Blitzcrank,0.6666666666666666,3
BOTTOM,Katarina,Yasuo,1.0,2
BOTTOM,Yasuo,Katarina,0.0,2
UTILITY,Nunu,Thresh,1.0,1
UTILITY,Thresh,Nunu,0.0,1
MIDDLE,Naafiri,Nunu,0.0,1
MIDDLE,Nunu,Naafiri,1.0,1
JUNGLE,Ivern,Volibear,1.0,1
JUNGLE,Volibear,Ivern,0.0,1
TOP,Senna,Varus,1.0,1
TOP,Varus,Senna,0.0,1
JUNGLE,Kayn,Briar,0.3333333333333333,3
JUNGLE,Briar,Kayn,0.6666666666666666,3
TOP,Draven,Urgot,1.0,1
TOP,Urgot,Draven,0.0,1
MIDDLE,Kayle,Lissandra,0.0,1
MIDDLE,Lissandra,Kayle,1.0,1
TOP,Fizz,Zed,0.0,1
TOP,Zed,Fizz,1.0,1
TOP,Jax,Annie,1.0,1
TOP,Annie,Jax,0.0,1
JUNGLE,Ambessa,Quinn,0.0,2
JUNGLE,Quinn,Ambessa,1.0,2
TOP,Garen,Zed,0.0,2
TOP,Zed,Garen,1.0,2
TOP,Irelia,Kalista,0.5,2
TOP,Kalista,Irelia,0.5,2
UTILITY,Soraka,Shaco,0.0,2
UTILITY,Shaco,Soraka,1.0,2
MIDDLE,Nasus,Annie,0.0,1
MIDDLE,Annie,Nasus,1.0,1
BOTTOM,Riven,Ashe,0.75,4
BOTTOM,Ashe,Riven,0.25,4
UTILITY,Qiyana,Sona,1.0,1
UTILITY,Sona,Qiyana,0.0,1
MIDDLE,Darius,Yasuo,0.0,1
MIDDLE,Yasuo,Darius,1.0,1
TOP,Chogath,Qiyana,0.3333333333333333,3
TOP,Qiyana,Chogath,0.6666666666666666,3
MIDDLE,Akali,Rumble,0.6666666666666666,3
MIDDLE,Rumble,Akali,0.3333333333333333,3
JUNGLE,Quinn,Aatrox,0.0,2
JUNGLE,Aatrox,Quinn,1.0,2
BOTTOM,Kalista,Vladimir,0.8,5
BOTTOM,Vladimir,Kalista,0.2,5
UTILITY,Karthus,Senna,0.5,2
UTILITY,Senna,Karthus,0.5,2
TOP,XinZhao,Anivia,0.0,1
TOP,Anivia,XinZhao,1.0,1
TOP,Kalista,Fizz,1.0,1
TOP,Fizz,Kalista,0.0,1
BOTTOM,Viktor,Ziggs,0.0,1
BOTTOM,Ziggs,Viktor,1.0,1
TOP,Vayne,Viego,0.0,1
TOP,Viego,Vayne,1.0,1
UTILITY,JarvanIV,Elise,0.0,1
UTILITY,Elise,JarvanIV,1.0,1
JUNGLE,Riven,Sejuani,0.5,2
JUNGLE,Sejuani,Riven,0.5,2
TOP,Darius,LeeSin,0.0,1
TOP,LeeSin,Darius,1.0,1
UTILITY,Bard,Gragas,0.3333333333333333,3
UTILITY,Gragas,Bard,0.6666666666666666,3
JUNGLE,Zed,Chogath,0.0,1
JUNGLE,Chogath,Zed,1.0,1
MIDDLE,Orianna,Fiora,0.5,2
MIDDLE,Fiora,Orianna,0.5,2
BOTTOM,Karma,Ezreal,1.0,1
BOTTOM,Ezreal,Karma,0.0,1
TOP,Syndra,Vayne,1.0,1
TOP,Vayne,Syndra,0.0,1
TOP,Jayce,XinZhao,0.6363636363636364,11
TOP,XinZhao,Jayce,0.36363636363636365,11
MIDDLE,Yasuo,Tryndamere,0.75,4
MIDDLE,Tryndamere,Yasuo,0.25,4
TOP,Zac,Darius,1.0,1
TOP,Darius,Zac,0.0,1
JUNGLE,Warwick,Vayne,0.0,2
JUNGLE,Vayne,Warwick,1.0,2
MIDDLE,Zaahen,Zed,0.5,2
MIDDLE,Zed,Zaahen,0.5,2
TOP,Chogath,Karma,0.0,1
TOP,Karma,Chogath,1.0,1
BOTTOM,Jhin,Akshan,0.5,2
BOTTOM,Akshan,Jhin,0.5,2
TOP,Kalista,XinZhao,0.0,1
TOP,XinZhao,Kalista,1.0,1
JUNGLE,Quinn,Jayce,0.5,2
JUNGLE,Jayce,Quinn,0.5,2
MIDDLE,Chogath,Anivia,0.0,2
MIDDLE,Anivia,Chogath,1.0,2
TOP,Leblanc,Darius,0.0,1
TOP,Darius,Leblanc,1.0,1
JUNGLE,Mordekaiser,Shyvana,1.0,1
JUNGLE,Shyvana,Mordekaiser,0.0,1
MIDDLE,Fiora,Riven,1.0,1
MIDDLE,Riven,Fiora,0.0,1
TOP,TwistedFate,Fizz,0.0,1
TOP,Fizz,TwistedFate,1.0,1
TOP,Karthus,Ornn,0.0,1
TOP,Ornn,Karthus,1.0,1
JUNGLE,Kindred,Shyvana,0.6666666666666666,6
JUNGLE,Shyvana,Kindred,0.3333333333333333,6
MIDDLE,Malzahar,Nunu,1.0,2
MIDDLE,Nunu,Malzahar,0.0,2
TOP,TwistedFate,Pantheon,0.6,5
TOP,Pantheon,TwistedFate,0.4,5
MIDDLE,Nunu,Fizz,1.0,1
MIDDLE,Fizz,Nunu,0.0,1
MIDDLE,Hwei,Chogath,0.0,3
MIDDLE,Chogath,Hwei,1.0,3
JUNGLE,Amumu,Olaf,0.0,1
JUNGLE,Olaf,Amumu,1.0,1
JUNGLE,Olaf,Graves,1.0,1
JUNGLE,Graves,Olaf,0.0,1
MIDDLE,Kalista,Ahri,0.0,1
MIDDLE,Ahri,Kalista,1.0,1
TOP,Zed,Nasus,0.0,2
TOP,Nasus,Zed,1.0,2
MIDDLE,Akali,Chogath,0.0,1
MIDDLE,Chogath,Akali,1.0,1
TOP,Anivia,Neeko,0.0,1
TOP,Neeko,Anivia,1.0,1
TOP,Akali,Karthus,0.0,2
TOP,Karthus,Akali,1.0,2
BOTTOM,Ezreal,TahmKench,0.5,4
BOTTOM,TahmKench,Ezreal,0.5,4
TOP,Aurora,Poppy,0.5,2
TOP,Poppy,Aurora,0.5,2
MIDDLE,Syndra,RekSai,1.0,1
MIDDLE,RekSai,Syndra,0.0,1
UTILITY,Sona,Velkoz,0.3333333333333333,6
UTILITY,Velkoz,Sona,0.6666666666666666,6
MIDDLE,Akali,Olaf,0.0,3
MIDDLE,Olaf,Akali,1.0,3
BOTTOM,Mel,Zyra,0.5,2
BOTTOM,Zyra,Mel,0.5,2
MIDDLE,Zoe,Seraphine,1.0,1
MIDDLE,Seraphine,Zoe,0.0,1
BOTTOM,Malzahar,Brand,1.0,1
BOTTOM,Brand,Malzahar,0.0,1
MIDDLE,LeeSin,Akshan,1.0,1
MIDDLE,Akshan,LeeSin,0.0,1
BOTTOM,Vayne,Veigar,1.0,1
BOTTOM,Veigar,Vayne,0.0,1
MIDDLE,Fiora,Galio,0.0,1
MIDDLE,Galio,Fiora,1.0,1
BOTTOM,Quinn,Syndra,1.0,1
BOTTOM,Syndra,Quinn,0.0,1
MIDDLE,Viktor,LeeSin,1.0,1
MIDDLE,LeeSin,Viktor,0.0,1
TOP,RekSai,Tryndamere,0.5,2
TOP,Tryndamere,RekSai,0.5,2
MIDDLE,Lillia,Ahri,1.0,1
MIDDLE,Ahri,Lillia,0.0,1
MIDDLE,Naafiri,Tristana,0.5,2
MIDDLE,Tristana,Naafiri,0.5,2
TOP,Galio,Vayne,0.0,2
TOP,Vayne,Galio,1.0,2
TOP,Pantheon,Olaf,0.4,10
TOP,Olaf,Pantheon,0.6,10
JUNGLE,MasterYi,Quinn,0.6,5
JUNGLE,Quinn,MasterYi,0.4,5
MIDDLE,Taliyah,Riven,0.6428571428571429,14
MIDDLE,Riven,Taliyah,0.35714285714285715,14
TOP,Karma,Lissandra,1.0,1
TOP,Lissandra,Karma,0.0,1
MIDDLE,Lux,Olaf,0.5,2
MIDDLE,Olaf,Lux,0.5,2
TOP,Udyr,Mordekaiser,0.0,1
TOP,Mordekaiser,Udyr,1.0,1
TOP,Zed,Shen,1.0,3
TOP,Shen,Zed,0.0,3
JUNGLE,Amumu,XinZhao,0.0,2
JUNGLE,XinZhao,Amumu,1.0,2
BOTTOM,Senna,Pantheon,0.4,5
BOTTOM,Pantheon,Senna,0.6,5
TOP,Chogath,Illaoi,0.0,2
TOP,Illaoi,Chogath,1.0,2
TOP,Teemo,Elise,1.0,2
TOP,Elise,Teemo,0.0,2
UTILITY,Amumu,Soraka,1.0,1
UTILITY,Soraka,Amumu,0.0,1
MIDDLE,Ziggs,Katarina,1.0,1
MIDDLE,Katarina,Ziggs,0.0,1
TOP,KogMaw,Jayce,0.5,4
TOP,Jayce,KogMaw,0.5,4
TOP,Graves,Lissandra,0.0,1
TOP,Lissandra,Graves,1.0,1
MIDDLE,Leblanc,Udyr,1.0,1
MIDDLE,Udyr,Leblanc,0.0,1
MIDDLE,Jhin,Galio,1.0,1
MIDDLE,Galio,Jhin,0.0,1
TOP,Varus,Nautilus,0.0,1
TOP,Nautilus,Varus,1.0,1
TOP,Varus,Zoe,0.0,2
TOP,Zoe,Varus,1.0,2
JUNGLE,Malphite,Teemo,0.0,1
JUNGLE,Teemo,Malphite,1.0,1
TOP,Brand,Karma,0.0,1
TOP,Karma,Brand,1.0,1
JUNGLE,Hecarim,Quinn,0.8,5
JUNGLE,Quinn,Hecarim,0.2,5
BOTTOM,Corki,Nasus,1.0,1
BOTTOM,Nasus,Corki,0.0,1
UTILITY,Swain,Neeko,0.5,2
UTILITY,Neeko,Swain,0.5,2
JUNGLE,Zac,Skarner,0.5,2
JUNGLE,Skarner,Zac,0.5,2
TOP,Olaf,Graves,1.0,1
TOP,Graves,Olaf,0.0,1
BOTTOM,Akshan,Kalista,0.0,1
BOTTOM,Kalista,Akshan,1.0,1
MIDDLE,Fiora,Gragas,0.0,1
MIDDLE,Gragas,Fiora,1.0,1
MIDDLE,Pantheon,Vladimir,1.0,5
MIDDLE,Vladimir,Pantheon,0.0,5
TOP,Sion,Kassadin,0.0,2
TOP,Kassadin,Sion,1.0,2
TOP,Akali,Lissandra,0.3333333333333333,3
TOP,Lissandra,Akali,0.6666666666666666,3
BOTTOM,Zyra,Vladimir,0.0,2
BOTTOM,Vladimir,Zyra,1.0,2
TOP,Ryze,Fizz,1.0,1
TOP,Fizz,Ryze,0.0,1
TOP,Talon,Mordekaiser,1.0,1
TOP,Mordekaiser,Talon,0.0,1
MIDDLE,Tryndamere,Sion,0.5,2
MIDDLE,Sion,Tryndamere,0.5,2
BOTTOM,Jayce,Twitch,0.0,1
BOTTOM,Twitch,Jayce,1.0,1
MIDDLE,Sion,Twitch,0.0,1
MIDDLE,Twitch,Sion,1.0,1
BOTTOM,Twitch,Fiora,0.25,4
BOTTOM,Fiora,Twitch,0.75,4
MIDDLE,MasterYi,Viktor,0.0,1
MIDDLE,Viktor,MasterYi,1.0,1
BOTTOM,Quinn,Jhin,0.0,1
BOTTOM,Jhin,Quinn,1.0,1
BOTTOM,Pantheon,Smolder,1.0,1
BOTTOM,Smolder,Pantheon,0.0,1
TOP,MasterYi,Ornn,0.6666666666666666,3
TOP,Ornn,MasterYi,0.3333333333333333,3
UTILITY,Swain,LeeSin,0.0,1
UTILITY,LeeSin,Swain,1.0,1
UTILITY,Maokai,Karthus,1.0,1
UTILITY,Karthus,Maokai,0.0,1
TOP,Annie,Zoe,0.6666666666666666,3
TOP,Zoe,Annie,0.3333333333333333,3
MIDDLE,Chogath,Leblanc,0.5,2
MIDDLE,Leblanc,Chogath,0.5,2
TOP,Jayce,Heimerdinger,0.75,4
TOP,Heimerdinger,Jayce,0.25,4
MIDDLE,Xerath,Kalista,1.0,1
MIDDLE,Kalista,Xerath,0.0,1
TOP,Shyvana,Jax,0.0,3
TOP,Jax,Shyvana,1.0,3
MIDDLE,Galio,Olaf,1.0,2
MIDDLE,Olaf,Galio,0.0,2
BOTTOM,Syndra,Sivir,0.25,4
BOTTOM,Sivir,Syndra,0.75,4
TOP,Corki,Renekton,0.0,1
TOP,Renekton,Corki,1.0,1
MIDDLE,Irelia,Leblanc,0.25,8
MIDDLE,Leblanc,Irelia,0.75,8
TOP,Swain,Yorick,0.0,2
TOP,Yorick,Swain,1.0,2
JUNGLE,Teemo,Belveth,1.0,1
JUNGLE,Belveth,Teemo,0.0,1
MIDDLE,TwistedFate,Naafiri,0.7142857142857143,7
MIDDLE,Naafiri,TwistedFate,0.2857142857142857,7
MIDDLE,KSante,Yasuo,0.6666666666666666,3
MIDDLE,Yasuo,KSante,0.3333333333333333,3
UTILITY,Maokai,Riven,0.0,1
UTILITY,Riven,Maokai,1.0,1
JUNGLE,Rammus,Udyr,0.0,1
JUNGLE,Udyr,Rammus,1.0,1
MIDDLE,Lillia,Katarina,0.0,1
MIDDLE,Katarina,Lillia,1.0,1
TOP,Orianna,Cassiopeia,0.2,5
TOP,Cassiopeia,Orianna,0.8,5
MIDDLE,Malzahar,Lissandra,0.5,2
MIDDLE,Lissandra,Malzahar,0.5,2
TOP,TwistedFate,Viktor,0.5,2
TOP,Viktor,TwistedFate,0.5,2
MIDDLE,Akshan,Jhin,0.0,1
MIDDLE,Jhin,Akshan,1.0,1
JUNGLE,Zed,Taliyah,0.5,4
JUNGLE,Taliyah,Zed,0.5,4
MIDDLE,Nunu,Jax,0.0,1
MIDDLE,Jax,Nunu,1.0,1
TOP,Ornn,Qiyana,1.0,2
TOP,Qiyana,Ornn,0.0,2
UTILITY,Karthus,Janna,1.0,1
UTILITY,Janna,Karthus,0.0,1
MIDDLE,Volibear,Zed,1.0,1
MIDDLE,Zed,Volibear,0.0,1
UTILITY,Zilean,Morgana,0.5,2
UTILITY,Morgana,Zilean,0.5,2
TOP,Akshan,Yasuo,0.0,1
TOP,Yasuo,Akshan,1.0,1
TOP,Malphite,Swain,0.3333333333333333,3
TOP,Swain,Malphite,0.6666666666666666,3
UTILITY,Senna,Orianna,0.0,1
UTILITY,Orianna,Senna,1.0,1
TOP,Varus,Orianna,1.0,1
TOP,Orianna,Varus,0.0,1
TOP,Galio,Anivia,0.0,3
TOP,Anivia,Galio,1.0,3
UTILITY,Ezreal,Bard,0.0,1
UTILITY,Bard,Ezreal,1.0,1
TOP,Yone,RekSai,0.0,1
TOP,RekSai,Yone,1.0,1
BOTTOM,Zed,Ashe,0.0,1
BOTTOM,Ashe,Zed,1.0,1
TOP,Rengar,Malzahar,0.0,1
TOP,Malzahar,Rengar,1.0,1
TOP,Zilean,Garen,1.0,1
TOP,Garen,Zilean,0.0,1
TOP,Olaf,Lucian,1.0,1
TOP,Lucian,Olaf,0.0,1
BOTTOM,Xerath,Katarina,0.0,1
BOTTOM,Katarina,Xerath,1.0,1
TOP,Pantheon,Karthus,0.0,1
TOP,Karthus,Pantheon,1.0,1
UTILITY,Zilean,Sion,0.5,2
UTILITY,Sion,Zilean,0.5,2
TOP,Shyvana,Jhin,1.0,1
TOP,Jhin,Shyvana,0.0,1
MIDDLE,Riven,Kalista,0.0,1
MIDDLE,Kalista,Riven,1.0,1
TOP,Naafiri,Pantheon,0.0,3
TOP,Pantheon,Naafiri,1.0,3
TOP,Shyvana,Brand,0.0,1
TOP,Brand,Shyvana,1.0,1
TOP,Zed,Olaf,0.0,1
TOP,Olaf,Zed,1.0,1
TOP,Zoe,Gragas,0.5,2
TOP,Gragas,Zoe,0.5,2
JUNGLE,JarvanIV,Draven,1.0,2
JUNGLE,Draven,JarvanIV,0.0,2
JUNGLE,LeeSin,Gragas,0.5,4
JUNGLE,Gragas,LeeSin,0.5,4
UTILITY,TahmKench,Blitzcrank,0.6666666666666666,3
UTILITY,Blitzcrank,TahmKench,0.3333333333333333,3
MIDDLE,Kayle,Yone,0.42857142857142855,7
MIDDLE,Yone,Kayle,0.5714285714285714,7
BOTTOM,Hwei,Cassiopeia,0.3333333333333333,3
BOTTOM,Cassiopeia,Hwei,0.6666666666666666,3
JUNGLE,Elise,Morgana,0.0,2
JUNGLE,Morgana,Elise,1.0,2
JUNGLE,Mordekaiser,Hecarim,0.0,1
JUNGLE,Hecarim,Mordekaiser,1.0,1
UTILITY,Brand,Elise,0.3333333333333333,3
UTILITY,Elise,Brand,0.6666666666666666,3
BOTTOM,Zeri,Kennen,1.0,1
BOTTOM,Kennen,Zeri,0.0,1
MIDDLE,Hwei,Zyra,0.5,2
MIDDLE,Zyra,Hwei,0.5,2
UTILITY,Yuumi,Sion,1.0,1
UTILITY,Sion,Yuumi,0.0,1
MIDDLE,Ekko,LeeSin,0.0,1
MIDDLE,LeeSin,Ekko,1.0,1
JUNGLE,Quinn,XinZhao,0.5,4
JUNGLE,XinZhao,Quinn,0.5,4
UTILITY,Zyra,Sona,0.0,2
UTILITY,Sona,Zyra,1.0,2
MIDDLE,RekSai,Ahri,0.0,1
MIDDLE,Ahri,RekSai,1.0,1
TOP,KSante,Akshan,0.5,2
TOP,Akshan,KSante,0.5,2
JUNGLE,Zeri,Rengar,0.0,1
JUNGLE,Rengar,Zeri,1.0,1
MIDDLE,Syndra,TahmKench,0.0,1
MIDDLE,TahmKench,Syndra,1.0,1
TOP,Urgot,MonkeyKing,0.0,2
TOP,MonkeyKing,Urgot,1.0,2
MIDDLE,Syndra,Vayne,0.5,2
MIDDLE,Vayne,Syndra,0.5,2
TOP,Twitch,Samira,1.0,1
TOP,Samira,Twitch,0.0,1
TOP,Zeri,Anivia,1.0,1
TOP,Anivia,Zeri,0.0,1
MIDDLE,Qiyana,Kayle,1.0,3
MIDDLE,Kayle,Qiyana,0.0,3
TOP,RekSai,Kayle,0.5,2
TOP,Kayle,RekSai,0.5,2
UTILITY,TwistedFate,Soraka,0.0,1
UTILITY,Soraka,TwistedFate,1.0,1
MIDDLE,Lissandra,Karma,1.0,1
MIDDLE,Karma,Lissandra,0.0,1
TOP,Darius,Zeri,1.0,1
TOP,Zeri,Darius,0.0,1
TOP,Teemo,Poppy,1.0,1
TOP,Poppy,Teemo,0.0,1
JUNGLE,Olaf,Ivern,0.0,2
JUNGLE,Ivern,Olaf,1.0,2
TOP,Yasuo,Rengar,1.0,1
TOP,Rengar,Yasuo,0.0,1
JUNGLE,Darius,Quinn,0.5,2
JUNGLE,Quinn,Darius,0.5,2
MIDDLE,Ezreal,Naafiri,0.0,1
MIDDLE,Naafiri,Ezreal,1.0,1
JUNGLE,Chogath,Udyr,0.5,4
JUNGLE,Udyr,Chogath,0.5,4
TOP,Poppy,Vayne,0.5,2
TOP,Vayne,Poppy,0.5,2
UTILITY,Karthus,Karma,0.0,2
UTILITY,Karma,Karthus,1.0,2
BOTTOM,Xerath,Seraphine,1.0,1
BOTTOM,Seraphine,Xerath,0.0,1
JUNGLE,Warwick,Sejuani,1.0,1
JUNGLE,Sejuani,Warwick,0.0,1
TOP,Darius,MonkeyKing,1.0,1
TOP,MonkeyKing,Darius,0.0,1
MIDDLE,Aurora,Viego,1.0,2
MIDDLE,Viego,Aurora,0.0,2
TOP,Gwen,Anivia,0.6,5
TOP,Anivia,Gwen,0.4,5
JUNGLE,Quinn,Brand,1.0,1
JUNGLE,Brand,Quinn,0.0,1
BOTTOM,Jayce,Varus,0.0,1
BOTTOM,Varus,Jayce,1.0,1
BOTTOM,Brand,Yasuo,0.3333333333333333,6
BOTTOM,Yasuo,Brand,0.6666666666666666,6
TOP,Gwen,Kayle,1.0,1
TOP,Kayle,Gwen,0.0,1
UTILITY,Skarner,Bard,0.5,6
UTILITY,Bard,Skarner,0.5,6
BOTTOM,Ziggs,TahmKench,0.5,2
BOTTOM,TahmKench,Ziggs,0.5,2
BOTTOM,Qiyana,MissFortune,0.0,1
BOTTOM,MissFortune,Qiyana,1.0,1
JUNGLE,Amumu,Skarner,0.0,1
JUNGLE,Skarner,Amumu,1.0,1
MIDDLE,Ziggs,Zoe,1.0,1
MIDDLE,Zoe,Ziggs,0.0,1
MIDDLE,Gragas,Sion,0.0,1
MIDDLE,Sion,Gragas,1.0,1
TOP,Vi,Riven,0.0,1
TOP,Riven,Vi,1.0,1
TOP,Kled,Karma,0.0,1
TOP,Karma,Kled,1.0,1
MIDDLE,Ekko,Darius,0.0,1
MIDDLE,Darius,Ekko,1.0,1
TOP,Gnar,MonkeyKing,1.0,1
TOP,MonkeyKing,Gnar,0.0,1
MIDDLE,Mel,Bard,1.0,1
MIDDLE,Bard,Mel,0.0,1
UTILITY,Karthus,Rakan,0.0,1
UTILITY,Rakan,Karthus,1.0,1
MIDDLE,Jax,Syndra,0.75,4
MIDDLE,Syndra,Jax,0.25,4
BOTTOM,Vladimir,Swain,0.5,2
BOTTOM,Swain,Vladimir,0.5,2
JUNGLE,Shaco,Urgot,1.0,1
JUNGLE,Urgot,Shaco,0.0,1
MIDDLE,Twitch,Diana,1.0,1
MIDDLE,Diana,Twitch,0.0,1
BOTTOM,Yone,Varus,0.0,1
BOTTOM,Varus,Yone,1.0,1
TOP,Shyvana,Lucian,0.0,1
TOP,Lucian,Shyvana,1.0,1
JUNGLE,Skarner,Rammus,0.0,1
JUNGLE,Rammus,Skarner,1.0,1
TOP,Darius,Maokai,0.0,2
TOP,Maokai,Darius,1.0,2
TOP,Anivia,AurelionSol,0.6666666666666666,3
TOP,AurelionSol,Anivia,0.3333333333333333,3
TOP,Karthus,TwistedFate,1.0,1
TOP,TwistedFate,Karthus,0.0,1
JUNGLE,Teemo,Brand,1.0,1
JUNGLE,Brand,Teemo,0.0,1
TOP,Sett,Nasus,0.5,2
TOP,Nasus,Sett,0.5,2
TOP,Diana,Urgot,0.0,1
TOP,Urgot,Diana,1.0,1
MIDDLE,Sona,LeeSin,0.0,1
MIDDLE,LeeSin,Sona,1.0,1
TOP,Trundle,MasterYi,0.0,1
TOP,MasterYi,Trundle,1.0,1
MIDDLE,Heimerdinger,Mel,0.0,1
MIDDLE,Mel,Heimerdinger,1.0,1
JUNGLE,Kindred,Teemo,0.0,1
JUNGLE,Teemo,Kindred,1.0,1
TOP,Leblanc,Vladimir,0.0,1
TOP,Vladimir,Leblanc,1.0,1
JUNGLE,Teemo,Briar,0.0,1
JUNGLE,Briar,Teemo,1.0,1
TOP,Diana,Annie,0.0,1
TOP,Annie,Diana,1.0,1
TOP,Nidalee,Warwick,0.0,1
TOP,Warwick,Nidalee,1.0,1
TOP,Ambessa,Zoe,0.25,4
TOP,Zoe,Ambessa,0.75,4
TOP,Katarina,Irelia,1.0,1
TOP,Irelia,Katarina,0.0,1
TOP,Garen,Zac,0.5,2
TOP,Zac,Garen,0.5,2
TOP,Ambessa,Heimerdinger,0.5,2
TOP,Heimerdinger,Ambessa,0.5,2
BOTTOM,Ziggs,Annie,0.0,1
BOTTOM,Annie,Ziggs,1.0,1
MIDDLE,Karma,Urgot,0.0,1
MIDDLE,Urgot,Karma,1.0,1
BOTTOM,Malzahar,Syndra,1.0,1
BOTTOM,Syndra,Malzahar,0.0,1
MIDDLE,Nunu,Zilean,1.0,1
MIDDLE,Zilean,Nunu,0.0,1
TOP,Aatrox,Quinn,0.5,2
TOP,Quinn,Aatrox,0.5,2
MIDDLE,Camille,Qiyana,1.0,1
MIDDLE,Qiyana,Camille,0.0,1
TOP,Malzahar,Elise,1.0,1
TOP,Elise,Malzahar,0.0,1
JUNGLE,XinZhao,Teemo,0.0,1
JUNGLE,Teemo,XinZhao,1.0,1
JUNGLE,Kindred,Amumu,1.0,1
JUNGLE,Amumu,Kindred,0.0,1
BOTTOM,Xerath,Karthus,0.0,1
BOTTOM,Karthus,Xerath,1.0,1
UTILITY,Elise,Galio,0.2,5
UTILITY,Galio,Elise,0.8,5
JUNGLE,Chogath,MonkeyKing,1.0,2
JUNGLE,MonkeyKing,Chogath,0.0,2
TOP,Olaf,Akshan,0.0,1
TOP,Akshan,Olaf,1.0,1
JUNGLE,Taliyah,Quinn,0.6,5
JUNGLE,Quinn,Taliyah,0.4,5
TOP,Lux,Taliyah,1.0,1
TOP,Taliyah,Lux,0.0,1
UTILITY,Karma,Gragas,0.0,3
UTILITY,Gragas,Karma,1.0,3
MIDDLE,XinZhao,Annie,0.5,4
MIDDLE,Annie,XinZhao,0.5,4
UTILITY,Velkoz,Karthus,0.0,1
UTILITY,Karthus,Velkoz,1.0,1
MIDDLE,Gangplank,Yone,1.0,1
MIDDLE,Yone,Gangplank,0.0,1
UTILITY,Karthus,Skarner,1.0,2
UTILITY,Skarner,Karthus,0.0,2
TOP,Ezreal,Camille,0.0,1
TOP,Camille,Ezreal,1.0,1
UTILITY,Rakan,Annie,0.0,2
UTILITY,Annie,Rakan,1.0,2
JUNGLE,Amumu,Pantheon,0.0,1
JUNGLE,Pantheon,Amumu,1.0,1
UTILITY,Ashe,Senna,0.0,2
UTILITY,Senna,Ashe,1.0,2
BOTTOM,Kennen,Jinx,1.0,1
BOTTOM,Jinx,Kennen,0.0,1
BOTTOM,Anivia,Zeri,1.0,1
BOTTOM,Zeri,Anivia,0.0,1
TOP,Yone,Ezreal,1.0,1
TOP,Ezreal,Yone,0.0,1
TOP,Renekton,Tristana,0.0,2
TOP,Tristana,Renekton,1.0,2
TOP,Viktor,Anivia,0.5,2
TOP,Anivia,Viktor,0.5,2
JUNGLE,Lillia,FiddleSticks,0.5,2
JUNGLE,FiddleSticks,Lillia,0.5,2
MIDDLE,Kalista,Malphite,1.0,1
MIDDLE,Malphite,Kalista,0.0,1
MIDDLE,Tryndamere,Gangplank,1.0,1
MIDDLE,Gangplank,Tryndamere,0.0,1
MIDDLE,Gragas,Riven,0.5,2
MIDDLE,Riven,Gragas,0.5,2
BOTTOM,Varus,Kennen,0.0,1
BOTTOM,Kennen,Varus,1.0,1
MIDDLE,Nilah,Camille,0.0,1
MIDDLE,Camille,Nilah,1.0,1
TOP,Graves,Pantheon,0.0,1
TOP,Pantheon,Graves,1.0,1
UTILITY,Mel,Camille,0.0,1
UTILITY,Camille,Mel,1.0,1
BOTTOM,Samira,Twitch,0.75,4
BOTTOM,Twitch,Samira,0.25,4
BOTTOM,Velkoz,Anivia,1.0,1
BOTTOM,Anivia,Velkoz,0.0,1
MIDDLE,Renekton,Taliyah,0.0,1
MIDDLE,Taliyah,Renekton,1.0,1
TOP,Nilah,Gangplank,0.0,1
TOP,Gangplank,Nilah,1.0,1
TOP,Gangplank,Zac,1.0,1
TOP,Zac,Gangplank,0.0,1
TOP,Gangplank,Zoe,0.75,4
TOP,Zoe,Gangplank,0.25,4
TOP,Malphite,Veigar,1.0,1
TOP,Veigar,Malphite,0.0,1
UTILITY,Alistar,Lissandra,0.3333333333333333,3
UTILITY,Lissandra,Alistar,0.6666666666666666,3
TOP,Belveth,Singed,0.0,1
TOP,Singed,Belveth,1.0,1
UTILITY,Morgana,Taric,0.0,2
UTILITY,Taric,Morgana,1.0,2
JUNGLE,Nasus,Graves,0.375,8
JUNGLE,Graves,Nasus,0.625,8
BOTTOM,Tristana,Zyra,0.0,2
BOTTOM,Zyra,Tristana,1.0,2
MIDDLE,Quinn,Vex,0.3333333333333333,3
MIDDLE,Vex,Quinn,0.6666666666666666,3
UTILITY,Camille,Shaco,0.3333333333333333,3
UTILITY,Shaco,Camille,0.6666666666666666,3
JUNGLE,Brand,Shyvana,0.25,4
JUNGLE,Shyvana,Brand,0.75,4
TOP,Zac,Yone,1.0,1
TOP,Yone,Zac,0.0,1
UTILITY,Elise,Syndra,1.0,1
UTILITY,Syndra,Elise,0.0,1
UTILITY,Thresh,Syndra,1.0,1
UTILITY,Syndra,Thresh,0.0,1
MIDDLE,Riven,Quinn,0.5,2
MIDDLE,Quinn,Riven,0.5,2
TOP,Pantheon,Katarina,0.0,1
TOP,Katarina,Pantheon,1.0,1
MIDDLE,Diana,Ornn,0.0,1
MIDDLE,Ornn,Diana,1.0,1
UTILITY,Janna,Mel,1.0,2
UTILITY,Mel,Janna,0.0,2
UTILITY,Riven,Senna,1.0,2
UTILITY,Senna,Riven,0.0,2
TOP,Trundle,Zilean,0.0,1
TOP,Zilean,Trundle,1.0,1
TOP,Viktor,Qiyana,0.0,1
TOP,Qiyana,Viktor,1.0,1
MIDDLE,Ambessa,Riven,0.75,4
MIDDLE,Riven,Ambessa,0.25,4
MIDDLE,Darius,Hwei,0.0,1
MIDDLE,Hwei,Darius,1.0,1
TOP,Elise,Aurora,0.6666666666666666,3
TOP,Aurora,Elise,0.3333333333333333,3
TOP,Vayne,Katarina,0.0,1
TOP,Katarina,Vayne,1.0,1
BOTTOM,Annie,Yunara,1.0,1
BOTTOM,Yunara,Annie,0.0,1
MIDDLE,Talon,KSante,1.0,1
MIDDLE,KSante,Talon,0.0,1
TOP,Chogath,Tryndamere,0.3333333333333333,3
TOP,Tryndamere,Chogath,0.6666666666666666,3
UTILITY,Riven,Lux,0.0,1
UTILITY,Lux,Riven,1.0,1
MIDDLE,Gangplank,Katarina,0.0,1
MIDDLE,Katarina,Gangplank,1.0,1
BOTTOM,Zeri,Riven,0.0,2
BOTTOM,Riven,Zeri,1.0,2
MIDDLE,Kayle,Chogath,0.6666666666666666,3
MIDDLE,Chogath,Kayle,0.3333333333333333,3
UTILITY,Camille,Lux,1.0,4
UTILITY,Lux,Camille,0.0,4
UTILITY,Sona,Annie,0.0,1
UTILITY,Annie,Sona,1.0,1
MIDDLE,XinZhao,Gangplank,1.0,1
MIDDLE,Gangplank,XinZhao,0.0,1
JUNGLE,Teemo,FiddleSticks,0.0,1
JUNGLE,FiddleSticks,Teemo,1.0,1
JUNGLE,Karthus,Chogath,0.0,1
JUNGLE,Chogath,Karthus,1.0,1
JUNGLE,Kayn,Teemo,1.0,2
JUNGLE,Teemo,Kayn,0.0,2
TOP,Sylas,Tryndamere,1.0,1
TOP,Tryndamere,Sylas,0.0,1
JUNGLE,Quinn,Teemo,0.0,1
JUNGLE,Teemo,Quinn,1.0,1
MIDDLE,Brand,Smolder,1.0,1
MIDDLE,Smolder,Brand,0.0,1
BOTTOM,Vayne,Seraphine,0.25,4
BOTTOM,Seraphine,Vayne,0.75,4
JUNGLE,Nunu,Jax,1.0,2
JUNGLE,Jax,Nunu,0.0,2
BOTTOM,Smolder,Annie,0.0,2
BOTTOM,Annie,Smolder,1.0,2
TOP,Galio,Renekton,0.0,1
TOP,Renekton,Galio,1.0,1
JUNGLE,Gnar,RekSai,0.0,1
JUNGLE,RekSai,Gnar,1.0,1
TOP,Rammus,DrMundo,1.0,1
TOP,DrMundo,Rammus,0.0,1
BOTTOM,Draven,Anivia,0.0,2
BOTTOM,Anivia,Draven,1.0,2
MIDDLE,Vex,Cassiopeia,0.0,1
MIDDLE,Cassiopeia,Vex,1.0,1
MIDDLE,Brand,KSante,1.0,1
MIDDLE,KSante,Brand,0.0,1
TOP,Yone,Vex,1.0,1
TOP,Vex,Yone,0.0,1
MIDDLE,Diana,Irelia,0.5,4
MIDDLE,Irelia,Diana,0.5,4
UTILITY,Brand,Sylas,0.0,2
UTILITY,Sylas,Brand,1.0,2
TOP,Lux,Irelia,0.0,1
TOP,Irelia,Lux,1.0,1
MIDDLE,Nunu,Akali,0.0,1
MIDDLE,Akali,Nunu,1.0,1
MIDDLE,Orianna,Rumble,0.0,1
MIDDLE,Rumble,Orianna,1.0,1
TOP,Nunu,Cassiopeia,0.5,2
TOP,Cassiopeia,Nunu,0.5,2
MIDDLE,Viego,Riven,1.0,1
MIDDLE,Riven,Viego,0.0,1
MIDDLE,LeeSin,Tristana,1.0,1
MIDDLE,Tristana,LeeSin,0.0,1
TOP,Annie,Kalista,1.0,1
TOP,Kalista,Annie,0.0,1
BOTTOM,Velkoz,Veigar,0.0,1
BOTTOM,Veigar,Velkoz,1.0,1
BOTTOM,Hwei,Zyra,0.3333333333333333,3
BOTTOM,Zyra,Hwei,0.6666666666666666,3
TOP,Aurora,TahmKench,1.0,1
TOP,TahmKench,Aurora,0.0,1
BOTTOM,TahmKench,Yasuo,1.0,1
BOTTOM,Yasuo,TahmKench,0.0,1
MIDDLE,Ekko,Morgana,1.0,1
MIDDLE,Morgana,Ekko,0.0,1
TOP,Malzahar,Viktor,0.0,1
TOP,Viktor,Malzahar,1.0,1
BOTTOM,Caitlyn,Sett,0.0,1
BOTTOM,Sett,Caitlyn,1.0,1
TOP,Vladimir,FiddleSticks,0.5,2
TOP,FiddleSticks,Vladimir,0.5,2
TOP,Kalista,TwistedFate,1.0,1
TOP,TwistedFate,Kalista,0.0,1
UTILITY,Pyke,MasterYi,1.0,1
UTILITY,MasterYi,Pyke,0.0,1
MIDDLE,Heimerdinger,Ziggs,1.0,1
MIDDLE,Ziggs,Heimerdinger,0.0,1
BOTTOM,TwistedFate,Zeri,0.0,1
BOTTOM,Zeri,TwistedFate,1.0,1
TOP,Sett,FiddleSticks,1.0,1
TOP,FiddleSticks,Sett,0.0,1
MIDDLE,Vayne,Katarina,1.0,4
MIDDLE,Katarina,Vayne,0.0,4
MIDDLE,Swain,XinZhao,0.0,1
MIDDLE,XinZhao,Swain,1.0,1
BOTTOM,Pantheon,Ezreal,0.5,2
BOTTOM,Ezreal,Pantheon,0.5,2
TOP,Mordekaiser,Swain,0.0,1
TOP,Swain,Mordekaiser,1.0,1
MIDDLE,Ziggs,XinZhao,0.0,1
MIDDLE,XinZhao,Ziggs,1.0,1
TOP,Zilean,Malphite,0.0,1
TOP,Malphite,Zilean,1.0,1
TOP,MonkeyKing,Riven,0.5,2
TOP,Riven,MonkeyKing,0.5,2
TOP,Malphite,MonkeyKing,1.0,1
TOP,MonkeyKing,Malphite,0.0,1
TOP,Zilean,Yasuo,0.25,4
TOP,Yasuo,Zilean,0.75,4
UTILITY,Taliyah,Thresh,0.0,2
UTILITY,Thresh,Taliyah,1.0,2
MIDDLE,Viktor,Rumble,0.25,4
MIDDLE,Rumble,Viktor,0.75,4
UTILITY,Twitch,Yuumi,0.0,1
UTILITY,Yuumi,Twitch,1.0,1
MIDDLE,Gwen,Ahri,0.3333333333333333,3
MIDDLE,Ahri,Gwen,0.6666666666666666,3
TOP,Taliyah,Garen,0.0,2
TOP,Garen,Taliyah,1.0,2
TOP,Qiyana,DrMundo,1.0,2
TOP,DrMundo,Qiyana,0.0,2
JUNGLE,Taliyah,Malphite,1.0,1
JUNGLE,Malphite,Taliyah,0.0,1
TOP,Zed,Viktor,1.0,1
TOP,Viktor,Zed,0.0,1
UTILITY,Pyke,Rammus,0.0,1
UTILITY,Rammus,Pyke,1.0,1
MIDDLE,Zed,Kennen,0.3333333333333333,3
MIDDLE,Kennen,Zed,0.6666666666666666,3
TOP,Ahri,Gwen,1.0,1
TOP,Gwen,Ahri,0.0,1
TOP,RekSai,XinZhao,0.5,2
TOP,XinZhao,RekSai,0.5,2
TOP,Udyr,Tryndamere,0.0,1
TOP,Tryndamere,Udyr,1.0,1
UTILITY,Ivern,Leona,0.0,2
UTILITY,Leona,Ivern,1.0,2
TOP,Zeri,Jayce,0.0,1
TOP,Jayce,Zeri,1.0,1
UTILITY,Shen,Yuumi,0.0,1
UTILITY,Yuumi,Shen,1.0,1
TOP,Leblanc,Viktor,0.0,1
TOP,Viktor,Leblanc,1.0,1
MIDDLE,Kayle,Xerath,0.0,2
MIDDLE,Xerath,Kayle,1.0,2
TOP,RekSai,Chogath,0.0,2
TOP,Chogath,RekSai,1.0,2
JUNGLE,Teemo,Shyvana,0.5,2
JUNGLE,Shyvana,Teemo,0.5,2
MIDDLE,Zed,Kalista,0.5,2
MIDDLE,Kalista,Zed,0.5,2
TOP,Kaisa,Fiora,1.0,1
TOP,Fiora,Kaisa,0.0,1
TOP,Trundle,Urgot,0.0,1
TOP,Urgot,Trundle,1.0,1
TOP,KSante,Warwick,0.6,5
TOP,Warwick,KSante,0.4,5
BOTTOM,Ziggs,Azir,1.0,1
BOTTOM,Azir,Ziggs,0.0,1
MIDDLE,Tristana,Mordekaiser,0.0,1
MIDDLE,Mordekaiser,Tristana,1.0,1
MIDDLE,Rumble,TwistedFate,1.0,1
MIDDLE,TwistedFate,Rumble,0.0,1
JUNGLE,Mordekaiser,Talon,0.5,2
JUNGLE,Talon,Mordekaiser,0.5,2
TOP,Velkoz,Irelia,0.5,2
TOP,Irelia,Velkoz,0.5,2
MIDDLE,Malphite,Anivia,1.0,1
MIDDLE,Anivia,Malphite,0.0,1
TOP,Quinn,Malzahar,1.0,1
TOP,Malzahar,Quinn,0.0,1
TOP,Udyr,Heimerdinger,1.0,1
TOP,Heimerdinger,Udyr,0.0,1
MIDDLE,Viego,Irelia,0.0,1
MIDDLE,Irelia,Viego,1.0,1
JUNGLE,Quinn,Udyr,0.6666666666666666,3
JUNGLE,Udyr,Quinn,0.3333333333333333,3
MIDDLE,Ezreal,TwistedFate,0.0,2
MIDDLE,TwistedFate,Ezreal,1.0,2
JUNGLE,Chogath,Ivern,1.0,1
JUNGLE,Ivern,Chogath,0.0,1
MIDDLE,Viktor,Elise,1.0,1
MIDDLE,Elise,Viktor,0.0,1
UTILITY,TwistedFate,Camille,1.0,1
UTILITY,Camille,TwistedFate,0.0,1
TOP,Rumble,Yorick,0.625,8
TOP,Yorick,Rumble,0.375,8
MIDDLE,Anivia,Fiora,0.5,2
MIDDLE,Fiora,Anivia,0.5,2
TOP,Gangplank,KogMaw,0.0,2
TOP,KogMaw,Gangplank,1.0,2
MIDDLE,Yasuo,Ornn,1.0,2
MIDDLE,Ornn,Yasuo,0.0,2
TOP,Ahri,Gangplank,0.0,1
TOP,Gangplank,Ahri,1.0,1
TOP,Brand,Nasus,0.0,1
TOP,Nasus,Brand,1.0,1
BOTTOM,Brand,Vladimir,0.3333333333333333,3
BOTTOM,Vladimir,Brand,0.6666666666666666,3
MIDDLE,Sivir,Xerath,0.0,1
MIDDLE,Xerath,Sivir,1.0,1
MIDDLE,Nunu,Hwei,0.6666666666666666,3
MIDDLE,Hwei,Nunu,0.3333333333333333,3
BOTTOM,Olaf,Senna,1.0,2
BOTTOM,Senna,Olaf,0.0,2
BOTTOM,MissFortune,Annie,1.0,3
BOTTOM,Annie,MissFortune,0.0,3
MIDDLE,Seraphine,Syndra,0.6666666666666666,3
MIDDLE,Syndra,Seraphine,0.3333333333333333,3
BOTTOM,Malzahar,Lucian,0.0,2
BOTTOM,Lucian,Malzahar,1.0,2
BOTTOM,Lux,Yasuo,0.3333333333333333,3
BOTTOM,Yasuo,Lux,0.6666666666666666,3
TOP,Trundle,Yone,1.0,2
TOP,Yone,Trundle,0.0,2
UTILITY,Poppy,Ekko,1.0,1
UTILITY,Ekko,Poppy,0.0,1
TOP,Camille,TwistedFate,0.3333333333333333,3
TOP,TwistedFate,Camille,0.6666666666666666,3
UTILITY,Maokai,Amumu,1.0,1
UTILITY,Amumu,Maokai,0.0,1
MIDDLE,Quinn,Singed,1.0,1
MIDDLE,Singed,Quinn,0.0,1
MIDDLE,Neeko,Brand,0.0,1
MIDDLE,Brand,Neeko,1.0,1
UTILITY,Camille,Elise,0.5,6
UTILITY,Elise,Camille,0.5,6
BOTTOM,Ahri,Kaisa,0.5,2
BOTTOM,Kaisa,Ahri,0.5,2
JUNGLE,Quinn,Ivern,0.0,1
JUNGLE,Ivern,Quinn,1.0,1
TOP,Brand,Yasuo,0.0,4
TOP,Yasuo,Brand,1.0,4
MIDDLE,Hwei,Ziggs,1.0,2
MIDDLE,Ziggs,Hwei,0.0,2
JUNGLE,Ekko,Darius,0.6666666666666666,3
JUNGLE,Darius,Ekko,0.3333333333333333,3
TOP,KogMaw,Camille,1.0,1
TOP,Camille,KogMaw,0.0,1
MIDDLE,Malzahar,RekSai,0.0,1
MIDDLE,RekSai,Malzahar,1.0,1
JUNGLE,Sejuani,Vi,0.5,4
JUNGLE,Vi,Sejuani,0.5,4
TOP,Brand,Kennen,0.0,1
TOP,Kennen,Brand,1.0,1
MIDDLE,Cassiopeia,Zilean,0.3333333333333333,3
MIDDLE,Zilean,Cassiopeia,0.6666666666666666,3
JUNGLE,Olaf,Qiyana,0.3333333333333333,3
JUNGLE,Qiyana,Olaf,0.6666666666666666,3
TOP,Ashe,Brand,0.0,1
TOP,Brand,Ashe,1.0,1
TOP,Kalista,MasterYi,0.0,1
TOP,MasterYi,Kalista,1.0,1
TOP,Anivia,Yorick,0.6666666666666666,3
TOP,Yorick,Anivia,0.3333333333333333,3
MIDDLE,TahmKench,Leblanc,1.0,1
MIDDLE,Leblanc,TahmKench,0.0,1
TOP,Smolder,Cassiopeia,0.0,1
TOP,Cassiopeia,Smolder,1.0,1
MIDDLE,Gwen,Velkoz,0.0,1
MIDDLE,Velkoz,Gwen,1.0,1
BOTTOM,Yasuo,Nunu,1.0,1
BOTTOM,Nunu,Yasuo,0.0,1
MIDDLE,Zilean,Irelia,0.0,1
MIDDLE,Irelia,Zilean,1.0,1
TOP,Shen,Ekko,0.0,1
TOP,Ekko,Shen,1.0,1
UTILITY,Veigar,Soraka,0.5,2
UTILITY,Soraka,Veigar,0.5,2
JUNGLE,Olaf,Morgana,1.0,1
JUNGLE,Morgana,Olaf,0.0,1
TOP,Malphite,Syndra,0.0,1
TOP,Syndra,Malphite,1.0,1
JUNGLE,Rengar,Nasus,0.25,4
JUNGLE,Nasus,Rengar,0.75,4
MIDDLE,Seraphine,Taliyah,0.0,1
MIDDLE,Taliyah,Seraphine,1.0,1
JUNGLE,Udyr,Ornn,0.0,1
JUNGLE,Ornn,Udyr,1.0,1
TOP,Qiyana,Pantheon,1.0,1
TOP,Pantheon,Qiyana,0.0,1
JUNGLE,Elise,FiddleSticks,0.6666666666666666,3
JUNGLE,FiddleSticks,Elise,0.3333333333333333,3
TOP,Naafiri,Ekko,1.0,1
TOP,Ekko,Naafiri,0.0,1
TOP,Lucian,Sett,0.0,1
TOP,Sett,Lucian,1.0,1
MIDDLE,Xerath,LeeSin,0.5,2
MIDDLE,LeeSin,Xerath,0.5,2
BOTTOM,Tristana,Seraphine,0.5,6
BOTTOM,Seraphine,Tristana,0.5,6
UTILITY,Braum,Ekko,0.0,1
UTILITY,Ekko,Braum,1.0,1
MIDDLE,FiddleSticks,Seraphine,1.0,1
MIDDLE,Seraphine,FiddleSticks,0.0,1
JUNGLE,Khazix,Trundle,0.0,1
JUNGLE,Trundle,Khazix,1.0,1
MIDDLE,Vex,Zilean,1.0,2
MIDDLE,Zilean,Vex,0.0,2
TOP,Nasus,Cassiopeia,0.6666666666666666,3
TOP,Cassiopeia,Nasus,0.3333333333333333,3
MIDDLE,Hwei,Gragas,1.0,1
MIDDLE,Gragas,Hwei,0.0,1
JUNGLE,Camille,Elise,0.0,1
JUNGLE,Elise,Camille,1.0,1
MIDDLE,Viego,Zoe,0.5,2
MIDDLE,Zoe,Viego,0.5,2
JUNGLE,Malphite,Vi,0.5,2
JUNGLE,Vi,Malphite,0.5,2
TOP,Heimerdinger,TahmKench,1.0,1
TOP,TahmKench,Heimerdinger,0.0,1
TOP,Ornn,Udyr,0.5,2
TOP,Udyr,Ornn,0.5,2
TOP,Annie,Naafiri,0.5,2
TOP,Naafiri,Annie,0.5,2
TOP,Zaahen,Zyra,0.0,1
TOP,Zyra,Zaahen,1.0,1
MIDDLE,Twitch,Riven,0.0,2
MIDDLE,Riven,Twitch,1.0,2
MIDDLE,Garen,Kassadin,1.0,1
MIDDLE,Kassadin,Garen,0.0,1
UTILITY,Blitzcrank,Swain,1.0,1
UTILITY,Swain,Blitzcrank,0.0,1
MIDDLE,Kayle,Riven,0.0,1
MIDDLE,Riven,Kayle,1.0,1
JUNGLE,Quinn,Nidalee,0.4,5
JUNGLE,Nidalee,Quinn,0.6,5
TOP,Soraka,Ornn,1.0,1
TOP,Ornn,Soraka,0.0,1
JUNGLE,LeeSin,Vayne,0.6666666666666666,3
JUNGLE,Vayne,LeeSin,0.3333333333333333,3
TOP,XinZhao,Olaf,0.6666666666666666,3
TOP,Olaf,XinZhao,0.3333333333333333,3
UTILITY,Poppy,Xerath,0.0,1
UTILITY,Xerath,Poppy,1.0,1
JUNGLE,Vayne,Quinn,0.0,1
JUNGLE,Quinn,Vayne,1.0,1
BOTTOM,Ezreal,Ryze,1.0,1
BOTTOM,Ryze,Ezreal,0.0,1
JUNGLE,Teemo,Nunu,0.0,1
JUNGLE,Nunu,Teemo,1.0,1
MIDDLE,Lucian,Darius,0.0,1
MIDDLE,Darius,Lucian,1.0,1
TOP,Viego,Aurora,1.0,1
TOP,Aurora,Viego,0.0,1
MIDDLE,Darius,Yone,1.0,2
MIDDLE,Yone,Darius,0.0,2
BOTTOM,Tristana,Azir,0.0,1
BOTTOM,Azir,Tristana,1.0,1
BOTTOM,Naafiri,Mel,0.0,1
BOTTOM,Mel,Naafiri,1.0,1
UTILITY,Nami,KogMaw,0.0,1
UTILITY,KogMaw,Nami,1.0,1
UTILITY,Nautilus,XinZhao,0.6666666666666666,3
UTILITY,XinZhao,Nautilus,0.3333333333333333,3
MIDDLE,Darius,Lissandra,0.0,1
MIDDLE,Lissandra,Darius,1.0,1
TOP,Ryze,Volibear,0.5,2
TOP,Volibear,Ryze,0.5,2
MIDDLE,Qiyana,LeeSin,1.0,2
MIDDLE,LeeSin,Qiyana,0.0,2
JUNGLE,Shaco,Quinn,0.6,5
JUNGLE,Quinn,Shaco,0.4,5
JUNGLE,Rengar,Fizz,0.0,1
JUNGLE,Fizz,Rengar,1.0,1
TOP,Sion,Heimerdinger,0.8333333333333334,6
TOP,Heimerdinger,Sion,0.16666666666666666,6
TOP,Ezreal,Irelia,0.0,1
TOP,Irelia,Ezreal,1.0,1
JUNGLE,Mordekaiser,Elise,1.0,1
JUNGLE,Elise,Mordekaiser,0.0,1
TOP,Illaoi,Zac,1.0,1
TOP,Zac,Illaoi,0.0,1
TOP,Kled,Udyr,1.0,1
TOP,Udyr,Kled,0.0,1
MIDDLE,Cassiopeia,Lulu,1.0,1
MIDDLE,Lulu,Cassiopeia,0.0,1
TOP,Malphite,Zeri,1.0,1
TOP,Zeri,Malphite,0.0,1
UTILITY,Thresh,Zoe,0.375,8
UTILITY,Zoe,Thresh,0.625,8
UTILITY,Janna,Annie,0.5,2
UTILITY,Annie,Janna,0.5,2
MIDDLE,Smolder,Zoe,0.0,1
MIDDLE,Zoe,Smolder,1.0,1
TOP,Gwen,XinZhao,0.0,1
TOP,XinZhao,Gwen,1.0,1
BOTTOM,Aphelios,Syndra,0.3333333333333333,3
BOTTOM,Syndra,Aphelios,0.6666666666666666,3
TOP,Belveth,TwistedFate,0.0,1
TOP,TwistedFate,Belveth,1.0,1
JUNGLE,Brand,Riven,0.0,1
JUNGLE,Riven,Brand,1.0,1
TOP,Swain,Ahri,0.0,1
TOP,Ahri,Swain,1.0,1
TOP,Ezreal,Aurora,0.5,2
TOP,Aurora,Ezreal,0.5,2
TOP,Rengar,Ornn,0.0,1
TOP,Ornn,Rengar,1.0,1
TOP,Cassiopeia,Karthus,1.0,1
TOP,Karthus,Cassiopeia,0.0,1
TOP,Shyvana,Aatrox,0.0,4
TOP,Aatrox,Shyvana,1.0,4
TOP,Akali,Kayn,0.0,1
TOP,Kayn,Akali,1.0,1
TOP,Shen,Syndra,0.0,1
TOP,Syndra,Shen,1.0,1
MIDDLE,Velkoz,Gangplank,1.0,1
MIDDLE,Gangplank,Velkoz,0.0,1
TOP,Yone,Brand,0.3333333333333333,3
TOP,Brand,Yone,0.6666666666666666,3
MIDDLE,Darius,Cassiopeia,0.0,1
MIDDLE,Cassiopeia,Darius,1.0,1
TOP,Zed,Ekko,1.0,1
TOP,Ekko,Zed,0.0,1
JUNGLE,Gnar,JarvanIV,0.5,2
JUNGLE,JarvanIV,Gnar,0.5,2
TOP,Fiora,Zeri,0.0,1
TOP,Zeri,Fiora,1.0,1
JUNGLE,Rammus,Rengar,0.3333333333333333,3
JUNGLE,Rengar,Rammus,0.6666666666666666,3
TOP,Anivia,Sejuani,1.0,2
TOP,Sejuani,Anivia,0.0,2
BOTTOM,Twitch,Swain,0.3333333333333333,3
BOTTOM,Swain,Twitch,0.6666666666666666,3
MIDDLE,Cassiopeia,Malphite,1.0,1
MIDDLE,Malphite,Cassiopeia,0.0,1
TOP,Zilean,Warwick,1.0,2
TOP,Warwick,Zilean,0.0,2
JUNGLE,Ambessa,Teemo,0.0,1
JUNGLE,Teemo,Ambessa,1.0,1
MIDDLE,Ezreal,Malzahar,0.0,2
MIDDLE,Malzahar,Ezreal,1.0,2
MIDDLE,Chogath,Zoe,0.0,1
MIDDLE,Zoe,Chogath,1.0,1
JUNGLE,Elise,Volibear,0.0,1
JUNGLE,Volibear,Elise,1.0,1
TOP,Warwick,Swain,0.0,1
TOP,Swain,Warwick,1.0,1
TOP,Yasuo,Kalista,1.0,2
TOP,Kalista,Yasuo,0.0,2
TOP,Aurora,Xerath,1.0,1
TOP,Xerath,Aurora,0.0,1
TOP,Cassiopeia,TwistedFate,0.6666666666666666,3
TOP,TwistedFate,Cassiopeia,0.3333333333333333,3
JUNGLE,Darius,Nidalee,0.6666666666666666,3
JUNGLE,Nidalee,Darius,0.3333333333333333,3
TOP,DrMundo,RekSai,1.0,1
TOP,RekSai,DrMundo,0.0,1
TOP,Lillia,Sylas,0.0,1
TOP,Sylas,Lillia,1.0,1
UTILITY,TwistedFate,Bard,0.75,4
UTILITY,Bard,TwistedFate,0.25,4
UTILITY,Zilean,FiddleSticks,0.0,1
UTILITY,FiddleSticks,Zilean,1.0,1
JUNGLE,Nidalee,Chogath,0.0,2
JUNGLE,Chogath,Nidalee,1.0,2
UTILITY,Gragas,Rell,0.5,2
UTILITY,Rell,Gragas,0.5,2
TOP,Vayne,Samira,0.5,2
TOP,Samira,Vayne,0.5,2
MIDDLE,Zoe,Olaf,0.0,1
MIDDLE,Olaf,Zoe,1.0,1
TOP,Zyra,Irelia,0.0,1
TOP,Irelia,Zyra,1.0,1
TOP,Shyvana,Aurora,0.5,2
TOP,Aurora,Shyvana,0.5,2
TOP,Varus,Janna,0.0,1
TOP,Janna,Varus,1.0,1
TOP,XinZhao,Teemo,0.0,1
TOP,Teemo,XinZhao,1.0,1
UTILITY,Milio,Sion,0.5,2
UTILITY,Sion,Milio,0.5,2
TOP,Karma,Nidalee,0.0,1
TOP,Nidalee,Karma,1.0,1
TOP,Riven,Neeko,0.0,1
TOP,Neeko,Riven,1.0,1
JUNGLE,Nasus,Lillia,0.5,4
JUNGLE,Lillia,Nasus,0.5,4
TOP,Yone,Karthus,1.0,3
TOP,Karthus,Yone,0.0,3
MIDDLE,Fiora,Pantheon,0.0,1
MIDDLE,Pantheon,Fiora,1.0,1
MIDDLE,Lissandra,Velkoz,1.0,1
MIDDLE,Velkoz,Lissandra,0.0,1
MIDDLE,LeeSin,Nunu,1.0,1
MIDDLE,Nunu,LeeSin,0.0,1
UTILITY,Galio,Taliyah,0.5,2
UTILITY,Taliyah,Galio,0.5,2
TOP,Swain,Lissandra,0.0,1
TOP,Lissandra,Swain,1.0,1
UTILITY,Hwei,Leona,0.6,5
UTILITY,Leona,Hwei,0.4,5
JUNGLE,Brand,Draven,0.0,1
JUNGLE,Draven,Brand,1.0,1
JUNGLE,Kayn,Quinn,0.8,5
JUNGLE,Quinn,Kayn,0.2,5
MIDDLE,Neeko,Vex,1.0,1
MIDDLE,Vex,Neeko,0.0,1
TOP,TahmKench,Corki,0.0,1
TOP,Corki,TahmKench,1.0,1
JUNGLE,Ornn,JarvanIV,0.0,1
JUNGLE,JarvanIV,Ornn,1.0,1
BOTTOM,Twitch,Hwei,0.6,5
BOTTOM,Hwei,Twitch,0.4,5
UTILITY,Camille,Soraka,0.2222222222222222,9
UTILITY,Soraka,Camille,0.7777777777777778,9
TOP,Zilean,Camille,0.0,1
TOP,Camille,Zilean,1.0,1
UTILITY,TwistedFate,Senna,0.0,1
UTILITY,Senna,TwistedFate,1.0,1
JUNGLE,Taliyah,Warwick,1.0,1
JUNGLE,Warwick,Taliyah,0.0,1
MIDDLE,Pantheon,Veigar,1.0,1
MIDDLE,Veigar,Pantheon,0.0,1
TOP,Malzahar,Jax,0.5,2
TOP,Jax,Malzahar,0.5,2
BOTTOM,Smolder,Akshan,1.0,1
BOTTOM,Akshan,Smolder,0.0,1
JUNGLE,Nasus,Qiyana,0.75,4
JUNGLE,Qiyana,Nasus,0.25,4
MIDDLE,Taliyah,Nunu,0.5,2
MIDDLE,Nunu,Taliyah,0.5,2
UTILITY,Ahri,Janna,1.0,2
UTILITY,Janna,Ahri,0.0,2
MIDDLE,Gragas,Pantheon,1.0,1
MIDDLE,Pantheon,Gragas,0.0,1
TOP,Zilean,Shen,1.0,1
TOP,Shen,Zilean,0.0,1
BOTTOM,Jinx,Syndra,0.0,4
BOTTOM,Syndra,Jinx,1.0,4
MIDDLE,Draven,Ahri,0.0,2
MIDDLE,Ahri,Draven,1.0,2
MIDDLE,Teemo,Chogath,0.0,1
MIDDLE,Chogath,Teemo,1.0,1
TOP,Kalista,Zilean,0.0,1
TOP,Zilean,Kalista,1.0,1
BOTTOM,TahmKench,Kalista,0.4,5
BOTTOM,Kalista,TahmKench,0.6,5
TOP,Cassiopeia,Diana,0.0,1
TOP,Diana,Cassiopeia,1.0,1
UTILITY,Brand,Camille,0.6666666666666666,3
UTILITY,Camille,Brand,0.3333333333333333,3
MIDDLE,Gragas,Cassiopeia,0.3333333333333333,3
MIDDLE,Cassiopeia,Gragas,0.6666666666666666,3
TOP,Lissandra,Cassiopeia,0.3333333333333333,3
TOP,Cassiopeia,Lissandra,0.6666666666666666,3
BOTTOM,Sivir,Vladimir,0.6666666666666666,3
BOTTOM,Vladimir,Sivir,0.3333333333333333,3
MIDDLE,XinZhao,Sett,0.0,1
MIDDLE,Sett,XinZhao,1.0,1
MIDDLE,Aphelios,Malzahar,0.0,1
MIDDLE,Malzahar,Aphelios,1.0,1
MIDDLE,XinZhao,Olaf,0.0,1
MIDDLE,Olaf,XinZhao,1.0,1
UTILITY,Fiora,Warwick,1.0,1
UTILITY,Warwick,Fiora,0.0,1
TOP,Pantheon,Leblanc,1.0,1
TOP,Leblanc,Pantheon,0.0,1
TOP,Lillia,Cassiopeia,1.0,1
TOP,Cassiopeia,Lillia,0.0,1
JUNGLE,Quinn,Qiyana,0.0,5
JUNGLE,Qiyana,Quinn,1.0,5
JUNGLE,Graves,Ornn,0.0,1
JUNGLE,Ornn,Graves,1.0,1
TOP,Neeko,Teemo,1.0,1
TOP,Teemo,Neeko,0.0,1
MIDDLE,Kayle,Zilean,0.5,2
MIDDLE,Zilean,Kayle,0.5,2
TOP,Irelia,Trundle,0.0,2
TOP,Trundle,Irelia,1.0,2
MIDDLE,Anivia,Garen,1.0,1
MIDDLE,Garen,Anivia,0.0,1
MIDDLE,Irelia,Vayne,0.0,1
MIDDLE,Vayne,Irelia,1.0,1
UTILITY,Camille,Neeko,0.0,5
UTILITY,Neeko,Camille,1.0,5
BOTTOM,Karthus,Azir,1.0,2
BOTTOM,Azir,Karthus,0.0,2
BOTTOM,Ezreal,Soraka,0.0,1
BOTTOM,Soraka,Ezreal,1.0,1
UTILITY,Poppy,Fiora,1.0,2
UTILITY,Fiora,Poppy,0.0,2
BOTTOM,Azir,Ashe,0.0,1
BOTTOM,Ashe,Azir,1.0,1
TOP,Olaf,Udyr,0.5,2
TOP,Udyr,Olaf,0.5,2
MIDDLE,Lissandra,KogMaw,1.0,1
MIDDLE,KogMaw,Lissandra,0.0,1
BOTTOM,Azir,Heimerdinger,0.0,1
BOTTOM,Heimerdinger,Azir,1.0,1
MIDDLE,Ezreal,Velkoz,0.0,1
MIDDLE,Velkoz,Ezreal,1.0,1
TOP,Malphite,Ezreal,0.0,1
TOP,Ezreal,Malphite,1.0,1
MIDDLE,Fizz,Ziggs,0.0,1
MIDDLE,Ziggs,Fizz,1.0,1
MIDDLE,Viego,Katarina,1.0,1
MIDDLE,Katarina,Viego,0.0,1
BOTTOM,Syndra,Chogath,0.5,2
BOTTOM,Chogath,Syndra,0.5,2
BOTTOM,Azir,Senna,1.0,1
BOTTOM,Senna,Azir,0.0,1
MIDDLE,Gragas,Yone,1.0,3
MIDDLE,Yone,Gragas,0.0,3
TOP,Tryndamere,Maokai,1.0,1
TOP,Maokai,Tryndamere,0.0,1
JUNGLE,Vayne,Udyr,0.5,2
JUNGLE,Udyr,Vayne,0.5,2
MIDDLE,Qiyana,Viego,0.5,4
MIDDLE,Viego,Qiyana,0.5,4
BOTTOM,Quinn,Caitlyn,0.0,1
BOTTOM,Caitlyn,Quinn,1.0,1
TOP,AurelionSol,Kennen,0.0,1
TOP,Kennen,AurelionSol,1.0,1
BOTTOM,Seraphine,Brand,0.7777777777777778,9
BOTTOM,Brand,Seraphine,0.2222222222222222,9
UTILITY,XinZhao,Thresh,0.0,1
UTILITY,Thresh,XinZhao,1.0,1
MIDDLE,XinZhao,Talon,0.5,2
MIDDLE,Talon,XinZhao,0.5,2
TOP,Varus,Diana,1.0,1
TOP,Diana,Varus,0.0,1
BOTTOM,Pyke,Draven,1.0,1
BOTTOM,Draven,Pyke,0.0,1
TOP,XinZhao,Elise,1.0,1
TOP,Elise,XinZhao,0.0,1
MIDDLE,Leblanc,Zeri,0.0,1
MIDDLE,Zeri,Leblanc,1.0,1
MIDDLE,Neeko,Kalista,1.0,1
MIDDLE,Kalista,Neeko,0.0,1
MIDDLE,Ekko,Nunu,0.25,4
MIDDLE,Nunu,Ekko,0.75,4
TOP,Smolder,Aatrox,0.0,1
TOP,Aatrox,Smolder,1.0,1
MIDDLE,Neeko,Mel,1.0,1
MIDDLE,Mel,Neeko,0.0,1
TOP,Elise,Cassiopeia,0.0,2
TOP,Cassiopeia,Elise,1.0,2
TOP,TahmKench,Teemo,0.5,2
TOP,Teemo,TahmKench,0.5,2
TOP,Nidalee,Gnar,0.0,1
TOP,Gnar,Nidalee,1.0,1
BOTTOM,Brand,Neeko,0.0,1
BOTTOM,Neeko,Brand,1.0,1
UTILITY,Morgana,Pyke,0.75,4
UTILITY,Pyke,Morgana,0.25,4
JUNGLE,Talon,Sion,0.5,2
JUNGLE,Sion,Talon,0.5,2
MIDDLE,Veigar,Jax,0.0,1
MIDDLE,Jax,Veigar,1.0,1
BOTTOM,Ashe,Rengar,0.0,1
BOTTOM,Rengar,Ashe,1.0,1
MIDDLE,Hwei,Heimerdinger,1.0,1
MIDDLE,Heimerdinger,Hwei,0.0,1
MIDDLE,AurelionSol,Nunu,1.0,1
MIDDLE,Nunu,AurelionSol,0.0,1
TOP,Skarner,Varus,1.0,1
TOP,Varus,Skarner,0.0,1
TOP,Swain,Camille,0.0,1
TOP,Camille,Swain,1.0,1
TOP,Gragas,Naafiri,1.0,1
TOP,Naafiri,Gragas,0.0,1
BOTTOM,Corki,Azir,0.0,1
BOTTOM,Azir,Corki,1.0,1
TOP,Gragas,Warwick,0.5,2
TOP,Warwick,Gragas,0.5,2
TOP,Yasuo,Tristana,0.0,1
TOP,Tristana,Yasuo,1.0,1
MIDDLE,Naafiri,Fizz,0.0,2
MIDDLE,Fizz,Naafiri,1.0,2
BOTTOM,Sett,Qiyana,1.0,1
BOTTOM,Qiyana,Sett,0.0,1
JUNGLE,Taliyah,Elise,0.0,3
JUNGLE,Elise,Taliyah,1.0,3
JUNGLE,Rumble,Taliyah,0.0,1
JUNGLE,Taliyah,Rumble,1.0,1
MIDDLE,Jax,Cassiopeia,0.2,5
MIDDLE,Cassiopeia,Jax,0.8,5
MIDDLE,Zilean,Pantheon,0.0,1
MIDDLE,Pantheon,Zilean,1.0,1
TOP,Maokai,Jayce,0.0,1
TOP,Jayce,Maokai,1.0,1
JUNGLE,Darius,Shyvana,1.0,1
JUNGLE,Shyvana,Darius,0.0,1
MIDDLE,Nunu,Kassadin,1.0,1
MIDDLE,Kassadin,Nunu,0.0,1
TOP,Annie,TwistedFate,0.0,2
TOP,TwistedFate,Annie,1.0,2
TOP,Kalista,KSante,1.0,2
TOP,KSante,Kalista,0.0,2
TOP,Maokai,Ornn,1.0,1
TOP,Ornn,Maokai,0.0,1
UTILITY,Pantheon,Gragas,1.0,1
UTILITY,Gragas,Pantheon,0.0,1
UTILITY,Syndra,Alistar,0.0,2
UTILITY,Alistar,Syndra,1.0,2
MIDDLE,Riven,Tryndamere,0.0,2
MIDDLE,Tryndamere,Riven,1.0,2
MIDDLE,Bard,Zed,0.0,1
MIDDLE,Zed,Bard,1.0,1
MIDDLE,Garen,Sylas,0.5,2
MIDDLE,Sylas,Garen,0.5,2
TOP,Illaoi,Kled,0.5,2
TOP,Kled,Illaoi,0.5,2
BOTTOM,Vladimir,Draven,0.2,5
BOTTOM,Draven,Vladimir,0.8,5
MIDDLE,Pantheon,Cassiopeia,0.5,2
MIDDLE,Cassiopeia,Pantheon,0.5,2
BOTTOM,Smolder,Irelia,0.5,2
BOTTOM,Irelia,Smolder,0.5,2
TOP,Mordekaiser,Anivia,0.5,2
TOP,Anivia,Mordekaiser,0.5,2
TOP,Jax,KogMaw,1.0,1
TOP,KogMaw,Jax,0.0,1
MIDDLE,Galio,Pantheon,0.3333333333333333,3
MIDDLE,Pantheon,Galio,0.6666666666666666,3
UTILITY,Yuumi,Fizz,1.0,1
UTILITY,Fizz,Yuumi,0.0,1
JUNGLE,Maokai,Lillia,0.0,1
JUNGLE,Lillia,Maokai,1.0,1
UTILITY,Yuumi,Warwick,0.0,1
UTILITY,Warwick,Yuumi,1.0,1
TOP,Zed,Zyra,0.0,1
TOP,Zyra,Zed,1.0,1
MIDDLE,Ryze,Varus,0.0,1
MIDDLE,Varus,Ryze,1.0,1
JUNGLE,Kindred,Volibear,0.0,1
JUNGLE,Volibear,Kindred,1.0,1
TOP,Tristana,Jax,0.0,1
TOP,Jax,Tristana,1.0,1
TOP,Kayle,Volibear,0.0,1
TOP,Volibear,Kayle,1.0,1
JUNGLE,Shen,Udyr,1.0,1
JUNGLE,Udyr,Shen,0.0,1
UTILITY,Soraka,Ahri,0.0,1
UTILITY,Ahri,Soraka,1.0,1
TOP,Quinn,Gwen,1.0,1
TOP,Gwen,Quinn,0.0,1
TOP,Annie,Cassiopeia,0.0,1
TOP,Cassiopeia,Annie,1.0,1
JUNGLE,Fizz,Elise,0.0,2
JUNGLE,Elise,Fizz,1.0,2
TOP,Zilean,Skarner,1.0,1
TOP,Skarner,Zilean,0.0,1
UTILITY,Seraphine,Gragas,1.0,1
UTILITY,Gragas,Seraphine,0.0,1
TOP,Yone,Fizz,1.0,1
TOP,Fizz,Yone,0.0,1
JUNGLE,Amumu,Graves,0.5,4
JUNGLE,Graves,Amumu,0.5,4
TOP,Viktor,Vladimir,0.5,2
TOP,Vladimir,Viktor,0.5,2
MIDDLE,Lucian,Xerath,0.0,1
MIDDLE,Xerath,Lucian,1.0,1
MIDDLE,Pantheon,Velkoz,1.0,1
MIDDLE,Velkoz,Pantheon,0.0,1
TOP,Skarner,Udyr,1.0,1
TOP,Udyr,Skarner,0.0,1
TOP,Malzahar,Gwen,1.0,1
TOP,Gwen,Malzahar,0.0,1
JUNGLE,Warwick,Rengar,1.0,2
JUNGLE,Rengar,Warwick,0.0,2
TOP,Vi,Zoe,1.0,1
TOP,Zoe,Vi,0.0,1
UTILITY,Zilean,Zoe,1.0,2
UTILITY,Zoe,Zilean,0.0,2
BOTTOM,Diana,Aphelios,0.0,1
BOTTOM,Aphelios,Diana,1.0,1
MIDDLE,Akali,Kennen,0.0,1
MIDDLE,Kennen,Akali,1.0,1
UTILITY,Yuumi,Sylas,1.0,1
UTILITY,Sylas,Yuumi,0.0,1
MIDDLE,Ryze,Nasus,1.0,1
MIDDLE,Nasus,Ryze,0.0,1
JUNGLE,RekSai,Ornn,0.0,1
JUNGLE,Ornn,RekSai,1.0,1
UTILITY,Camille,Seraphine,0.625,8
UTILITY,Seraphine,Camille,0.375,8
BOTTOM,Cassiopeia,Viktor,0.0,1
BOTTOM,Viktor,Cassiopeia,1.0,1
BOTTOM,TahmKench,Lucian,0.6666666666666666,3
BOTTOM,Lucian,TahmKench,0.3333333333333333,3
TOP,Azir,Ahri,1.0,1
TOP,Ahri,Azir,0.0,1
JUNGLE,Shyvana,Ornn,0.0,1
JUNGLE,Ornn,Shyvana,1.0,1
JUNGLE,Lillia,Brand,0.3333333333333333,3
JUNGLE,Brand,Lillia,0.6666666666666666,3
BOTTOM,Vayne,Rengar,0.0,1
BOTTOM,Rengar,Vayne,1.0,1
JUNGLE,Ornn,Elise,0.0,2
JUNGLE,Elise,Ornn,1.0,2
MIDDLE,Sylas,RekSai,0.0,1
MIDDLE,RekSai,Sylas,1.0,1
MIDDLE,Jax,Xerath,0.5,2
MIDDLE,Xerath,Jax,0.5,2
TOP,Kennen,Illaoi,0.6666666666666666,3
TOP,Illaoi,Kennen,0.3333333333333333,3
TOP,Gragas,FiddleSticks,1.0,2
TOP,FiddleSticks,Gragas,0.0,2
TOP,Brand,Tryndamere,0.0,1
TOP,Tryndamere,Brand,1.0,1
TOP,Vex,Anivia,0.0,1
TOP,Anivia,Vex,1.0,1
MIDDLE,Zyra,Lux,0.0,1
MIDDLE,Lux,Zyra,1.0,1
TOP,Zed,Irelia,0.3333333333333333,3
TOP,Irelia,Zed,0.6666666666666666,3
TOP,Anivia,Velkoz,1.0,1
TOP,Velkoz,Anivia,0.0,1
MIDDLE,Olaf,Vex,1.0,1
MIDDLE,Vex,Olaf,0.0,1
TOP,Teemo,Nautilus,1.0,1
TOP,Nautilus,Teemo,0.0,1
TOP,Anivia,Morgana,1.0,2
TOP,Morgana,Anivia,0.0,2
BOTTOM,Hwei,Katarina,0.5,2
BOTTOM,Katarina,Hwei,0.5,2
MIDDLE,Annie,DrMundo,1.0,1
MIDDLE,DrMundo,Annie,0.0,1
MIDDLE,Nasus,Lissandra,1.0,1
MIDDLE,Lissandra,Nasus,0.0,1
TOP,TwistedFate,Trundle,1.0,1
TOP,Trundle,TwistedFate,0.0,1
MIDDLE,Viktor,Olaf,0.0,1
MIDDLE,Olaf,Viktor,1.0,1
JUNGLE,Nasus,XinZhao,0.3333333333333333,3
JUNGLE,XinZhao,Nasus,0.6666666666666666,3
MIDDLE,Lucian,Katarina,1.0,1
MIDDLE,Katarina,Lucian,0.0,1
TOP,XinZhao,Nasus,0.5,2
TOP,Nasus,XinZhao,0.5,2
MIDDLE,Orianna,Jax,1.0,1
MIDDLE,Jax,Orianna,0.0,1
TOP,Malzahar,KogMaw,0.0,1
TOP,KogMaw,Malzahar,1.0,1
UTILITY,Morgana,Elise,0.0,1
UTILITY,Elise,Morgana,1.0,1
UTILITY,Chogath,Pyke,0.0,1
UTILITY,Pyke,Chogath,1.0,1
TOP,Volibear,Rengar,0.0,1
TOP,Rengar,Volibear,1.0,1
MIDDLE,Renekton,Katarina,0.5,2
MIDDLE,Katarina,Renekton,0.5,2
TOP,Shyvana,Ambessa,0.6666666666666666,3
TOP,Ambessa,Shyvana,0.3333333333333333,3
MIDDLE,Syndra,Viego,0.5,2
MIDDLE,Viego,Syndra,0.5,2
BOTTOM,Kaisa,Qiyana,0.0,1
BOTTOM,Qiyana,Kaisa,1.0,1
MIDDLE,Anivia,Viego,1.0,2
MIDDLE,Viego,Anivia,0.0,2
JUNGLE,Camille,Nidalee,0.0,1
JUNGLE,Nidalee,Camille,1.0,1
MIDDLE,Katarina,Ornn,0.0,1
MIDDLE,Ornn,Katarina,1.0,1
BOTTOM,Yasuo,Annie,1.0,1
BOTTOM,Annie,Yasuo,0.0,1
MIDDLE,Aatrox,Hwei,0.0,1
MIDDLE,Hwei,Aatrox,1.0,1
TOP,Zoe,Malphite,0.0,2
TOP,Malphite,Zoe,1.0,2
MIDDLE,Gangplank,Sylas,0.5,2
MIDDLE,Sylas,Gangplank,0.5,2
TOP,Malphite,Smolder,1.0,1
TOP,Smolder,Malphite,0.0,1
TOP,Zaahen,Diana,0.0,2
TOP,Diana,Zaahen,1.0,2
BOTTOM,Ashe,TwistedFate,0.0,2
BOTTOM,TwistedFate,Ashe,1.0,2
TOP,Olaf,Ahri,0.0,1
TOP,Ahri,Olaf,1.0,1
TOP,Darius,Qiyana,0.0,1
TOP,Qiyana,Darius,1.0,1
MIDDLE,Qiyana,Olaf,0.0,1
MIDDLE,Olaf,Qiyana,1.0,1
TOP,Tryndamere,Trundle,0.0,1
TOP,Trundle,Tryndamere,1.0,1
JUNGLE,Viego,Riven,0.5,4
JUNGLE,Riven,Viego,0.5,4
TOP,Trundle,Gragas,0.5,2
TOP,Gragas,Trundle,0.5,2
JUNGLE,Poppy,Volibear,1.0,1
JUNGLE,Volibear,Poppy,0.0,1
TOP,Ornn,Zoe,0.5,2
TOP,Zoe,Ornn,0.5,2
MIDDLE,Jayce,Jhin,1.0,1
MIDDLE,Jhin,Jayce,0.0,1
JUNGLE,Ambessa,Warwick,1.0,1
JUNGLE,Warwick,Ambessa,0.0,1
MIDDLE,Shen,Qiyana,1.0,1
MIDDLE,Qiyana,Shen,0.0,1
TOP,KogMaw,Zac,0.0,1
TOP,Zac,KogMaw,1.0,1
MIDDLE,Viktor,Jax,0.0,2
MIDDLE,Jax,Viktor,1.0,2
JUNGLE,Nunu,Gragas,0.0,1
JUNGLE,Gragas,Nunu,1.0,1
TOP,Malzahar,Tryndamere,1.0,1
TOP,Tryndamere,Malzahar,0.0,1
MIDDLE,Qiyana,Teemo,0.0,1
MIDDLE,Teemo,Qiyana,1.0,1
TOP,Udyr,Draven,0.0,1
TOP,Draven,Udyr,1.0,1
MIDDLE,Caitlyn,Kassadin,0.0,2
MIDDLE,Kassadin,Caitlyn,1.0,2
JUNGLE,Zed,Ornn,0.0,1
JUNGLE,Ornn,Zed,1.0,1
MIDDLE,Fizz,Morgana,0.0,1
MIDDLE,Morgana,Fizz,1.0,1
TOP,Akali,Vex,1.0,1
TOP,Vex,Akali,0.0,1
MIDDLE,Xayah,Riven,1.0,1
MIDDLE,Riven,Xayah,0.0,1
TOP,Aphelios,Vayne,0.0,1
TOP,Vayne,Aphelios,1.0,1
TOP,Viego,Irelia,0.0,1
TOP,Irelia,Viego,1.0,1
TOP,Taric,Malphite,0.0,1
TOP,Malphite,Taric,1.0,1
MIDDLE,Olaf,Hwei,0.6666666666666666,3
MIDDLE,Hwei,Olaf,0.3333333333333333,3
JUNGLE,Olaf,Belveth,0.0,2
JUNGLE,Belveth,Olaf,1.0,2
JUNGLE,Rengar,Ornn,0.0,1
JUNGLE,Ornn,Rengar,1.0,1
MIDDLE,Teemo,Orianna,0.0,1
MIDDLE,Orianna,Teemo,1.0,1
MIDDLE,Jax,Vladimir,0.5,2
MIDDLE,Vladimir,Jax,0.5,2
TOP,Camille,LeeSin,0.0,1
TOP,LeeSin,Camille,1.0,1
JUNGLE,Trundle,Rengar,1.0,2
JUNGLE,Rengar,Trundle,0.0,2
MIDDLE,MasterYi,Veigar,1.0,1
MIDDLE,Veigar,MasterYi,0.0,1
MIDDLE,Vi,Ekko,0.0,2
MIDDLE,Ekko,Vi,1.0,2
MIDDLE,Olaf,Tristana,1.0,2
MIDDLE,Tristana,Olaf,0.0,2
JUNGLE,Ornn,LeeSin,1.0,1
JUNGLE,LeeSin,Ornn,0.0,1
UTILITY,Janna,Shen,1.0,4
UTILITY,Shen,Janna,0.0,4
TOP,Annie,Poppy,0.0,1
TOP,Poppy,Annie,1.0,1
MIDDLE,Xerath,Gragas,1.0,1
MIDDLE,Gragas,Xerath,0.0,1
TOP,Riven,Draven,1.0,1
TOP,Draven,Riven,0.0,1
UTILITY,Elise,Tryndamere,0.0,1
UTILITY,Tryndamere,Elise,1.0,1
TOP,Belveth,Gwen,1.0,1
TOP,Gwen,Belveth,0.0,1
MIDDLE,Vayne,TwistedFate,1.0,1
MIDDLE,TwistedFate,Vayne,0.0,1
TOP,Karma,Camille,1.0,2
TOP,Camille,Karma,0.0,2
TOP,Urgot,RekSai,1.0,1
TOP,RekSai,Urgot,0.0,1
JUNGLE,Olaf,Evelynn,0.0,1
JUNGLE,Evelynn,Olaf,1.0,1
MIDDLE,Syndra,Olaf,0.0,3
MIDDLE,Olaf,Syndra,1.0,3
TOP,Gragas,Talon,0.0,1
TOP,Talon,Gragas,1.0,1
UTILITY,Twitch,Anivia,0.0,1
UTILITY,Anivia,Twitch,1.0,1
JUNGLE,Viego,Gwen,0.5,2
JUNGLE,Gwen,Viego,0.5,2
UTILITY,Xerath,Pyke,0.5,2
UTILITY,Pyke,Xerath,0.5,2
BOTTOM,Annie,Caitlyn,0.6666666666666666,3
BOTTOM,Caitlyn,Annie,0.3333333333333333,3
UTILITY,Leblanc,Camille,1.0,1
UTILITY,Camille,Leblanc,0.0,1
TOP,Viktor,Veigar,0.0,1
TOP,Veigar,Viktor,1.0,1
TOP,Zaahen,TwistedFate,1.0,2
TOP,TwistedFate,Zaahen,0.0,2
TOP,DrMundo,Kayn,0.0,1
TOP,Kayn,DrMundo,1.0,1
UTILITY,Camille,Galio,0.0,2
UTILITY,Galio,Camille,1.0,2
BOTTOM,Akshan,Ziggs,0.0,1
BOTTOM,Ziggs,Akshan,1.0,1
BOTTOM,Ziggs,Sylas,0.0,2
BOTTOM,Sylas,Ziggs,1.0,2
MIDDLE,Lucian,Cassiopeia,0.0,1
MIDDLE,Cassiopeia,Lucian,1.0,1
TOP,Karthus,Ambessa,0.0,1
TOP,Ambessa,Karthus,1.0,1
TOP,FiddleSticks,Taliyah,0.0,1
TOP,Taliyah,FiddleSticks,1.0,1
MIDDLE,Rumble,Annie,0.0,1
MIDDLE,Annie,Rumble,1.0,1
BOTTOM,AurelionSol,Malzahar,1.0,1
BOTTOM,Malzahar,AurelionSol,0.0,1
MIDDLE,Olaf,Yasuo,0.5,2
MIDDLE,Yasuo,Olaf,0.5,2
UTILITY,Anivia,TahmKench,1.0,1
UTILITY,TahmKench,Anivia,0.0,1
TOP,Viktor,Kayle,0.0,1
TOP,Kayle,Viktor,1.0,1
TOP,Annie,KogMaw,0.0,1
TOP,KogMaw,Annie,1.0,1
MIDDLE,Lucian,Diana,0.0,1
MIDDLE,Diana,Lucian,1.0,1
TOP,Quinn,Illaoi,0.0,1
TOP,Illaoi,Quinn,1.0,1
BOTTOM,Smolder,Orianna,1.0,1
BOTTOM,Orianna,Smolder,0.0,1
JUNGLE,Shyvana,Malphite,0.0,1
JUNGLE,Malphite,Shyvana,1.0,1
TOP,DrMundo,Heimerdinger,0.3333333333333333,3
TOP,Heimerdinger,DrMundo,0.6666666666666666,3
JUNGLE,Kayn,Jax,0.0,2
JUNGLE,Jax,Kayn,1.0,2
MIDDLE,Katarina,Zeri,1.0,1
MIDDLE,Zeri,Katarina,0.0,1
TOP,Nasus,Ekko,1.0,1
TOP,Ekko,Nasus,0.0,1
TOP,Rengar,Vi,0.0,1
TOP,Vi,Rengar,1.0,1
BOTTOM,Ekko,Vladimir,0.5,2
BOTTOM,Vladimir,Ekko,0.5,2
MIDDLE,Viego,Orianna,0.0,1
MIDDLE,Orianna,Viego,1.0,1
MIDDLE,Xerath,AurelionSol,0.0,1
MIDDLE,AurelionSol,Xerath,1.0,1
JUNGLE,Trundle,Ekko,0.0,1
JUNGLE,Ekko,Trundle,1.0,1
TOP,Zac,KSante,0.0,1
TOP,KSante,Zac,1.0,1
UTILITY,Janna,Ornn,0.3333333333333333,3
UTILITY,Ornn,Janna,0.6666666666666666,3
TOP,Draven,Irelia,1.0,1
TOP,Irelia,Draven,0.0,1
JUNGLE,Khazix,Fizz,0.6666666666666666,3
JUNGLE,Fizz,Khazix,0.3333333333333333,3
TOP,Rumble,Taliyah,0.6666666666666666,3
TOP,Taliyah,Rumble,0.3333333333333333,3
MIDDLE,Annie,Olaf,1.0,2
MIDDLE,Olaf,Annie,0.0,2
MIDDLE,Karma,Rumble,1.0,1
MIDDLE,Rumble,Karma,0.0,1
MIDDLE,AurelionSol,Olaf,1.0,1
MIDDLE,Olaf,AurelionSol,0.0,1
BOTTOM,Syndra,Kayle,1.0,1
BOTTOM,Kayle,Syndra,0.0,1
MIDDLE,Vi,Diana,0.5,2
MIDDLE,Diana,Vi,0.5,2
TOP,Varus,Twitch,0.0,1
TOP,Twitch,Varus,1.0,1
BOTTOM,Ashe,Annie,0.25,4
BOTTOM,Annie,Ashe,0.75,4
JUNGLE,Shyvana,Briar,0.4,5
JUNGLE,Briar,Shyvana,0.6,5
TOP,Neeko,Maokai,0.0,1
TOP,Maokai,Neeko,1.0,1
JUNGLE,Twitch,Naafiri,1.0,1
JUNGLE,Naafiri,Twitch,0.0,1
MIDDLE,Qiyana,Swain,0.5,2
MIDDLE,Swain,Qiyana,0.5,2
BOTTOM,Cassiopeia,Samira,1.0,1
BOTTOM,Samira,Cassiopeia,0.0,1
TOP,Aurora,MasterYi,1.0,2
TOP,MasterYi,Aurora,0.0,2
JUNGLE,Zed,Skarner,0.0,2
JUNGLE,Skarner,Zed,1.0,2
BOTTOM,Lux,Qiyana,1.0,1
BOTTOM,Qiyana,Lux,0.0,1
UTILITY,MissFortune,Leona,1.0,1
UTILITY,Leona,MissFortune,0.0,1
TOP,TwistedFate,Teemo,0.5,2
TOP,Teemo,TwistedFate,0.5,2
TOP,TahmKench,Malphite,0.0,1
TOP,Malphite,TahmKench,1.0,1
JUNGLE,Heimerdinger,Skarner,0.0,1
JUNGLE,Skarner,Heimerdinger,1.0,1
TOP,Vayne,Heimerdinger,0.5,2
TOP,Heimerdinger,Vayne,0.5,2
TOP,Swain,Sett,1.0,1
TOP,Sett,Swain,0.0,1
JUNGLE,Evelynn,Fizz,1.0,1
JUNGLE,Fizz,Evelynn,0.0,1
MIDDLE,Xerath,Olaf,1.0,1
MIDDLE,Olaf,Xerath,0.0,1
TOP,Rumble,Draven,0.0,1
TOP,Draven,Rumble,1.0,1
JUNGLE,Riven,Udyr,1.0,1
JUNGLE,Udyr,Riven,0.0,1
JUNGLE,Zeri,Amumu,1.0,1
JUNGLE,Amumu,Zeri,0.0,1
TOP,Zeri,Olaf,0.0,1
TOP,Olaf,Zeri,1.0,1
JUNGLE,Jax,Talon,0.0,1
JUNGLE,Talon,Jax,1.0,1
TOP,Galio,Nunu,0.0,1
TOP,Nunu,Galio,1.0,1
MIDDLE,Jax,Ekko,0.5,4
MIDDLE,Ekko,Jax,0.5,4
TOP,Kayle,TahmKench,0.3333333333333333,3
TOP,TahmKench,Kayle,0.6666666666666666,3
MIDDLE,Ziggs,Ekko,1.0,1
MIDDLE,Ekko,Ziggs,0.0,1
BOTTOM,Corki,Malzahar,0.0,1
BOTTOM,Malzahar,Corki,1.0,1
MIDDLE,Naafiri,Pantheon,0.0,1
MIDDLE,Pantheon,Naafiri,1.0,1
TOP,Zed,Gragas,0.6666666666666666,3
TOP,Gragas,Zed,0.3333333333333333,3
TOP,Kled,Kayle,1.0,1
TOP,Kayle,Kled,0.0,1
UTILITY,Galio,Shaco,0.5,2
UTILITY,Shaco,Galio,0.5,2
MIDDLE,Seraphine,Yone,0.0,2
MIDDLE,Yone,Seraphine,1.0,2
MIDDLE,Akshan,Jax,0.3333333333333333,3
MIDDLE,Jax,Akshan,0.6666666666666666,3
MIDDLE,Zilean,Diana,0.0,1
MIDDLE,Diana,Zilean,1.0,1
MIDDLE,Tristana,Azir,0.0,1
MIDDLE,Azir,Tristana,1.0,1
MIDDLE,Hwei,Karthus,0.5,2
MIDDLE,Karthus,Hwei,0.5,2
UTILITY,Syndra,Janna,1.0,1
UTILITY,Janna,Syndra,0.0,1
TOP,Aurora,KogMaw,0.0,1
TOP,KogMaw,Aurora,1.0,1
JUNGLE,Khazix,Vayne,1.0,1
JUNGLE,Vayne,Khazix,0.0,1
MIDDLE,Sion,Jax,0.0,2
MIDDLE,Jax,Sion,1.0,2
JUNGLE,Gwen,Draven,1.0,1
JUNGLE,Draven,Gwen,0.0,1
BOTTOM,Jax,Draven,1.0,1
BOTTOM,Draven,Jax,0.0,1
UTILITY,Taric,Annie,0.0,1
UTILITY,Annie,Taric,1.0,1
TOP,Shen,Warwick,0.0,1
TOP,Warwick,Shen,1.0,1
TOP,Viktor,Ornn,0.0,2
TOP,Ornn,Viktor,1.0,2
TOP,Caitlyn,Urgot,0.0,1
TOP,Urgot,Caitlyn,1.0,1
TOP,Rumble,Poppy,0.6666666666666666,3
TOP,Poppy,Rumble,0.3333333333333333,3
MIDDLE,Kayle,Pantheon,0.0,1
MIDDLE,Pantheon,Kayle,1.0,1
MIDDLE,Swain,Pantheon,1.0,1
MIDDLE,Pantheon,Swain,0.0,1
TOP,Kayle,Draven,1.0,1
TOP,Draven,Kayle,0.0,1
MIDDLE,Zilean,Viego,1.0,1
MIDDLE,Viego,Zilean,0.0,1
MIDDLE,Zac,Yone,0.0,1
MIDDLE,Yone,Zac,1.0,1
JUNGLE,Jax,Shyvana,0.6666666666666666,3
JUNGLE,Shyvana,Jax,0.3333333333333333,3
BOTTOM,Heimerdinger,Aphelios,0.0,2
BOTTOM,Aphelios,Heimerdinger,1.0,2
JUNGLE,Amumu,Lillia,1.0,1
JUNGLE,Lillia,Amumu,0.0,1
MIDDLE,Taliyah,Karthus,1.0,4
MIDDLE,Karthus,Taliyah,0.0,4
TOP,XinZhao,LeeSin,1.0,1
TOP,LeeSin,XinZhao,0.0,1
MIDDLE,Gangplank,Kayle,1.0,1
MIDDLE,Kayle,Gangplank,0.0,1
MIDDLE,Jayce,Teemo,0.0,1
MIDDLE,Teemo,Jayce,1.0,1
BOTTOM,Varus,Sion,0.5,2
BOTTOM,Sion,Varus,0.5,2
TOP,Garen,Illaoi,0.0,1
TOP,Illaoi,Garen,1.0,1
TOP,TwistedFate,Gragas,0.6666666666666666,3
TOP,Gragas,TwistedFate,0.3333333333333333,3
TOP,Varus,Kayle,0.5,2
TOP,Kayle,Varus,0.5,2
TOP,Irelia,Quinn,1.0,2
TOP,Quinn,Irelia,0.0,2
UTILITY,Karthus,Nami,0.0,1
UTILITY,Nami,Karthus,1.0,1
UTILITY,Veigar,Seraphine,0.0,1
UTILITY,Seraphine,Veigar,1.0,1
BOTTOM,TwistedFate,Ezreal,0.5,2
BOTTOM,Ezreal,TwistedFate,0.5,2
TOP,Vayne,Nidalee,1.0,2
TOP,Nidalee,Vayne,0.0,2
MIDDLE,Kassadin,Gragas,1.0,3
MIDDLE,Gragas,Kassadin,0.0,3
TOP,Sejuani,Qiyana,0.0,1
TOP,Qiyana,Sejuani,1.0,1
TOP,Nidalee,Rumble,0.0,1
TOP,Rumble,Nidalee,1.0,1
MIDDLE,Irelia,Illaoi,0.0,1
MIDDLE,Illaoi,Irelia,1.0,1
TOP,Nunu,Zed,1.0,1
TOP,Zed,Nunu,0.0,1
MIDDLE,Akali,Zyra,1.0,1
MIDDLE,Zyra,Akali,0.0,1
TOP,XinZhao,Cassiopeia,0.4,5
TOP,Cassiopeia,XinZhao,0.6,5
MIDDLE,Galio,Nunu,1.0,1
MIDDLE,Nunu,Galio,0.0,1
BOTTOM,Varus,MasterYi,0.0,1
BOTTOM,MasterYi,Varus,1.0,1
MIDDLE,Akali,Gnar,0.0,1
MIDDLE,Gnar,Akali,1.0,1
TOP,Irelia,Gwen,1.0,3
TOP,Gwen,Irelia,0.0,3
UTILITY,Bard,Syndra,1.0,1
UTILITY,Syndra,Bard,0.0,1
UTILITY,Singed,Seraphine,0.0,1
UTILITY,Seraphine,Singed,1.0,1
TOP,Zoe,Olaf,1.0,1
TOP,Olaf,Zoe,0.0,1
TOP,TwistedFate,Zilean,1.0,1
TOP,Zilean,TwistedFate,0.0,1
TOP,Draven,Garen,0.0,1
TOP,Garen,Draven,1.0,1
MIDDLE,XinZhao,Pantheon,1.0,1
MIDDLE,Pantheon,XinZhao,0.0,1
MIDDLE,Gangplank,TwistedFate,0.5,2
MIDDLE,TwistedFate,Gangplank,0.5,2
TOP,Teemo,Sylas,0.6666666666666666,3
TOP,Sylas,Teemo,0.3333333333333333,3
MIDDLE,Karma,TwistedFate,0.3333333333333333,3
MIDDLE,TwistedFate,Karma,0.6666666666666666,3
UTILITY,Ashe,Milio,0.0,1
UTILITY,Milio,Ashe,1.0,1
MIDDLE,TwistedFate,Teemo,1.0,1
MIDDLE,Teemo,TwistedFate,0.0,1
TOP,Illaoi,Tryndamere,1.0,1
TOP,Tryndamere,Illaoi,0.0,1
UTILITY,Twitch,Nautilus,0.6666666666666666,3
UTILITY,Nautilus,Twitch,0.3333333333333333,3
UTILITY,Poppy,Malphite,0.0,1
UTILITY,Malphite,Poppy,1.0,1
JUNGLE,Malphite,Hecarim,0.0,3
JUNGLE,Hecarim,Malphite,0.6666666666666666,3
JUNGLE,MonkeyKing,Poppy,0.0,1
JUNGLE,Poppy,MonkeyKing,1.0,1
TOP,Nilah,Malphite,0.0,1
TOP,Malphite,Nilah,1.0,1
TOP,Ahri,Kassadin,0.0,1
TOP,Kassadin,Ahri,1.0,1
TOP,Udyr,Senna,0.0,1
TOP,Senna,Udyr,1.0,1
TOP,Sylas,Yasuo,0.0,2
TOP,Yasuo,Sylas,1.0,2
JUNGLE,Karthus,FiddleSticks,0.0,1
JUNGLE,FiddleSticks,Karthus,1.0,1
UTILITY,Neeko,RekSai,0.0,1
UTILITY,RekSai,Neeko,1.0,1
TOP,LeeSin,Anivia,0.5,2
TOP,Anivia,LeeSin,0.5,2
TOP,Garen,Swain,0.0,2
TOP,Swain,Garen,1.0,2
UTILITY,Galio,Brand,0.0,1
UTILITY,Brand,Galio,1.0,1
MIDDLE,Ornn,Cassiopeia,0.0,1
MIDDLE,Cassiopeia,Ornn,1.0,1
MIDDLE,TwistedFate,Sion,0.6666666666666666,3
MIDDLE,Sion,TwistedFate,0.3333333333333333,3
TOP,Vayne,Seraphine,1.0,2
TOP,Seraphine,Vayne,0.0,2
BOTTOM,Lux,Senna,0.5,10
BOTTOM,Senna,Lux,0.5,10
JUNGLE,Rammus,Qiyana,1.0,1
JUNGLE,Qiyana,Rammus,0.0,1
TOP,AurelionSol,Ambessa,1.0,1
TOP,Ambessa,AurelionSol,0.0,1
TOP,Gnar,Fizz,1.0,1
TOP,Fizz,Gnar,0.0,1
BOTTOM,Malzahar,Vladimir,1.0,1
BOTTOM,Vladimir,Malzahar,0.0,1
MIDDLE,Fizz,Kayle,0.5,2
MIDDLE,Kayle,Fizz,0.5,2
TOP,Fizz,Sion,0.5,2
TOP,Sion,Fizz,0.5,2
BOTTOM,Karthus,Yone,0.0,1
BOTTOM,Yone,Karthus,1.0,1
UTILITY,Zoe,Heimerdinger,1.0,1
UTILITY,Heimerdinger,Zoe,0.0,1
BOTTOM,Draven,Nunu,1.0,1
BOTTOM,Nunu,Draven,0.0,1
BOTTOM,Samira,Azir,0.0,1
BOTTOM,Azir,Samira,1.0,1
MIDDLE,Kennen,Syndra,0.0,1
MIDDLE,Syndra,Kennen,1.0,1
TOP,Shyvana,Anivia,0.0,1
TOP,Anivia,Shyvana,1.0,1
MIDDLE,Jax,Zoe,0.0,1
MIDDLE,Zoe,Jax,1.0,1
MIDDLE,Vayne,Kennen,1.0,1
MIDDLE,Kennen,Vayne,0.0,1
MIDDLE,Jax,Taliyah,0.5,2
MIDDLE,Taliyah,Jax,0.5,2
BOTTOM,AurelionSol,Annie,0.0,1
BOTTOM,Annie,AurelionSol,1.0,1
JUNGLE,Warwick,Shyvana,1.0,2
JUNGLE,Shyvana,Warwick,0.0,2
MIDDLE,Diana,Vayne,0.5,2
MIDDLE,Vayne,Diana,0.5,2
MIDDLE,Zyra,Jax,0.0,1
MIDDLE,Jax,Zyra,1.0,1
TOP,Zed,Karma,1.0,2
TOP,Karma,Zed,0.0,2
TOP,Fizz,Naafiri,0.0,1
TOP,Naafiri,Fizz,1.0,1
BOTTOM,Malzahar,Senna,0.0,1
BOTTOM,Senna,Malzahar,1.0,1
JUNGLE,Karthus,Gragas,0.0,1
JUNGLE,Gragas,Karthus,1.0,1
TOP,Malzahar,Yasuo,0.0,1
TOP,Yasuo,Malzahar,1.0,1
MIDDLE,Veigar,Jayce,0.0,1
MIDDLE,Jayce,Veigar,1.0,1
TOP,Vladimir,Lissandra,0.0,1
TOP,Lissandra,Vladimir,1.0,1
BOTTOM,Sylas,Lucian,1.0,1
BOTTOM,Lucian,Sylas,0.0,1
BOTTOM,Seraphine,Sion,0.0,1
BOTTOM,Sion,Seraphine,1.0,1
UTILITY,Lulu,MasterYi,0.0,1
UTILITY,MasterYi,Lulu,1.0,1
BOTTOM,Smolder,Qiyana,1.0,2
BOTTOM,Qiyana,Smolder,0.0,2
MIDDLE,Qiyana,Jax,0.2,5
MIDDLE,Jax,Qiyana,0.8,5
UTILITY,Riven,Hwei,1.0,1
UTILITY,Hwei,Riven,0.0,1
MIDDLE,Kaisa,Zed,0.0,1
MIDDLE,Zed,Kaisa,1.0,1
TOP,DrMundo,Trundle,1.0,1
TOP,Trundle,DrMundo,0.0,1
UTILITY,Neeko,Galio,0.0,4
UTILITY,Galio,Neeko,1.0,4
BOTTOM,Yunara,TwistedFate,1.0,1
BOTTOM,TwistedFate,Yunara,0.0,1
TOP,Ivern,Varus,1.0,2
TOP,Varus,Ivern,0.0,2
MIDDLE,Renekton,Annie,1.0,1
MIDDLE,Annie,Renekton,0.0,1
BOTTOM,Tristana,Zed,0.0,1
BOTTOM,Zed,Tristana,1.0,1
JUNGLE,Shen,Ivern,0.0,1
JUNGLE,Ivern,Shen,1.0,1
MIDDLE,Azir,Sivir,0.0,1
MIDDLE,Sivir,Azir,1.0,1
TOP,Irelia,AurelionSol,1.0,1
TOP,AurelionSol,Irelia,0.0,1
UTILITY,Morgana,Camille,0.5,2
UTILITY,Camille,Morgana,0.5,2
BOTTOM,Riven,Corki,0.0,1
BOTTOM,Corki,Riven,1.0,1
MIDDLE,Tristana,Malzahar,0.0,1
MIDDLE,Malzahar,Tristana,1.0,1
TOP,Anivia,Lux,0.0,1
TOP,Lux,Anivia,1.0,1
TOP,Leblanc,Naafiri,1.0,1
TOP,Naafiri,Leblanc,0.0,1
BOTTOM,Zyra,MissFortune,0.5,2
BOTTOM,MissFortune,Zyra,0.5,2
UTILITY,Rell,FiddleSticks,0.0,2
UTILITY,FiddleSticks,Rell,1.0,2
BOTTOM,Fiora,Kalista,0.3333333333333333,6
BOTTOM,Kalista,Fiora,0.6666666666666666,6
JUNGLE,MasterYi,Warwick,0.6666666666666666,3
JUNGLE,Warwick,MasterYi,0.3333333333333333,3
MIDDLE,XinZhao,Fizz,0.5,2
MIDDLE,Fizz,XinZhao,0.5,2
TOP,Singed,Smolder,1.0,1
TOP,Smolder,Singed,0.0,1
UTILITY,Camille,Shen,1.0,1
UTILITY,Shen,Camille,0.0,1
TOP,TwistedFate,Vi,1.0,2
TOP,Vi,TwistedFate,0.0,2
TOP,Yorick,XinZhao,0.6666666666666666,3
TOP,XinZhao,Yorick,0.3333333333333333,3
TOP,Urgot,Karma,0.0,1
TOP,Karma,Urgot,1.0,1
MIDDLE,Diana,Gnar,1.0,1
MIDDLE,Gnar,Diana,0.0,1
MIDDLE,Tryndamere,Lux,0.0,2
MIDDLE,Lux,Tryndamere,1.0,2
TOP,XinZhao,TwistedFate,1.0,2
TOP,TwistedFate,XinZhao,0.0,2
TOP,Akshan,Yone,1.0,1
TOP,Yone,Akshan,0.0,1
UTILITY,Zac,Janna,0.0,1
UTILITY,Janna,Zac,1.0,1
TOP,Swain,Chogath,1.0,1
TOP,Chogath,Swain,0.0,1
TOP,Quinn,Zoe,1.0,2
TOP,Zoe,Quinn,0.0,2
MIDDLE,Ziggs,Lux,1.0,1
MIDDLE,Lux,Ziggs,0.0,1
JUNGLE,Nocturne,Soraka,1.0,1
JUNGLE,Soraka,Nocturne,0.0,1
UTILITY,Xerath,JarvanIV,0.0,1
UTILITY,JarvanIV,Xerath,1.0,1
MIDDLE,Zilean,Galio,0.0,2
MIDDLE,Galio,Zilean,1.0,2
TOP,Irelia,Annie,0.5,2
TOP,Annie,Irelia,0.5,2
MIDDLE,Ekko,Viego,1.0,1
MIDDLE,Viego,Ekko,0.0,1
TOP,Fizz,Varus,1.0,3
TOP,Varus,Fizz,0.0,3
BOTTOM,Akshan,Ekko,1.0,1
BOTTOM,Ekko,Akshan,0.0,1
TOP,Annie,Yone,1.0,1
TOP,Yone,Annie,0.0,1
JUNGLE,Nocturne,Rumble,0.5,2
JUNGLE,Rumble,Nocturne,0.5,2
JUNGLE,Ivern,FiddleSticks,1.0,1
JUNGLE,FiddleSticks,Ivern,0.0,1
MIDDLE,Jayce,Chogath,0.0,1
MIDDLE,Chogath,Jayce,1.0,1
TOP,Poppy,TahmKench,1.0,1
TOP,TahmKench,Poppy,0.0,1
JUNGLE,Rammus,Nunu,1.0,2
JUNGLE,Nunu,Rammus,0.0,2
UTILITY,Soraka,Ornn,1.0,1
UTILITY,Ornn,Soraka,0.0,1
UTILITY,MasterYi,Nautilus,1.0,1
UTILITY,Nautilus,MasterYi,0.0,1
TOP,Jayce,Viktor,0.0,1
TOP,Viktor,Jayce,1.0,1
TOP,Annie,Shen,0.0,1
TOP,Shen,Annie,1.0,1
TOP,Zac,Irelia,0.0,1
TOP,Irelia,Zac,1.0,1
JUNGLE,Karthus,Darius,1.0,1
JUNGLE,Darius,Karthus,0.0,1
BOTTOM,Annie,Sivir,0.0,3
BOTTOM,Sivir,Annie,1.0,3
JUNGLE,Teemo,Naafiri,0.0,2
JUNGLE,Naafiri,Teemo,1.0,2
TOP,Sylas,Shyvana,1.0,1
TOP,Shyvana,Sylas,0.0,1
BOTTOM,Qiyana,Mel,0.0,1
BOTTOM,Mel,Qiyana,1.0,1
JUNGLE,Sylas,Zyra,0.6666666666666666,3
JUNGLE,Zyra,Sylas,0.3333333333333333,3
UTILITY,Leblanc,Galio,0.0,1
UTILITY,Galio,Leblanc,1.0,1
BOTTOM,Karthus,Qiyana,0.0,1
BOTTOM,Qiyana,Karthus,1.0,1
UTILITY,Leona,Ashe,0.0,2
UTILITY,Ashe,Leona,1.0,2
TOP,Elise,Gangplank,0.0,2
TOP,Gangplank,Elise,1.0,2
JUNGLE,Belveth,Darius,1.0,1
JUNGLE,Darius,Belveth,0.0,1
UTILITY,Soraka,Jax,0.0,1
UTILITY,Jax,Soraka,1.0,1
BOTTOM,Brand,Galio,0.0,1
BOTTOM,Galio,Brand,1.0,1
BOTTOM,XinZhao,Caitlyn,0.0,1
BOTTOM,Caitlyn,XinZhao,1.0,1
UTILITY,Rell,Ezreal,0.0,1
UTILITY,Ezreal,Rell,1.0,1
TOP,Vladimir,Qiyana,0.3333333333333333,3
TOP,Qiyana,Vladimir,0.6666666666666666,3
MIDDLE,Karthus,Nasus,0.0,1
MIDDLE,Nasus,Karthus,1.0,1
BOTTOM,MissFortune,Ziggs,0.0,2
BOTTOM,Ziggs,MissFortune,1.0,2
UTILITY,Rell,Shen,0.3333333333333333,3
UTILITY,Shen,Rell,0.6666666666666666,3
MIDDLE,Leblanc,DrMundo,1.0,1
MIDDLE,DrMundo,Leblanc,0.0,1
TOP,Jax,Viktor,1.0,2
TOP,Viktor,Jax,0.0,2
UTILITY,Lulu,Nunu,1.0,2
UTILITY,Nunu,Lulu,0.0,2
MIDDLE,Tristana,Jax,0.0,1
MIDDLE,Jax,Tristana,1.0,1
TOP,Ornn,Lux,0.0,1
TOP,Lux,Ornn,1.0,1
MIDDLE,Xerath,Heimerdinger,1.0,1
MIDDLE,Heimerdinger,Xerath,0.0,1
BOTTOM,Samira,LeeSin,1.0,1
BOTTOM,LeeSin,Samira,0.0,1
MIDDLE,Teemo,Sylas,1.0,1
MIDDLE,Sylas,Teemo,0.0,1
UTILITY,Nautilus,Ezreal,1.0,1
UTILITY,Ezreal,Nautilus,0.0,1
BOTTOM,Karthus,Soraka,0.0,1
BOTTOM,Soraka,Karthus,1.0,1
MIDDLE,Sylas,Nocturne,0.0,1
MIDDLE,Nocturne,Sylas,1.0,1
JUNGLE,Chogath,Skarner,0.0,1
JUNGLE,Skarner,Chogath,1.0,1
TOP,Tristana,Kayle,1.0,1
TOP,Kayle,Tristana,0.0,1
BOTTOM,Aphelios,Annie,0.0,3
BOTTOM,Annie,Aphelios,1.0,3
BOTTOM,Karthus,Fiora,0.0,2
BOTTOM,Fiora,Karthus,1.0,2
MIDDLE,Olaf,Kassadin,0.0,1
MIDDLE,Kassadin,Olaf,1.0,1
BOTTOM,Annie,Zeri,0.5,2
BOTTOM,Zeri,Annie,0.5,2
BOTTOM,Lux,Nilah,0.0,1
BOTTOM,Nilah,Lux,1.0,1
BOTTOM,Twitch,Heimerdinger,0.0,1
BOTTOM,Heimerdinger,Twitch,1.0,1
TOP,Rumble,KogMaw,0.5,2
TOP,KogMaw,Rumble,0.5,2
MIDDLE,Naafiri,XinZhao,1.0,1
MIDDLE,XinZhao,Naafiri,0.0,1
BOTTOM,Heimerdinger,Jinx,1.0,3
BOTTOM,Jinx,Heimerdinger,0.0,3
TOP,KogMaw,DrMundo,1.0,3
TOP,DrMundo,KogMaw,0.0,3
BOTTOM,Sylas,Swain,0.0,1
BOTTOM,Swain,Sylas,1.0,1
UTILITY,Veigar,Senna,0.0,1
UTILITY,Senna,Veigar,1.0,1
TOP,Anivia,Rammus,1.0,1
TOP,Rammus,Anivia,0.0,1
MIDDLE,Fizz,Veigar,0.0,1
MIDDLE,Veigar,Fizz,1.0,1
UTILITY,Zac,Trundle,0.0,1
UTILITY,Trundle,Zac,1.0,1
MIDDLE,Ambessa,Hwei,1.0,1
MIDDLE,Hwei,Ambessa,0.0,1
TOP,Naafiri,Zed,1.0,1
TOP,Zed,Naafiri,0.0,1
JUNGLE,Warwick,RekSai,1.0,2
JUNGLE,RekSai,Warwick,0.0,2
JUNGLE,Zac,Rumble,0.0,1
JUNGLE,Rumble,Zac,1.0,1
MIDDLE,Pantheon,TwistedFate,0.5,2
MIDDLE,TwistedFate,Pantheon,0.5,2
JUNGLE,Shaco,Sion,0.0,1
JUNGLE,Sion,Shaco,1.0,1
UTILITY,Senna,Ornn,1.0,1
UTILITY,Ornn,Senna,0.0,1
JUNGLE,Rumble,Khazix,0.0,2
JUNGLE,Khazix,Rumble,1.0,2
BOTTOM,Neeko,Caitlyn,1.0,1
BOTTOM,Caitlyn,Neeko,0.0,1
BOTTOM,Viktor,Brand,0.0,1
BOTTOM,Brand,Viktor,1.0,1
UTILITY,Leona,Teemo,0.0,1
UTILITY,Teemo,Leona,1.0,1
MIDDLE,Lucian,Pantheon,0.0,1
MIDDLE,Pantheon,Lucian,1.0,1
BOTTOM,Lux,Zeri,0.6666666666666666,3
BOTTOM,Zeri,Lux,0.3333333333333333,3
UTILITY,Zyra,Ornn,0.0,1
UTILITY,Ornn,Zyra,1.0,1
MIDDLE,Rumble,Singed,0.0,1
MIDDLE,Singed,Rumble,1.0,1
JUNGLE,Shyvana,Sion,0.0,1
JUNGLE,Sion,Shyvana,1.0,1
TOP,Ornn,Warwick,1.0,2
TOP,Warwick,Ornn,0.0,2
MIDDLE,Galio,Ornn,1.0,1
MIDDLE,Ornn,Galio,0.0,1
TOP,Rumble,Karthus,1.0,1
TOP,Karthus,Rumble,0.0,1
TOP,Varus,Nunu,0.5,2
TOP,Nunu,Varus,0.5,2
TOP,Sejuani,Yorick,1.0,1
TOP,Yorick,Sejuani,0.0,1
BOTTOM,Katarina,Zeri,0.5,2
BOTTOM,Zeri,Katarina,0.5,2
BOTTOM,Ekko,Ashe,1.0,1
BOTTOM,Ashe,Ekko,0.0,1
JUNGLE,Ekko,Amumu,0.0,1
JUNGLE,Amumu,Ekko,1.0,1
MIDDLE,AurelionSol,Rumble,1.0,1
MIDDLE,Rumble,AurelionSol,0.0,1
JUNGLE,Poppy,Elise,1.0,1
JUNGLE,Elise,Poppy,0.0,1
MIDDLE,Leblanc,Pantheon,0.0,1
MIDDLE,Pantheon,Leblanc,1.0,1
UTILITY,Kalista,Nami,0.0,1
UTILITY,Nami,Kalista,1.0,1
TOP,Quinn,Nasus,1.0,3
TOP,Nasus,Quinn,0.0,3
BOTTOM,Tristana,Vladimir,0.6,5
BOTTOM,Vladimir,Tristana,0.4,5
TOP,Urgot,Lucian,0.0,1
TOP,Lucian,Urgot,1.0,1
UTILITY,Cassiopeia,Neeko,0.0,1
UTILITY,Neeko,Cassiopeia,1.0,1
MIDDLE,Galio,Kayle,0.5,2
MIDDLE,Kayle,Galio,0.5,2
MIDDLE,Ezreal,Nunu,0.0,1
MIDDLE,Nunu,Ezreal,1.0,1
BOTTOM,Cassiopeia,Ziggs,1.0,1
BOTTOM,Ziggs,Cassiopeia,0.0,1
BOTTOM,Zoe,Senna,0.5,2
BOTTOM,Senna,Zoe,0.5,2
UTILITY,Ezreal,Soraka,1.0,1
UTILITY,Soraka,Ezreal,0.0,1
TOP,Veigar,Olaf,1.0,1
TOP,Olaf,Veigar,0.0,1
JUNGLE,Gnar,Diana,1.0,1
JUNGLE,Diana,Gnar,0.0,1
UTILITY,Galio,Sylas,1.0,2
UTILITY,Sylas,Galio,0.0,2
TOP,TwistedFate,Mel,0.0,2
TOP,Mel,TwistedFate,1.0,2
BOTTOM,Varus,Malzahar,0.0,2
BOTTOM,Malzahar,Varus,1.0,2
UTILITY,Senna,FiddleSticks,0.5,2
UTILITY,FiddleSticks,Senna,0.5,2
JUNGLE,RekSai,Poppy,0.0,1
JUNGLE,Poppy,RekSai,1.0,1
BOTTOM,Kalista,Fizz,1.0,1
BOTTOM,Fizz,Kalista,0.0,1
BOTTOM,Qiyana,Katarina,0.0,1
BOTTOM,Katarina,Qiyana,1.0,1
MIDDLE,Olaf,Leblanc,0.0,1
MIDDLE,Leblanc,Olaf,1.0,1
MIDDLE,Rumble,Viego,1.0,1
MIDDLE,Viego,Rumble,0.0,1
TOP,Shen,Maokai,1.0,2
TOP,Maokai,Shen,0.0,2
BOTTOM,Heimerdinger,Mel,0.0,2
BOTTOM,Mel,Heimerdinger,1.0,2
TOP,Maokai,Kalista,1.0,1
TOP,Kalista,Maokai,0.0,1
TOP,Quinn,Tristana,0.0,1
TOP,Tristana,Quinn,1.0,1
JUNGLE,Riven,XinZhao,0.5,2
JUNGLE,XinZhao,Riven,0.5,2
TOP,XinZhao,Karthus,1.0,1
TOP,Karthus,XinZhao,0.0,1
MIDDLE,Zoe,Yorick,0.0,1
MIDDLE,Yorick,Zoe,1.0,1
BOTTOM,Anivia,Veigar,0.0,1
BOTTOM,Veigar,Anivia,1.0,1
BOTTOM,Gragas,Smolder,0.0,1
BOTTOM,Smolder,Gragas,1.0,1
TOP,Maokai,Rumble,0.5,2
TOP,Rumble,Maokai,0.5,2
UTILITY,JarvanIV,Milio,1.0,1
UTILITY,Milio,JarvanIV,0.0,1
TOP,Zeri,Gwen,0.0,1
TOP,Gwen,Zeri,1.0,1
BOTTOM,Pantheon,Varus,1.0,1
BOTTOM,Varus,Pantheon,0.0,1
MIDDLE,KSante,Cassiopeia,0.0,1
MIDDLE,Cassiopeia,KSante,1.0,1
MIDDLE,AurelionSol,Riven,0.3333333333333333,3
MIDDLE,Riven,AurelionSol,0.6666666666666666,3
TOP,Malzahar,Olaf,0.0,3
TOP,Olaf,Malzahar,1.0,3
BOTTOM,Vladimir,Fiora,1.0,1
BOTTOM,Fiora,Vladimir,0.0,1
BOTTOM,Swain,Riven,1.0,1
BOTTOM,Riven,Swain,0.0,1
BOTTOM,Ahri,Seraphine,0.0,1
BOTTOM,Seraphine,Ahri,1.0,1
UTILITY,TwistedFate,Brand,0.0,1
UTILITY,Brand,TwistedFate,1.0,1
MIDDLE,Rumble,Cassiopeia,0.4,5
MIDDLE,Cassiopeia,Rumble,0.6,5
JUNGLE,Gragas,Khazix,0.3333333333333333,3
JUNGLE,Khazix,Gragas,0.6666666666666666,3
MIDDLE,Gwen,Ezreal,0.0,1
MIDDLE,Ezreal,Gwen,1.0,1
BOTTOM,Aurora,Sivir,1.0,1
BOTTOM,Sivir,Aurora,0.0,1
MIDDLE,Kalista,Katarina,1.0,2
MIDDLE,Katarina,Kalista,0.0,2
TOP,Illaoi,Zoe,1.0,1
TOP,Zoe,Illaoi,0.0,1
UTILITY,Ornn,Neeko,0.0,1
UTILITY,Neeko,Ornn,1.0,1
MIDDLE,Darius,TwistedFate,0.0,1
MIDDLE,TwistedFate,Darius,1.0,1
BOTTOM,Vayne,Ziggs,1.0,1
BOTTOM,Ziggs,Vayne,0.0,1
TOP,TwistedFate,Heimerdinger,1.0,2
TOP,Heimerdinger,TwistedFate,0.0,2
UTILITY,Renata,Sylas,1.0,2
UTILITY,Sylas,Renata,0.0,2
JUNGLE,Quinn,Ekko,0.6666666666666666,3
JUNGLE,Ekko,Quinn,0.3333333333333333,3
UTILITY,Rammus,Braum,1.0,1
UTILITY,Braum,Rammus,0.0,1
BOTTOM,Lux,Ekko,0.0,2
BOTTOM,Ekko,Lux,1.0,2
TOP,KSante,Ryze,0.6666666666666666,3
TOP,Ryze,KSante,0.3333333333333333,3
TOP,Yorick,Taliyah,1.0,1
TOP,Taliyah,Yorick,0.0,1
MIDDLE,Viego,Sylas,1.0,1
MIDDLE,Sylas,Viego,0.0,1
MIDDLE,Brand,Vayne,1.0,1
MIDDLE,Vayne,Brand,0.0,1
MIDDLE,Sion,Vi,0.0,1
MIDDLE,Vi,Sion,1.0,1
TOP,Ambessa,Morgana,0.0,1
TOP,Morgana,Ambessa,1.0,1
TOP,Rammus,Akali,0.0,1
TOP,Akali,Rammus,1.0,1
MIDDLE,Zac,Fizz,0.0,1
MIDDLE,Fizz,Zac,1.0,1
TOP,Cassiopeia,Poppy,1.0,1
TOP,Poppy,Cassiopeia,0.0,1
TOP,Xerath,DrMundo,1.0,1
TOP,DrMundo,Xerath,0.0,1
BOTTOM,Morgana,Ekko,1.0,1
BOTTOM,Ekko,Morgana,0.0,1
TOP,Varus,Corki,1.0,1
TOP,Corki,Varus,0.0,1
TOP,Vladimir,KogMaw,0.5,2
TOP,KogMaw,Vladimir,0.5,2
MIDDLE,Nasus,Viego,0.0,1
MIDDLE,Viego,Nasus,1.0,1
UTILITY,Pantheon,Veigar,0.5,2
UTILITY,Veigar,Pantheon,0.5,2
BOTTOM,Zeri,Neeko,1.0,1
BOTTOM,Neeko,Zeri,0.0,1
MIDDLE,Gragas,TwistedFate,1.0,1
MIDDLE,TwistedFate,Gragas,0.0,1
UTILITY,MissFortune,Nautilus,0.5,2
UTILITY,Nautilus,MissFortune,0.5,2
BOTTOM,Jhin,LeeSin,1.0,1
BOTTOM,LeeSin,Jhin,0.0,1
JUNGLE,Quinn,Kindred,0.5,4
JUNGLE,Kindred,Quinn,0.5,4
TOP,Nidalee,Quinn,0.0,1
TOP,Quinn,Nidalee,1.0,1
TOP,Nasus,Urgot,0.0,1
TOP,Urgot,Nasus,1.0,1
TOP,Velkoz,XinZhao,0.0,1
TOP,XinZhao,Velkoz,1.0,1
TOP,Zyra,Viktor,0.0,1
TOP,Viktor,Zyra,1.0,1
MIDDLE,Nunu,Jayce,0.0,2
MIDDLE,Jayce,Nunu,1.0,2
TOP,Katarina,Cassiopeia,0.0,1
TOP,Cassiopeia,Katarina,1.0,1
MIDDLE,Vladimir,Rumble,0.3333333333333333,3
MIDDLE,Rumble,Vladimir,0.6666666666666666,3
MIDDLE,Smolder,Singed,1.0,1
MIDDLE,Singed,Smolder,0.0,1
MIDDLE,Anivia,Gangplank,1.0,1
MIDDLE,Gangplank,Anivia,0.0,1
TOP,Pantheon,FiddleSticks,1.0,1
TOP,FiddleSticks,Pantheon,0.0,1
TOP,Zeri,Cassiopeia,1.0,1
TOP,Cassiopeia,Zeri,0.0,1
JUNGLE,Sylas,Gragas,0.0,2
JUNGLE,Gragas,Sylas,1.0,2
TOP,LeeSin,Sylas,0.0,1
TOP,Sylas,LeeSin,1.0,1
JUNGLE,Karthus,AurelionSol,0.0,1
JUNGLE,AurelionSol,Karthus,1.0,1
BOTTOM,Zoe,Vladimir,0.0,1
BOTTOM,Vladimir,Zoe,1.0,1
JUNGLE,MonkeyKing,Nilah,1.0,1
JUNGLE,Nilah,MonkeyKing,0.0,1
JUNGLE,Diana,Vayne,0.0,1
JUNGLE,Vayne,Diana,1.0,1
BOTTOM,Jhin,Pyke,0.0,1
BOTTOM,Pyke,Jhin,1.0,1
JUNGLE,Zyra,Quinn,0.6666666666666666,3
JUNGLE,Quinn,Zyra,0.3333333333333333,3
TOP,Malphite,Illaoi,0.0,1
TOP,Illaoi,Malphite,1.0,1
TOP,KSante,Maokai,0.0,2
TOP,Maokai,KSante,1.0,2
TOP,Kayn,Yasuo,0.0,2
TOP,Yasuo,Kayn,1.0,2
TOP,Gwen,Volibear,0.0,1
TOP,Volibear,Gwen,1.0,1
JUNGLE,Kayn,Gwen,0.0,2
JUNGLE,Gwen,Kayn,1.0,2
JUNGLE,Belveth,Quinn,0.5,2
JUNGLE,Quinn,Belveth,0.5,2
MIDDLE,Vex,Ornn,1.0,1
MIDDLE,Ornn,Vex,0.0,1
JUNGLE,Darius,Riven,1.0,1
JUNGLE,Riven,Darius,0.0,1
MIDDLE,Jax,Chogath,1.0,1
MIDDLE,Chogath,Jax,0.0,1
BOTTOM,Velkoz,Zoe,0.0,1
BOTTOM,Zoe,Velkoz,1.0,1
MIDDLE,Kayle,Jayce,0.0,1
MIDDLE,Jayce,Kayle,1.0,1
UTILITY,Taric,Maokai,1.0,1
UTILITY,Maokai,Taric,0.0,1
BOTTOM,Hwei,Annie,0.5,2
BOTTOM,Annie,Hwei,0.5,2
JUNGLE,Gwen,Briar,0.5,2
JUNGLE,Briar,Gwen,0.5,2
TOP,Trundle,Gangplank,1.0,2
TOP,Gangplank,Trundle,0.0,2
MIDDLE,Ziggs,Irelia,0.0,1
MIDDLE,Irelia,Ziggs,1.0,1
JUNGLE,Jax,Pantheon,1.0,1
JUNGLE,Pantheon,Jax,0.0,1
JUNGLE,Zyra,Amumu,1.0,1
JUNGLE,Amumu,Zyra,0.0,1
MIDDLE,Kennen,Sion,1.0,1
MIDDLE,Sion,Kennen,0.0,1
MIDDLE,Karma,Viego,0.0,1
MIDDLE,Viego,Karma,1.0,1
TOP,Syndra,XinZhao,0.0,1
TOP,XinZhao,Syndra,1.0,1
MIDDLE,Syndra,MissFortune,1.0,1
MIDDLE,MissFortune,Syndra,0.0,1
TOP,Rengar,Olaf,0.0,1
TOP,Olaf,Rengar,1.0,1
UTILITY,Vex,Zilean,0.5,2
UTILITY,Zilean,Vex,0.5,2
TOP,Shyvana,Yasuo,1.0,1
TOP,Yasuo,Shyvana,0.0,1
BOTTOM,Xerath,Corki,1.0,1
BOTTOM,Corki,Xerath,0.0,1
TOP,Ambessa,Ezreal,1.0,1
TOP,Ezreal,Ambessa,0.0,1
BOTTOM,Jhin,Ahri,1.0,2
BOTTOM,Ahri,Jhin,0.0,2
JUNGLE,Gnar,MonkeyKing,1.0,1
JUNGLE,MonkeyKing,Gnar,0.0,1
MIDDLE,Kalista,Hwei,0.0,1
MIDDLE,Hwei,Kalista,1.0,1
MIDDLE,Vladimir,Mordekaiser,1.0,1
MIDDLE,Mordekaiser,Vladimir,0.0,1
BOTTOM,Hwei,Akali,1.0,1
BOTTOM,Akali,Hwei,0.0,1
TOP,Kaisa,Olaf,0.0,1
TOP,Olaf,Kaisa,1.0,1
TOP,Varus,Vex,0.0,1
TOP,Vex,Varus,1.0,1
BOTTOM,Morgana,Caitlyn,0.0,1
BOTTOM,Caitlyn,Morgana,1.0,1
BOTTOM,Ezreal,MasterYi,1.0,3
BOTTOM,MasterYi,Ezreal,0.0,3
TOP,Katarina,Akali,0.5,2
TOP,Akali,Katarina,0.5,2
TOP,Evelynn,Ambessa,0.0,1
TOP,Ambessa,Evelynn,1.0,1
MIDDLE,KogMaw,Xerath,0.0,2
MIDDLE,Xerath,KogMaw,1.0,2
UTILITY,Nautilus,Fiora,0.0,2
UTILITY,Fiora,Nautilus,1.0,2
TOP,TahmKench,Olaf,1.0,1
TOP,Olaf,TahmKench,0.0,1
MIDDLE,Pantheon,Ryze,0.6666666666666666,3
MIDDLE,Ryze,Pantheon,0.3333333333333333,3
UTILITY,TahmKench,Camille,1.0,2
UTILITY,Camille,TahmKench,0.0,2
UTILITY,Senna,Ekko,0.0,2
UTILITY,Ekko,Senna,1.0,2
MIDDLE,Rumble,Vayne,0.0,1
MIDDLE,Vayne,Rumble,1.0,1
TOP,FiddleSticks,Yone,1.0,1
TOP,Yone,FiddleSticks,0.0,1
BOTTOM,Katarina,Veigar,1.0,1
BOTTOM,Veigar,Katarina,0.0,1
MIDDLE,Jayce,Heimerdinger,0.0,1
MIDDLE,Heimerdinger,Jayce,1.0,1
UTILITY,Shen,Twitch,0.0,1
UTILITY,Twitch,Shen,1.0,1
TOP,Briar,Anivia,0.0,1
TOP,Anivia,Briar,1.0,1
TOP,Volibear,Quinn,0.0,1
TOP,Quinn,Volibear,1.0,1
MIDDLE,Ekko,Heimerdinger,0.0,1
MIDDLE,Heimerdinger,Ekko,1.0,1
TOP,Briar,Olaf,0.0,1
TOP,Olaf,Briar,1.0,1
BOTTOM,Lux,Aurora,0.5,2
BOTTOM,Aurora,Lux,0.5,2
MIDDLE,Akshan,Pantheon,1.0,1
MIDDLE,Pantheon,Akshan,0.0,1
BOTTOM,Twitch,Xerath,1.0,1
BOTTOM,Xerath,Twitch,0.0,1
BOTTOM,Fiora,Brand,1.0,2
BOTTOM,Brand,Fiora,0.0,2
UTILITY,Velkoz,Hwei,1.0,1
UTILITY,Hwei,Velkoz,0.0,1
BOTTOM,Brand,Katarina,0.0,1
BOTTOM,Katarina,Brand,1.0,1
JUNGLE,Poppy,Kayn,0.0,2
JUNGLE,Kayn,Poppy,1.0,2
JUNGLE,Nocturne,Twitch,1.0,1
JUNGLE,Twitch,Nocturne,0.0,1
MIDDLE,Fizz,Kalista,0.6666666666666666,3
MIDDLE,Kalista,Fizz,0.3333333333333333,3
MIDDLE,Olaf,Pantheon,0.0,1
MIDDLE,Pantheon,Olaf,1.0,1
TOP,Chogath,XinZhao,0.0,1
TOP,XinZhao,Chogath,1.0,1
JUNGLE,Diana,Quinn,0.8,5
JUNGLE,Quinn,Diana,0.2,5
JUNGLE,Nasus,Udyr,0.5,4
JUNGLE,Udyr,Nasus,0.5,4
BOTTOM,Katarina,Riven,1.0,1
BOTTOM,Riven,Katarina,0.0,1
JUNGLE,Jayce,Nasus,0.0,1
JUNGLE,Nasus,Jayce,1.0,1
TOP,Riven,Zoe,0.75,4
TOP,Zoe,Riven,0.25,4
MIDDLE,Galio,Jayce,0.6666666666666666,6
MIDDLE,Jayce,Galio,0.3333333333333333,6
TOP,KSante,Lux,0.0,1
TOP,Lux,KSante,1.0,1
TOP,Karma,Mordekaiser,1.0,1
TOP,Mordekaiser,Karma,0.0,1
TOP,Tryndamere,Kayle,1.0,1
TOP,Kayle,Tryndamere,0.0,1
TOP,Zoe,Renekton,0.5,2
TOP,Renekton,Zoe,0.5,2
MIDDLE,Gangplank,Neeko,1.0,1
MIDDLE,Neeko,Gangplank,0.0,1
UTILITY,Ornn,Pyke,1.0,1
UTILITY,Pyke,Ornn,0.0,1
BOTTOM,Fiora,Varus,0.5,4
BOTTOM,Varus,Fiora,0.5,4
TOP,Fizz,Gangplank,0.0,1
TOP,Gangplank,Fizz,1.0,1
TOP,Nautilus,Qiyana,0.0,1
TOP,Qiyana,Nautilus,1.0,1
TOP,Karma,DrMundo,0.3333333333333333,3
TOP,DrMundo,Karma,0.6666666666666666,3
TOP,Volibear,Zed,1.0,1
TOP,Zed,Volibear,0.0,1
TOP,Naafiri,Teemo,1.0,1
TOP,Teemo,Naafiri,0.0,1
TOP,Zyra,Zilean,0.0,1
TOP,Zilean,Zyra,1.0,1
JUNGLE,Neeko,Belveth,0.5,2
JUNGLE,Belveth,Neeko,0.5,2
UTILITY,Qiyana,Lux,0.0,1
UTILITY,Lux,Qiyana,1.0,1
BOTTOM,Talon,Qiyana,1.0,1
BOTTOM,Qiyana,Talon,0.0,1
BOTTOM,LeeSin,Varus,1.0,1
BOTTOM,Varus,LeeSin,0.0,1
TOP,Annie,Akali,1.0,1
TOP,Akali,Annie,0.0,1
MIDDLE,Kayle,Gragas,0.0,1
MIDDLE,Gragas,Kayle,1.0,1
MIDDLE,Irelia,Garen,0.0,1
MIDDLE,Garen,Irelia,1.0,1
TOP,Kennen,RekSai,1.0,1
TOP,RekSai,Kennen,0.0,1
BOTTOM,Jhin,Cassiopeia,0.25,4
BOTTOM,Cassiopeia,Jhin,0.75,4
TOP,Nasus,Yone,0.3333333333333333,3
TOP,Yone,Nasus,0.6666666666666666,3
TOP,XinZhao,Illaoi,0.0,1
TOP,Illaoi,XinZhao,1.0,1
MIDDLE,Camille,Katarina,1.0,1
MIDDLE,Katarina,Camille,0.0,1
TOP,Urgot,Chogath,0.5,2
TOP,Chogath,Urgot,0.5,2
MIDDLE,Akshan,Kayle,1.0,1
MIDDLE,Kayle,Akshan,0.0,1
TOP,Sylas,Ryze,1.0,2
TOP,Ryze,Sylas,0.0,2
TOP,Karma,Milio,0.0,1
TOP,Milio,Karma,1.0,1
BOTTOM,Rengar,KogMaw,1.0,1
BOTTOM,KogMaw,Rengar,0.0,1
MIDDLE,Illaoi,Sylas,0.5,2
MIDDLE,Sylas,Illaoi,0.5,2
TOP,Viego,RekSai,0.0,1
TOP,RekSai,Viego,1.0,1
BOTTOM,Aphelios,Naafiri,1.0,1
BOTTOM,Naafiri,Aphelios,0.0,1
TOP,Teemo,Vladimir,0.5,4
TOP,Vladimir,Teemo,0.5,4
TOP,Kalista,Jax,0.3333333333333333,3
TOP,Jax,Kalista,0.6666666666666666,3
BOTTOM,Ziggs,Talon,0.0,1
BOTTOM,Talon,Ziggs,1.0,1
BOTTOM,Swain,Zed,1.0,1
BOTTOM,Zed,Swain,0.0,1
TOP,Ambessa,Udyr,1.0,1
TOP,Udyr,Ambessa,0.0,1
TOP,Nunu,MasterYi,1.0,1
TOP,MasterYi,Nunu,0.0,1
UTILITY,Renata,Ekko,1.0,1
UTILITY,Ekko,Renata,0.0,1
MIDDLE,Heimerdinger,Galio,0.0,1
MIDDLE,Galio,Heimerdinger,1.0,1
TOP,Gnar,Sejuani,0.0,1
TOP,Sejuani,Gnar,1.0,1
TOP,Ryze,Sett,1.0,1
TOP,Sett,Ryze,0.0,1
TOP,Yone,Jhin,0.0,1
TOP,Jhin,Yone,1.0,1
UTILITY,Shaco,Lux,0.0,1
UTILITY,Lux,Shaco,1.0,1
JUNGLE,Riven,Quinn,1.0,1
JUNGLE,Quinn,Riven,0.0,1
UTILITY,Rakan,JarvanIV,1.0,1
UTILITY,JarvanIV,Rakan,0.0,1
UTILITY,Pantheon,Renata,0.6666666666666666,3
UTILITY,Renata,Pantheon,0.3333333333333333,3
MIDDLE,Ambessa,Lux,1.0,1
MIDDLE,Lux,Ambessa,0.0,1
TOP,TwistedFate,Tryndamere,1.0,1
TOP,Tryndamere,TwistedFate,0.0,1
TOP,Talon,Teemo,1.0,1
TOP,Teemo,Talon,0.0,1
UTILITY,Zyra,Pyke,0.0,2
UTILITY,Pyke,Zyra,1.0,2
UTILITY,Lulu,Ornn,0.3333333333333333,3
UTILITY,Ornn,Lulu,0.6666666666666666,3
UTILITY,Pyke,Galio,0.5,4
UTILITY,Galio,Pyke,0.5,4
MIDDLE,Diana,Veigar,1.0,1
MIDDLE,Veigar,Diana,0.0,1
TOP,Teemo,Kassadin,1.0,1
TOP,Kassadin,Teemo,0.0,1
MIDDLE,Vi,Pantheon,0.0,1
MIDDLE,Pantheon,Vi,1.0,1
TOP,Aurora,Malzahar,1.0,1
TOP,Malzahar,Aurora,0.0,1
BOTTOM,Olaf,Draven,0.0,1
BOTTOM,Draven,Olaf,1.0,1
MIDDLE,Akshan,Neeko,0.5,2
MIDDLE,Neeko,Akshan,0.5,2
MIDDLE,Seraphine,Brand,0.0,1
MIDDLE,Brand,Seraphine,1.0,1
TOP,Trundle,Ashe,0.0,1
TOP,Ashe,Trundle,1.0,1
TOP,Draven,Teemo,0.0,1
TOP,Teemo,Draven,1.0,1
TOP,Gnar,Morgana,1.0,1
TOP,Morgana,Gnar,0.0,1
TOP,Yone,Ryze,0.25,4
TOP,Ryze,Yone,0.75,4
MIDDLE,TwistedFate,Viego,0.5,2
MIDDLE,Viego,TwistedFate,0.5,2
MIDDLE,Gragas,Taliyah,1.0,1
MIDDLE,Taliyah,Gragas,0.0,1
UTILITY,Alistar,Swain,0.5,2
UTILITY,Swain,Alistar,0.5,2
TOP,TwistedFate,Diana,0.0,1
TOP,Diana,TwistedFate,1.0,1
BOTTOM,Pantheon,Draven,0.0,2
BOTTOM,Draven,Pantheon,1.0,2
BOTTOM,Hwei,Morgana,1.0,1
BOTTOM,Morgana,Hwei,0.0,1
MIDDLE,Brand,Kalista,0.0,1
MIDDLE,Kalista,Brand,1.0,1
JUNGLE,Gragas,Skarner,0.5,2
JUNGLE,Skarner,Gragas,0.5,2
MIDDLE,Riven,Diana,0.0,1
MIDDLE,Diana,Riven,1.0,1
UTILITY,Pyke,Sett,0.0,1
UTILITY,Sett,Pyke,1.0,1
TOP,Taliyah,Gangplank,1.0,1
TOP,Gangplank,Taliyah,0.0,1
MIDDLE,Heimerdinger,Zoe,0.5,2
MIDDLE,Zoe,Heimerdinger,0.5,2
MIDDLE,Riven,Heimerdinger,0.0,1
MIDDLE,Heimerdinger,Riven,1.0,1
UTILITY,Alistar,Aatrox,0.0,1
UTILITY,Aatrox,Alistar,1.0,1
TOP,Singed,Leblanc,1.0,1
TOP,Leblanc,Singed,0.0,1
BOTTOM,TahmKench,Draven,0.6666666666666666,3
BOTTOM,Draven,TahmKench,0.3333333333333333,3
MIDDLE,Nasus,Xerath,0.0,1
MIDDLE,Xerath,Nasus,1.0,1
TOP,Singed,Heimerdinger,0.0,1
TOP,Heimerdinger,Singed,1.0,1
UTILITY,Vi,Blitzcrank,0.0,1
UTILITY,Blitzcrank,Vi,1.0,1
UTILITY,Sion,Zoe,0.0,1
UTILITY,Zoe,Sion,1.0,1
TOP,KSante,Zoe,0.6666666666666666,3
TOP,Zoe,KSante,0.3333333333333333,3
TOP,Pantheon,Rammus,1.0,1
TOP,Rammus,Pantheon,0.0,1
TOP,KSante,Leblanc,1.0,1
TOP,Leblanc,KSante,0.0,1
TOP,Mel,Riven,0.0,1
TOP,Riven,Mel,1.0,1
MIDDLE,Pantheon,KSante,1.0,2
MIDDLE,KSante,Pantheon,0.0,2
UTILITY,TwistedFate,FiddleSticks,0.0,1
UTILITY,FiddleSticks,TwistedFate,1.0,1
UTILITY,Rakan,Mel,1.0,1
UTILITY,Mel,Rakan,0.0,1
MIDDLE,Gangplank,Orianna,0.0,1
MIDDLE,Orianna,Gangplank,1.0,1
TOP,Nasus,Mordekaiser,1.0,1
TOP,Mordekaiser,Nasus,0.0,1
UTILITY,Syndra,Xerath,1.0,1
UTILITY,Xerath,Syndra,0.0,1
MIDDLE,Viktor,Trundle,1.0,1
MIDDLE,Trundle,Viktor,0.0,1
TOP,Gangplank,Karma,1.0,1
TOP,Karma,Gangplank,0.0,1
JUNGLE,Lillia,Malphite,1.0,1
JUNGLE,Malphite,Lillia,0.0,1
MIDDLE,Fizz,Neeko,0.0,2
MIDDLE,Neeko,Fizz,1.0,2
MIDDLE,Yone,Zeri,1.0,2
MIDDLE,Zeri,Yone,0.0,2
TOP,Illaoi,Yone,0.4,5
TOP,Yone,Illaoi,0.6,5
TOP,Gangplank,Quinn,0.0,3
TOP,Quinn,Gangplank,1.0,3
BOTTOM,Seraphine,MissFortune,0.5,2
BOTTOM,MissFortune,Seraphine,0.5,2
MIDDLE,Vayne,Seraphine,0.0,1
MIDDLE,Seraphine,Vayne,1.0,1
TOP,Viego,Akshan,0.0,1
TOP,Akshan,Viego,1.0,1
TOP,Malphite,Taliyah,0.5,2
TOP,Taliyah,Malphite,0.5,2
TOP,Darius,Nunu,0.0,1
TOP,Nunu,Darius,1.0,1
UTILITY,Pantheon,Skarner,0.0,1
UTILITY,Skarner,Pantheon,1.0,1
TOP,Anivia,Ahri,0.0,1
TOP,Ahri,Anivia,1.0,1
TOP,Illaoi,Gragas,0.5,2
TOP,Gragas,Illaoi,0.5,2
TOP,Naafiri,Sylas,0.5,2
TOP,Sylas,Naafiri,0.5,2
UTILITY,Elise,Chogath,1.0,1
UTILITY,Chogath,Elise,0.0,1
TOP,Sylas,DrMundo,0.0,1
TOP,DrMundo,Sylas,1.0,1
MIDDLE,Riven,Jax,1.0,1
MIDDLE,Jax,Riven,0.0,1
TOP,Mordekaiser,Ryze,0.0,1
TOP,Ryze,Mordekaiser,1.0,1
JUNGLE,Quinn,Vi,0.0,2
JUNGLE,Vi,Quinn,1.0,2
UTILITY,Nami,Fizz,0.0,1
UTILITY,Fizz,Nami,1.0,1
TOP,KSante,Lucian,1.0,1
TOP,Lucian,KSante,0.0,1
TOP,DrMundo,Naafiri,0.0,1
TOP,Naafiri,DrMundo,1.0,1
MIDDLE,Seraphine,Ahri,0.3333333333333333,3
MIDDLE,Ahri,Seraphine,0.6666666666666666,3
MIDDLE,Karma,Irelia,0.0,1
MIDDLE,Irelia,Karma,1.0,1
BOTTOM,Annie,Varus,1.0,1
BOTTOM,Varus,Annie,0.0,1
MIDDLE,Mel,Ezreal,1.0,1
MIDDLE,Ezreal,Mel,0.0,1
MIDDLE,Zac,Cassiopeia,1.0,1
MIDDLE,Cassiopeia,Zac,0.0,1
MIDDLE,Rumble,Galio,0.5,2
MIDDLE,Galio,Rumble,0.5,2
JUNGLE,Gnar,Qiyana,0.0,1
JUNGLE,Qiyana,Gnar,1.0,1
UTILITY,Sona,Viego,0.0,1
UTILITY,Viego,Sona,1.0,1
UTILITY,Leona,KSante,0.3333333333333333,3
UTILITY,KSante,Leona,0.6666666666666666,3
UTILITY,Alistar,Galio,1.0,2
UTILITY,Galio,Alistar,0.0,2
TOP,Chogath,Pantheon,1.0,1
TOP,Pantheon,Chogath,0.0,1
TOP,KogMaw,Sett,0.0,1
TOP,Sett,KogMaw,1.0,1
UTILITY,Renata,Sona,0.3333333333333333,3
UTILITY,Sona,Renata,0.6666666666666666,3
TOP,Singed,Ashe,1.0,1
TOP,Ashe,Singed,0.0,1
MIDDLE,Renekton,Malzahar,0.5,2
MIDDLE,Malzahar,Renekton,0.5,2
UTILITY,Viego,Lulu,1.0,1
UTILITY,Lulu,Viego,0.0,1
TOP,Kayle,Qiyana,0.0,1
TOP,Qiyana,Kayle,1.0,1
BOTTOM,Annie,Jinx,1.0,1
BOTTOM,Jinx,Annie,0.0,1
TOP,Azir,Anivia,1.0,1
TOP,Anivia,Azir,0.0,1
BOTTOM,Zeri,Zyra,0.5,6
BOTTOM,Zyra,Zeri,0.5,6
TOP,Diana,Akali,0.0,1
TOP,Akali,Diana,1.0,1
TOP,AurelionSol,Yasuo,0.0,1
TOP,Yasuo,AurelionSol,1.0,1
BOTTOM,Qiyana,Annie,1.0,1
BOTTOM,Annie,Qiyana,0.0,1
TOP,Talon,Varus,0.0,1
TOP,Varus,Talon,1.0,1
MIDDLE,XinZhao,Darius,0.0,1
MIDDLE,Darius,XinZhao,1.0,1
MIDDLE,Quinn,Varus,0.0,1
MIDDLE,Varus,Quinn,1.0,1
TOP,Zed,KogMaw,1.0,1
TOP,KogMaw,Zed,0.0,1
UTILITY,Swain,Hwei,1.0,1
UTILITY,Hwei,Swain,0.0,1
UTILITY,Rakan,Singed,1.0,1
UTILITY,Singed,Rakan,0.0,1
TOP,Sejuani,Irelia,0.0,1
TOP,Irelia,Sejuani,1.0,1
TOP,Talon,Jax,0.0,1
TOP,Jax,Talon,1.0,1
UTILITY,Leona,Galio,0.5,2
UTILITY,Galio,Leona,0.5,2
JUNGLE,Brand,Nidalee,0.4,5
JUNGLE,Nidalee,Brand,0.6,5
UTILITY,Vi,Nautilus,0.0,2
UTILITY,Nautilus,Vi,1.0,2
BOTTOM,Veigar,KogMaw,1.0,1
BOTTOM,KogMaw,Veigar,0.0,1
BOTTOM,Qiyana,Syndra,1.0,1
BOTTOM,Syndra,Qiyana,0.0,1
MIDDLE,Ornn,Pantheon,0.0,1
MIDDLE,Pantheon,Ornn,1.0,1
TOP,XinZhao,Annie,0.0,1
TOP,Annie,XinZhao,1.0,1
JUNGLE,Diana,Amumu,1.0,1
JUNGLE,Amumu,Diana,0.0,1
MIDDLE,Chogath,Vladimir,1.0,1
MIDDLE,Vladimir,Chogath,0.0,1
TOP,Camille,Annie,1.0,2
TOP,Annie,Camille,0.0,2
JUNGLE,Morgana,Shaco,0.0,1
JUNGLE,Shaco,Morgana,1.0,1
BOTTOM,Yone,Senna,0.0,2
BOTTOM,Senna,Yone,1.0,2
UTILITY,Singed,Sylas,0.0,1
UTILITY,Sylas,Singed,1.0,1
TOP,Chogath,Ahri,0.5,2
TOP,Ahri,Chogath,0.5,2
TOP,Brand,XinZhao,0.0,1
TOP,XinZhao,Brand,1.0,1
MIDDLE,Brand,Pantheon,1.0,1
MIDDLE,Pantheon,Brand,0.0,1
BOTTOM,Ashe,Qiyana,0.0,1
BOTTOM,Qiyana,Ashe,1.0,1
UTILITY,MonkeyKing,TahmKench,0.0,1
UTILITY,TahmKench,MonkeyKing,1.0,1
BOTTOM,Teemo,Senna,0.0,1
BOTTOM,Senna,Teemo,1.0,1
TOP,TwistedFate,Nasus,0.5,2
TOP,Nasus,TwistedFate,0.5,2
TOP,Veigar,Zed,0.0,1
TOP,Zed,Veigar,1.0,1
UTILITY,Senna,Kennen,0.0,1
UTILITY,Kennen,Senna,1.0,1
BOTTOM,Jinx,TahmKench,0.5,2
BOTTOM,TahmKench,Jinx,0.5,2
TOP,Brand,Diana,0.0,1
TOP,Diana,Brand,1.0,1
MIDDLE,Viego,Lissandra,0.0,1
MIDDLE,Lissandra,Viego,1.0,1
UTILITY,Amumu,Janna,0.3333333333333333,3
UTILITY,Janna,Amumu,0.6666666666666666,3
TOP,Malzahar,Leblanc,0.0,1
TOP,Leblanc,Malzahar,1.0,1
MIDDLE,Diana,Pantheon,1.0,1
MIDDLE,Pantheon,Diana,0.0,1
TOP,Ekko,Singed,0.0,1
TOP,Singed,Ekko,1.0,1
BOTTOM,XinZhao,Twitch,0.0,1
BOTTOM,Twitch,XinZhao,1.0,1
TOP,Zoe,Kennen,0.0,1
TOP,Kennen,Zoe,1.0,1
UTILITY,Pyke,Sion,0.6666666666666666,3
UTILITY,Sion,Pyke,0.3333333333333333,3
TOP,Lux,Gragas,1.0,1
TOP,Gragas,Lux,0.0,1
TOP,Udyr,Kayle,0.0,1
TOP,Kayle,Udyr,1.0,1
BOTTOM,Kassadin,Ryze,0.0,1
BOTTOM,Ryze,Kassadin,1.0,1
TOP,Syndra,Jayce,0.5,2
TOP,Jayce,Syndra,0.5,2
UTILITY,Fiora,Bard,0.5,2
UTILITY,Bard,Fiora,0.5,2
MIDDLE,Nasus,Naafiri,1.0,1
MIDDLE,Naafiri,Nasus,0.0,1
MIDDLE,Ekko,Varus,0.0,1
MIDDLE,Varus,Ekko,1.0,1
UTILITY,Zoe,Maokai,0.0,1
UTILITY,Maokai,Zoe,1.0,1
BOTTOM,Cassiopeia,Seraphine,0.6666666666666666,3
BOTTOM,Seraphine,Cassiopeia,0.3333333333333333,3
BOTTOM,Caitlyn,Fiora,0.5555555555555556,9
BOTTOM,Fiora,Caitlyn,0.4444444444444444,9
TOP,Twitch,Pantheon,0.0,1
TOP,Pantheon,Twitch,1.0,1
JUNGLE,Diana,Poppy,0.0,1
JUNGLE,Poppy,Diana,1.0,1
JUNGLE,Neeko,Elise,1.0,1
JUNGLE,Elise,Neeko,0.0,1
JUNGLE,Nasus,Ambessa,1.0,1
JUNGLE,Ambessa,Nasus,0.0,1
MIDDLE,Annie,Varus,0.0,1
MIDDLE,Varus,Annie,1.0,1
UTILITY,Zyra,Nautilus,0.5,4
UTILITY,Nautilus,Zyra,0.5,4
JUNGLE,Nasus,Zac,0.0,1
JUNGLE,Zac,Nasus,1.0,1
JUNGLE,TwistedFate,LeeSin,0.0,1
JUNGLE,LeeSin,TwistedFate,1.0,1
JUNGLE,Nasus,Kayn,1.0,3
JUNGLE,Kayn,Nasus,0.0,3
JUNGLE,Nasus,MonkeyKing,1.0,2
JUNGLE,MonkeyKing,Nasus,0.0,2
TOP,Ezreal,Akshan,1.0,1
TOP,Akshan,Ezreal,0.0,1
MIDDLE,Olaf,Irelia,0.0,1
MIDDLE,Irelia,Olaf,1.0,1
BOTTOM,Lux,Ziggs,0.5,2
BOTTOM,Ziggs,Lux,0.5,2
JUNGLE,Neeko,Diana,0.0,1
JUNGLE,Diana,Neeko,1.0,1
TOP,Mordekaiser,MasterYi,1.0,1
TOP,MasterYi,Mordekaiser,0.0,1
TOP,Lissandra,XinZhao,1.0,1
TOP,XinZhao,Lissandra,0.0,1
MIDDLE,Aatrox,Leblanc,1.0,1
MIDDLE,Leblanc,Aatrox,0.0,1
BOTTOM,Jinx,Xerath,1.0,1
BOTTOM,Xerath,Jinx,0.0,1
MIDDLE,Veigar,Irelia,1.0,1
MIDDLE,Irelia,Veigar,0.0,1
TOP,Warwick,Cassiopeia,0.0,1
TOP,Cassiopeia,Warwick,1.0,1
UTILITY,Pyke,Mel,0.0,1
UTILITY,Mel,Pyke,1.0,1
TOP,AurelionSol,Jayce,0.0,1
TOP,Jayce,AurelionSol,1.0,1
TOP,Gragas,Seraphine,1.0,1
TOP,Seraphine,Gragas,0.0,1
MIDDLE,Viego,Fizz,0.0,1
MIDDLE,Fizz,Viego,1.0,1
UTILITY,Shen,Galio,0.0,2
UTILITY,Galio,Shen,1.0,2
MIDDLE,Sylas,Zyra,1.0,1
MIDDLE,Zyra,Sylas,0.0,1
BOTTOM,Renekton,Yasuo,1.0,2
BOTTOM,Yasuo,Renekton,0.0,2
TOP,LeeSin,Shyvana,0.0,1
TOP,Shyvana,LeeSin,1.0,1
MIDDLE,Leblanc,Yorick,1.0,1
MIDDLE,Yorick,Leblanc,0.0,1
TOP,Zeri,Maokai,1.0,2
TOP,Maokai,Zeri,0.0,2
UTILITY,Vi,Soraka,1.0,1
UTILITY,Soraka,Vi,0.0,1
TOP,Kennen,KogMaw,0.0,1
TOP,KogMaw,Kennen,1.0,1
TOP,Sylas,Viktor,0.0,1
TOP,Viktor,Sylas,1.0,1
UTILITY,Malzahar,Annie,0.0,1
UTILITY,Annie,Malzahar,1.0,1
MIDDLE,Ezreal,Quinn,1.0,1
MIDDLE,Quinn,Ezreal,0.0,1
BOTTOM,Jax,Ashe,1.0,2
BOTTOM,Ashe,Jax,0.0,2
MIDDLE,Ambessa,Viktor,0.8,5
MIDDLE,Viktor,Ambessa,0.2,5
BOTTOM,Viktor,Kalista,0.6666666666666666,3
BOTTOM,Kalista,Viktor,0.3333333333333333,3
JUNGLE,Gragas,Aatrox,1.0,1
JUNGLE,Aatrox,Gragas,0.0,1
UTILITY,Pantheon,Ahri,1.0,1
UTILITY,Ahri,Pantheon,0.0,1
TOP,Vex,Poppy,1.0,1
TOP,Poppy,Vex,0.0,1
TOP,Illaoi,Draven,1.0,1
TOP,Draven,Illaoi,0.0,1
MIDDLE,Riven,Velkoz,0.0,1
MIDDLE,Velkoz,Riven,1.0,1
TOP,Malzahar,Varus,0.0,1
TOP,Varus,Malzahar,1.0,1
TOP,Zac,Urgot,1.0,1
TOP,Urgot,Zac,0.0,1
TOP,Zoe,Ahri,1.0,2
TOP,Ahri,Zoe,0.0,2
UTILITY,Maokai,Nidalee,1.0,1
UTILITY,Nidalee,Maokai,0.0,1
TOP,Jayce,Malzahar,1.0,2
TOP,Malzahar,Jayce,0.0,2
BOTTOM,Annie,Seraphine,0.0,1
BOTTOM,Seraphine,Annie,1.0,1
MIDDLE,Lux,Zeri,0.0,1
MIDDLE,Zeri,Lux,1.0,1
TOP,Urgot,XinZhao,1.0,2
TOP,XinZhao,Urgot,0.0,2
JUNGLE,Quinn,FiddleSticks,1.0,1
JUNGLE,FiddleSticks,Quinn,0.0,1
MIDDLE,AurelionSol,Lux,0.0,1
MIDDLE,Lux,AurelionSol,1.0,1
TOP,LeeSin,Olaf,1.0,1
TOP,Olaf,LeeSin,0.0,1
BOTTOM,Naafiri,Kalista,0.0,1
BOTTOM,Kalista,Naafiri,1.0,1
TOP,Akshan,Ornn,0.6666666666666666,3
TOP,Ornn,Akshan,0.3333333333333333,3
JUNGLE,XinZhao,Warwick,1.0,1
JUNGLE,Warwick,XinZhao,0.0,1
UTILITY,Soraka,KSante,1.0,1
UTILITY,KSante,Soraka,0.0,1
TOP,Kassadin,Fizz,0.0,1
TOP,Fizz,Kassadin,1.0,1
JUNGLE,AurelionSol,LeeSin,1.0,1
JUNGLE,LeeSin,AurelionSol,0.0,1
UTILITY,Karthus,Seraphine,0.0,1
UTILITY,Seraphine,Karthus,1.0,1
TOP,Zed,Yorick,0.0,1
TOP,Yorick,Zed,1.0,1
MIDDLE,Nunu,Rumble,1.0,1
MIDDLE,Rumble,Nunu,0.0,1
UTILITY,Pantheon,Quinn,1.0,1
UTILITY,Quinn,Pantheon,0.0,1
TOP,Urgot,Volibear,0.0,1
TOP,Volibear,Urgot,1.0,1
TOP,Jayce,Draven,1.0,1
TOP,Draven,Jayce,0.0,1
UTILITY,MonkeyKing,Seraphine,0.0,1
UTILITY,Seraphine,MonkeyKing,1.0,1
UTILITY,Trundle,Karma,0.5,2
UTILITY,Karma,Trundle,0.5,2
TOP,Zoe,Kled,1.0,1
TOP,Kled,Zoe,0.0,1
BOTTOM,Aphelios,Akshan,0.0,1
BOTTOM,Akshan,Aphelios,1.0,1
TOP,Vladimir,Yorick,0.0,2
TOP,Yorick,Vladimir,1.0,2
UTILITY,Sylas,Leblanc,0.0,1
UTILITY,Leblanc,Sylas,1.0,1
UTILITY,Pyke,Swain,1.0,1
UTILITY,Swain,Pyke,0.0,1
MIDDLE,Jhin,Yasuo,1.0,1
MIDDLE,Yasuo,Jhin,0.0,1
TOP,MasterYi,Brand,0.0,1
TOP,Brand,MasterYi,1.0,1
TOP,Warwick,Zac,0.0,1
TOP,Zac,Warwick,1.0,1
MIDDLE,Gwen,Garen,0.0,1
MIDDLE,Garen,Gwen,1.0,1
UTILITY,Taliyah,Neeko,0.0,1
UTILITY,Neeko,Taliyah,1.0,1
MIDDLE,Singed,Irelia,1.0,1
MIDDLE,Irelia,Singed,0.0,1
MIDDLE,Taliyah,Zyra,1.0,1
MIDDLE,Zyra,Taliyah,0.0,1
BOTTOM,Hwei,Xerath,0.6666666666666666,3
BOTTOM,Xerath,Hwei,0.3333333333333333,3
MIDDLE,Yone,Ornn,1.0,1
MIDDLE,Ornn,Yone,0.0,1
JUNGLE,Naafiri,Nautilus,1.0,1
JUNGLE,Nautilus,Naafiri,0.0,1
BOTTOM,MasterYi,Corki,0.5,2
BOTTOM,Corki,MasterYi,0.5,2
MIDDLE,Yone,MissFortune,0.5,2
MIDDLE,MissFortune,Yone,0.5,2
TOP,Zeri,Diana,0.0,1
TOP,Diana,Zeri,1.0,1
UTILITY,Sion,Bard,0.5,2
UTILITY,Bard,Sion,0.5,2
UTILITY,Rakan,Sion,0.5,2
UTILITY,Sion,Rakan,0.5,2
BOTTOM,Syndra,Cassiopeia,0.5,2
BOTTOM,Cassiopeia,Syndra,0.5,2
MIDDLE,Camille,Annie,0.0,1
MIDDLE,Annie,Camille,1.0,1
TOP,Chogath,Fizz,0.0,1
TOP,Fizz,Chogath,1.0,1
BOTTOM,TahmKench,Karthus,0.0,1
BOTTOM,Karthus,TahmKench,1.0,1
JUNGLE,Nautilus,FiddleSticks,1.0,1
JUNGLE,FiddleSticks,Nautilus,0.0,1
UTILITY,Leona,Vex,0.6666666666666666,3
UTILITY,Vex,Leona,0.3333333333333333,3
TOP,Warwick,Veigar,0.0,1
TOP,Veigar,Warwick,1.0,1
TOP,Jayce,Samira,1.0,1
TOP,Samira,Jayce,0.0,1
BOTTOM,Jinx,Ekko,0.0,1
BOTTOM,Ekko,Jinx,1.0,1
BOTTOM,AurelionSol,Anivia,0.0,2
BOTTOM,Anivia,AurelionSol,1.0,2
TOP,Sion,Lissandra,1.0,1
TOP,Lissandra,Sion,0.0,1
MIDDLE,Rumble,Lissandra,0.0,2
MIDDLE,Lissandra,Rumble,1.0,2
JUNGLE,Rengar,Quinn,0.25,4
JUNGLE,Quinn,Rengar,0.75,4
JUNGLE,Brand,Darius,0.0,1
JUNGLE,Darius,Brand,1.0,1
MIDDLE,Jax,Karthus,0.0,2
MIDDLE,Karthus,Jax,1.0,2
MIDDLE,Lulu,Orianna,1.0,1
MIDDLE,Orianna,Lulu,0.0,1
UTILITY,Sona,Ashe,1.0,1
UTILITY,Ashe,Sona,0.0,1
MIDDLE,Jax,Pantheon,1.0,1
MIDDLE,Pantheon,Jax,0.0,1
TOP,Zoe,Shen,1.0,1
TOP,Shen,Zoe,0.0,1
TOP,Veigar,Yasuo,0.0,1
TOP,Yasuo,Veigar,1.0,1
MIDDLE,Mel,Chogath,1.0,1
MIDDLE,Chogath,Mel,0.0,1
TOP,Rengar,Kayle,0.0,1
TOP,Kayle,Rengar,1.0,1
UTILITY,Zoe,Viego,0.0,1
UTILITY,Viego,Zoe,1.0,1
MIDDLE,Vladimir,Heimerdinger,1.0,1
MIDDLE,Heimerdinger,Vladimir,0.0,1
TOP,Alistar,Rumble,0.0,1
TOP,Rumble,Alistar,1.0,1
TOP,Vex,Gragas,1.0,1
TOP,Gragas,Vex,0.0,1
TOP,Ahri,Zilean,1.0,1
TOP,Zilean,Ahri,0.0,1
TOP,Yone,MasterYi,0.5,2
TOP,MasterYi,Yone,0.5,2
MIDDLE,Illaoi,Aurora,0.0,1
MIDDLE,Aurora,Illaoi,1.0,1
TOP,Malphite,Nunu,0.0,1
TOP,Nunu,Malphite,1.0,1
UTILITY,Nautilus,Viego,0.0,1
UTILITY,Viego,Nautilus,1.0,1
TOP,Malzahar,Vladimir,0.0,1
TOP,Vladimir,Malzahar,1.0,1
JUNGLE,Quinn,Gragas,0.0,1
JUNGLE,Gragas,Quinn,1.0,1
BOTTOM,Jax,Syndra,1.0,2
BOTTOM,Syndra,Jax,0.0,2
TOP,Morgana,TwistedFate,0.0,1
TOP,TwistedFate,Morgana,1.0,1
MIDDLE,Azir,Jax,0.0,1
MIDDLE,Jax,Azir,1.0,1
UTILITY,Galio,Sion,1.0,1
UTILITY,Sion,Galio,0.0,1
JUNGLE,Lillia,Nautilus,1.0,1
JUNGLE,Nautilus,Lillia,0.0,1
MIDDLE,Azir,Karthus,0.0,1
MIDDLE,Karthus,Azir,1.0,1
BOTTOM,Zyra,Yasuo,1.0,1
BOTTOM,Yasuo,Zyra,0.0,1
MIDDLE,Vi,Vayne,1.0,1
MIDDLE,Vayne,Vi,0.0,1
UTILITY,Sion,Thresh,0.5,2
UTILITY,Thresh,Sion,0.5,2
MIDDLE,Cassiopeia,Vayne,1.0,1
MIDDLE,Vayne,Cassiopeia,0.0,1
TOP,TahmKench,Smolder,1.0,1
TOP,Smolder,TahmKench,0.0,1
UTILITY,Elise,Leblanc,1.0,2
UTILITY,Leblanc,Elise,0.0,2
JUNGLE,Skarner,Brand,0.4,5
JUNGLE,Brand,Skarner,0.6,5
UTILITY,Gragas,Thresh,0.3333333333333333,3
UTILITY,Thresh,Gragas,0.6666666666666666,3
UTILITY,Lux,Galio,0.3333333333333333,3
UTILITY,Galio,Lux,0.6666666666666666,3
JUNGLE,Quinn,Chogath,1.0,1
JUNGLE,Chogath,Quinn,0.0,1
UTILITY,Taric,Vex,1.0,1
UTILITY,Vex,Taric,0.0,1
TOP,Renekton,Malzahar,1.0,1
TOP,Malzahar,Renekton,0.0,1
TOP,Shyvana,Kennen,1.0,1
TOP,Kennen,Shyvana,0.0,1
MIDDLE,Corki,Amumu,1.0,1
MIDDLE,Amumu,Corki,0.0,1
TOP,Yasuo,Poppy,0.0,1
TOP,Poppy,Yasuo,1.0,1
BOTTOM,Varus,Singed,0.0,1
BOTTOM,Singed,Varus,1.0,1
MIDDLE,Seraphine,Mel,0.0,1
MIDDLE,Mel,Seraphine,1.0,1
BOTTOM,Xerath,Lucian,1.0,1
BOTTOM,Lucian,Xerath,0.0,1
UTILITY,Yuumi,Taliyah,1.0,1
UTILITY,Taliyah,Yuumi,0.0,1
MIDDLE,Jhin,AurelionSol,0.0,1
MIDDLE,AurelionSol,Jhin,1.0,1
TOP,Ryze,TwistedFate,0.0,2
TOP,TwistedFate,Ryze,1.0,2
MIDDLE,Kalista,Tristana,0.0,1
MIDDLE,Tristana,Kalista,1.0,1
MIDDLE,Gangplank,Nunu,0.0,1
MIDDLE,Nunu,Gangplank,1.0,1
BOTTOM,Sion,Karthus,1.0,1
BOTTOM,Karthus,Sion,0.0,1
MIDDLE,Jayce,Viego,1.0,1
MIDDLE,Viego,Jayce,0.0,1
UTILITY,Vex,Pyke,1.0,1
UTILITY,Pyke,Vex,0.0,1
TOP,Chogath,Lux,1.0,1
TOP,Lux,Chogath,0.0,1
MIDDLE,Twitch,Akshan,0.0,2
MIDDLE,Akshan,Twitch,1.0,2
UTILITY,Lulu,Cassiopeia,0.0,1
UTILITY,Cassiopeia,Lulu,1.0,1
TOP,Taliyah,Aurora,1.0,1
TOP,Aurora,Taliyah,0.0,1
MIDDLE,Galio,Gragas,1.0,1
MIDDLE,Gragas,Galio,0.0,1
UTILITY,Nasus,Pyke,0.0,1
UTILITY,Pyke,Nasus,1.0,1
UTILITY,Lissandra,Karma,1.0,3
UTILITY,Karma,Lissandra,0.0,3
TOP,Zilean,Singed,0.75,4
TOP,Singed,Zilean,0.25,4
BOTTOM,Veigar,Kalista,0.0,1
BOTTOM,Kalista,Veigar,1.0,1
BOTTOM,Rengar,Brand,1.0,1
BOTTOM,Brand,Rengar,0.0,1
TOP,Karthus,DrMundo,1.0,1
TOP,DrMundo,Karthus,0.0,1
TOP,Heimerdinger,Gangplank,0.0,2
TOP,Gangplank,Heimerdinger,1.0,2
UTILITY,Rell,Lissandra,0.0,1
UTILITY,Lissandra,Rell,1.0,1
TOP,Heimerdinger,Yorick,1.0,2
TOP,Yorick,Heimerdinger,0.0,2
JUNGLE,Belveth,Gwen,0.0,1
JUNGLE,Gwen,Belveth,1.0,1
TOP,Trundle,Camille,0.5,6
TOP,Camille,Trundle,0.5,6
TOP,Sett,Kled,0.0,1
TOP,Kled,Sett,1.0,1
TOP,Ekko,Gangplank,0.0,1
TOP,Gangplank,Ekko,1.0,1
TOP,Evelynn,Vladimir,1.0,1
TOP,Vladimir,Evelynn,0.0,1
JUNGLE,Khazix,Kled,0.0,1
JUNGLE,Kled,Khazix,1.0,1
JUNGLE,Yasuo,Nunu,0.0,1
JUNGLE,Nunu,Yasuo,1.0,1
MIDDLE,Orianna,Camille,0.0,1
MIDDLE,Camille,Orianna,1.0,1
TOP,Chogath,AurelionSol,1.0,1
TOP,AurelionSol,Chogath,0.0,1
BOTTOM,Annie,Samira,1.0,1
BOTTOM,Samira,Annie,0.0,1
MIDDLE,Irelia,Kalista,1.0,1
MIDDLE,Kalista,Irelia,0.0,1
UTILITY,Kennen,Pyke,1.0,1
UTILITY,Pyke,Kennen,0.0,1
UTILITY,Renata,Brand,0.0,1
UTILITY,Brand,Renata,1.0,1
UTILITY,Kennen,Thresh,0.0,1
UTILITY,Thresh,Kennen,1.0,1
BOTTOM,MasterYi,Zeri,1.0,1
BOTTOM,Zeri,MasterYi,0.0,1
TOP,Ahri,Fiora,1.0,3
TOP,Fiora,Ahri,0.0,3
BOTTOM,Kindred,Lux,0.0,1
BOTTOM,Lux,Kindred,1.0,1
MIDDLE,Sion,Zyra,1.0,1
MIDDLE,Zyra,Sion,0.0,1
MIDDLE,TwistedFate,Kennen,1.0,1
MIDDLE,Kennen,TwistedFate,0.0,1
BOTTOM,Karthus,Katarina,0.0,2
BOTTOM,Katarina,Karthus,1.0,2
MIDDLE,Vladimir,Kennen,0.0,1
MIDDLE,Kennen,Vladimir,1.0,1
MIDDLE,Chogath,Lux,0.0,1
MIDDLE,Lux,Chogath,1.0,1
JUNGLE,Vayne,Sejuani,1.0,1
JUNGLE,Sejuani,Vayne,0.0,1
TOP,RekSai,Fizz,1.0,1
TOP,Fizz,RekSai,0.0,1
JUNGLE,Nasus,Talon,0.0,4
JUNGLE,Talon,Nasus,1.0,4
JUNGLE,Zed,Amumu,1.0,1
JUNGLE,Amumu,Zed,0.0,1
MIDDLE,Ezreal,Heimerdinger,1.0,1
MIDDLE,Heimerdinger,Ezreal,0.0,1
MIDDLE,KogMaw,Rumble,0.0,1
MIDDLE,Rumble,KogMaw,1.0,1
TOP,Renekton,Viego,1.0,1
TOP,Viego,Renekton,0.0,1
BOTTOM,Malzahar,Smolder,1.0,1
BOTTOM,Smolder,Malzahar,0.0,1
UTILITY,Ornn,Thresh,0.0,1
UTILITY,Thresh,Ornn,1.0,1
MIDDLE,Velkoz,Swain,0.0,1
MIDDLE,Swain,Velkoz,1.0,1
JUNGLE,Nidalee,Trundle,0.6666666666666666,3
JUNGLE,Trundle,Nidalee,0.3333333333333333,3
MIDDLE,LeeSin,Orianna,0.0,1
MIDDLE,Orianna,LeeSin,1.0,1
UTILITY,Janna,Hwei,0.6666666666666666,3
UTILITY,Hwei,Janna,0.3333333333333333,3
BOTTOM,Kalista,Aurora,1.0,1
BOTTOM,Aurora,Kalista,0.0,1
UTILITY,Vi,Janna,1.0,1
UTILITY,Janna,Vi,0.0,1
UTILITY,Sylas,Camille,0.6666666666666666,3
UTILITY,Camille,Sylas,0.3333333333333333,3
BOTTOM,AurelionSol,Viktor,1.0,1
BOTTOM,Viktor,AurelionSol,0.0,1
MIDDLE,TwistedFate,Swain,1.0,1
MIDDLE,Swain,TwistedFate,0.0,1
TOP,Zilean,DrMundo,1.0,1
TOP,DrMundo,Zilean,0.0,1
TOP,Akali,Orianna,1.0,2
TOP,Orianna,Akali,0.0,2
MIDDLE,Jax,Yasuo,1.0,1
MIDDLE,Yasuo,Jax,0.0,1
MIDDLE,Zeri,Zed,0.0,1
MIDDLE,Zed,Zeri,1.0,1
MIDDLE,Taliyah,Varus,0.0,1
MIDDLE,Varus,Taliyah,1.0,1
UTILITY,Vex,Rell,0.0,1
UTILITY,Rell,Vex,1.0,1
TOP,Lissandra,Sett,0.0,1
TOP,Sett,Lissandra,1.0,1
MIDDLE,Jax,Lissandra,1.0,2
MIDDLE,Lissandra,Jax,0.0,2
MIDDLE,Camille,Fizz,0.0,1
MIDDLE,Fizz,Camille,1.0,1
TOP,Chogath,MasterYi,1.0,1
TOP,MasterYi,Chogath,0.0,1
UTILITY,Skarner,FiddleSticks,0.0,1
UTILITY,FiddleSticks,Skarner,1.0,1
MIDDLE,Xerath,DrMundo,0.0,1
MIDDLE,DrMundo,Xerath,1.0,1
UTILITY,Sett,Sona,0.0,1
UTILITY,Sona,Sett,1.0,1
TOP,Kled,XinZhao,0.5,2
TOP,XinZhao,Kled,0.5,2
MIDDLE,Varus,Hwei,0.0,1
MIDDLE,Hwei,Varus,1.0,1
TOP,Kayle,TwistedFate,1.0,1
TOP,TwistedFate,Kayle,0.0,1
UTILITY,Neeko,Shen,1.0,1
UTILITY,Shen,Neeko,0.0,1
MIDDLE,Gragas,Akshan,0.0,1
MIDDLE,Akshan,Gragas,1.0,1
TOP,Heimerdinger,Camille,0.5,2
TOP,Camille,Heimerdinger,0.5,2
BOTTOM,MasterYi,Yunara,0.5,2
BOTTOM,Yunara,MasterYi,0.5,2
MIDDLE,KogMaw,Zyra,1.0,1
MIDDLE,Zyra,KogMaw,0.0,1
TOP,XinZhao,Aatrox,0.6666666666666666,3
TOP,Aatrox,XinZhao,0.3333333333333333,3
UTILITY,Alistar,Veigar,0.5,2
UTILITY,Veigar,Alistar,0.5,2
UTILITY,Taric,Camille,0.5,2
UTILITY,Camille,Taric,0.5,2
MIDDLE,Kalista,Anivia,0.0,1
MIDDLE,Anivia,Kalista,1.0,1
MIDDLE,Yone,Viego,0.0,2
MIDDLE,Viego,Yone,1.0,2
TOP,Caitlyn,TahmKench,0.0,1
TOP,TahmKench,Caitlyn,1.0,1
UTILITY,Twitch,Soraka,1.0,1
UTILITY,Soraka,Twitch,0.0,1
UTILITY,Heimerdinger,Pantheon,1.0,1
UTILITY,Pantheon,Heimerdinger,0.0,1
MIDDLE,Anivia,Kled,0.0,1
MIDDLE,Kled,Anivia,1.0,1
TOP,Yorick,Tryndamere,0.5,2
TOP,Tryndamere,Yorick,0.5,2
TOP,Naafiri,Brand,1.0,1
TOP,Brand,Naafiri,0.0,1
UTILITY,Velkoz,Morgana,0.5,2
UTILITY,Morgana,Velkoz,0.5,2
BOTTOM,Rengar,Varus,1.0,1
BOTTOM,Varus,Rengar,0.0,1
BOTTOM,Vladimir,Hwei,0.6666666666666666,3
BOTTOM,Hwei,Vladimir,0.3333333333333333,3
UTILITY,Qiyana,Anivia,0.5,2
UTILITY,Anivia,Qiyana,0.5,2
JUNGLE,Shyvana,Quinn,0.0,1
JUNGLE,Quinn,Shyvana,1.0,1
UTILITY,Heimerdinger,Nautilus,0.5,2
UTILITY,Nautilus,Heimerdinger,0.5,2
TOP,Pantheon,Karma,0.0,1
TOP,Karma,Pantheon,1.0,1
MIDDLE,Chogath,Diana,1.0,1
MIDDLE,Diana,Chogath,0.0,1
TOP,MasterYi,Gragas,0.0,1
TOP,Gragas,MasterYi,1.0,1
UTILITY,Zilean,Karthus,0.0,1
UTILITY,Karthus,Zilean,1.0,1
TOP,KogMaw,Malphite,1.0,2
TOP,Malphite,KogMaw,0.0,2
MIDDLE,Poppy,Riven,1.0,1
MIDDLE,Riven,Poppy,0.0,1
MIDDLE,Nunu,Mel,0.0,1
MIDDLE,Mel,Nunu,1.0,1
BOTTOM,Singed,Zeri,0.0,2
BOTTOM,Zeri,Singed,1.0,2
UTILITY,Yuumi,Riven,1.0,1
UTILITY,Riven,Yuumi,0.0,1
MIDDLE,Seraphine,Galio,1.0,2
MIDDLE,Galio,Seraphine,0.0,2
TOP,Annie,Gragas,1.0,2
TOP,Gragas,Annie,0.0,2
MIDDLE,Karthus,Akshan,1.0,1
MIDDLE,Akshan,Karthus,0.0,1
UTILITY,Sona,Brand,0.5,2
UTILITY,Brand,Sona,0.5,2
TOP,Hwei,Ornn,1.0,2
TOP,Ornn,Hwei,0.0,2
TOP,Akali,Zeri,0.0,1
TOP,Zeri,Akali,1.0,1
BOTTOM,Heimerdinger,Viktor,1.0,1
BOTTOM,Viktor,Heimerdinger,0.0,1
TOP,Tryndamere,Ivern,0.0,1
TOP,Ivern,Tryndamere,1.0,1
MIDDLE,Nautilus,Zed,1.0,1
MIDDLE,Zed,Nautilus,0.0,1
UTILITY,Soraka,Nunu,1.0,2
UTILITY,Nunu,Soraka,0.0,2
TOP,XinZhao,FiddleSticks,0.0,1
TOP,FiddleSticks,XinZhao,1.0,1
UTILITY,Neeko,Vi,1.0,1
UTILITY,Vi,Neeko,0.0,1
BOTTOM,Jax,Brand,0.0,1
BOTTOM,Brand,Jax,1.0,1
TOP,Pantheon,Lissandra,0.0,1
TOP,Lissandra,Pantheon,1.0,1
UTILITY,Mel,Soraka,1.0,1
UTILITY,Soraka,Mel,0.0,1
JUNGLE,Karthus,Poppy,0.0,1
JUNGLE,Poppy,Karthus,1.0,1
UTILITY,MonkeyKing,Thresh,0.0,1
UTILITY,Thresh,MonkeyKing,1.0,1
UTILITY,Mel,Braum,1.0,1
UTILITY,Braum,Mel,0.0,1
BOTTOM,Tristana,Annie,0.0,2
BOTTOM,Annie,Tristana,1.0,2
MIDDLE,KogMaw,Veigar,1.0,1
MIDDLE,Veigar,KogMaw,0.0,1
TOP,Lucian,Zaahen,0.0,1
TOP,Zaahen,Lucian,1.0,1
JUNGLE,Nasus,Briar,1.0,3
JUNGLE,Briar,Nasus,0.0,3
TOP,Ekko,Kennen,1.0,1
TOP,Kennen,Ekko,0.0,1
TOP,Cassiopeia,Quinn,0.5,2
TOP,Quinn,Cassiopeia,0.5,2
BOTTOM,Zyra,Xayah,1.0,1
BOTTOM,Xayah,Zyra,0.0,1
MIDDLE,Caitlyn,Jayce,0.0,1
MIDDLE,Jayce,Caitlyn,1.0,1
TOP,Akali,Mordekaiser,0.0,1
TOP,Mordekaiser,Akali,1.0,1
JUNGLE,Pantheon,Nasus,0.3333333333333333,3
JUNGLE,Nasus,Pantheon,0.6666666666666666,3
JUNGLE,Morgana,Sejuani,0.0,1
JUNGLE,Sejuani,Morgana,1.0,1
MIDDLE,Lissandra,Twitch,0.0,1
MIDDLE,Twitch,Lissandra,1.0,1
TOP,RekSai,Shen,0.0,1
TOP,Shen,RekSai,1.0,1
BOTTOM,Zilean,Caitlyn,0.0,1
BOTTOM,Caitlyn,Zilean,1.0,1
TOP,Lissandra,Anivia,0.0,1
TOP,Anivia,Lissandra,1.0,1
TOP,Brand,Cassiopeia,0.0,1
TOP,Cassiopeia,Brand,1.0,1
BOTTOM,Zilean,Renekton,0.0,1
BOTTOM,Renekton,Zilean,1.0,1
UTILITY,Blitzcrank,Gragas,0.0,1
UTILITY,Gragas,Blitzcrank,1.0,1
TOP,Viktor,Akali,0.0,1
TOP,Akali,Viktor,1.0,1
MIDDLE,DrMundo,TwistedFate,0.0,1
MIDDLE,TwistedFate,DrMundo,1.0,1
BOTTOM,Ezreal,Yone,0.5,2
BOTTOM,Yone,Ezreal,0.5,2
JUNGLE,Morgana,Shyvana,1.0,1
JUNGLE,Shyvana,Morgana,0.0,1
MIDDLE,Gwen,AurelionSol,1.0,1
MIDDLE,AurelionSol,Gwen,0.0,1
BOTTOM,Fiora,Senna,0.5714285714285714,21
BOTTOM,Senna,Fiora,0.42857142857142855,21
MIDDLE,Morgana,Hwei,0.0,1
MIDDLE,Hwei,Morgana,1.0,1
MIDDLE,Ornn,Leblanc,0.0,1
MIDDLE,Leblanc,Ornn,1.0,1
JUNGLE,Kayle,Nocturne,0.0,1
JUNGLE,Nocturne,Kayle,1.0,1
MIDDLE,Jax,Galio,0.6666666666666666,3
MIDDLE,Galio,Jax,0.3333333333333333,3
MIDDLE,Chogath,Swain,1.0,1
MIDDLE,Swain,Chogath,0.0,1
MIDDLE,Lissandra,Azir,1.0,1
MIDDLE,Azir,Lissandra,0.0,1
MIDDLE,Ivern,Cassiopeia,0.0,1
MIDDLE,Cassiopeia,Ivern,1.0,1
TOP,Zoe,Warwick,0.0,2
TOP,Warwick,Zoe,1.0,2
BOTTOM,Annie,Malzahar,1.0,2
BOTTOM,Malzahar,Annie,0.0,2
TOP,MonkeyKing,Rumble,0.0,1
TOP,Rumble,MonkeyKing,1.0,1
BOTTOM,Vayne,Heimerdinger,0.0,1
BOTTOM,Heimerdinger,Vayne,1.0,1
MIDDLE,Yone,Vi,1.0,1
MIDDLE,Vi,Yone,0.0,1
UTILITY,Fiora,Hwei,0.0,1
UTILITY,Hwei,Fiora,1.0,1
MIDDLE,Zoe,Gangplank,0.0,1
MIDDLE,Gangplank,Zoe,1.0,1
JUNGLE,Belveth,Sion,1.0,1
JUNGLE,Sion,Belveth,0.0,1
UTILITY,Riven,Pantheon,1.0,1
UTILITY,Pantheon,Riven,0.0,1
BOTTOM,Syndra,MissFortune,0.5,2
BOTTOM,MissFortune,Syndra,0.5,2
MIDDLE,Qiyana,Vi,0.0,2
MIDDLE,Vi,Qiyana,1.0,2
TOP,Yorick,Kaisa,0.0,1
TOP,Kaisa,Yorick,1.0,1
UTILITY,Karthus,Anivia,0.0,1
UTILITY,Anivia,Karthus,1.0,1
UTILITY,Velkoz,Viego,0.0,1
UTILITY,Viego,Velkoz,1.0,1
UTILITY,Sona,Sylas,0.0,1
UTILITY,Sylas,Sona,1.0,1
BOTTOM,Ahri,Heimerdinger,1.0,1
BOTTOM,Heimerdinger,Ahri,0.0,1
BOTTOM,Jhin,Malzahar,1.0,1
BOTTOM,Malzahar,Jhin,0.0,1
TOP,Ekko,Graves,1.0,1
TOP,Graves,Ekko,0.0,1
TOP,Nocturne,Kayle,0.0,1
TOP,Kayle,Nocturne,1.0,1
BOTTOM,Heimerdinger,Varus,1.0,1
BOTTOM,Varus,Heimerdinger,0.0,1
TOP,Vayne,MasterYi,0.0,1
TOP,MasterYi,Vayne,1.0,1
TOP,Warwick,Sejuani,1.0,1
TOP,Sejuani,Warwick,0.0,1
JUNGLE,Heimerdinger,Teemo,1.0,1
JUNGLE,Teemo,Heimerdinger,0.0,1
MIDDLE,Rumble,Qiyana,1.0,1
MIDDLE,Qiyana,Rumble,0.0,1
UTILITY,Zyra,Jhin,0.0,1
UTILITY,Jhin,Zyra,1.0,1
TOP,XinZhao,Gragas,1.0,1
TOP,Gragas,XinZhao,0.0,1
TOP,Zyra,Sett,0.0,1
TOP,Sett,Zyra,1.0,1
BOTTOM,AurelionSol,Fiora,0.25,4
BOTTOM,Fiora,AurelionSol,0.75,4
MIDDLE,Zed,Karthus,0.0,2
MIDDLE,Karthus,Zed,1.0,2
UTILITY,Milio,Heimerdinger,0.0,1
UTILITY,Heimerdinger,Milio,1.0,1
MIDDLE,Riven,KSante,0.0,2
MIDDLE,KSante,Riven,1.0,2
TOP,Smolder,Naafiri,0.0,1
TOP,Naafiri,Smolder,1.0,1
BOTTOM,Jhin,Qiyana,0.0,3
BOTTOM,Qiyana,Jhin,1.0,3
UTILITY,Taliyah,Singed,0.0,1
UTILITY,Singed,Taliyah,1.0,1
MIDDLE,Vladimir,Smolder,1.0,1
MIDDLE,Smolder,Vladimir,0.0,1
BOTTOM,Draven,Sion,0.0,1
BOTTOM,Sion,Draven,1.0,1
UTILITY,Leona,Jax,0.5,2
UTILITY,Jax,Leona,0.5,2
MIDDLE,DrMundo,Aurora,0.5,2
MIDDLE,Aurora,DrMundo,0.5,2
TOP,Diana,Ornn,0.0,1
TOP,Ornn,Diana,1.0,1
MIDDLE,Mel,Malphite,0.0,1
MIDDLE,Malphite,Mel,1.0,1
MIDDLE,Jayce,Sion,1.0,1
MIDDLE,Sion,Jayce,0.0,1
UTILITY,Heimerdinger,Alistar,1.0,1
UTILITY,Alistar,Heimerdinger,0.0,1
BOTTOM,Ezreal,Malphite,1.0,1
BOTTOM,Malphite,Ezreal,0.0,1
TOP,Garen,Malzahar,1.0,2
TOP,Malzahar,Garen,0.0,2
TOP,Kassadin,Zoe,1.0,1
TOP,Zoe,Kassadin,0.0,1
UTILITY,Ornn,Nasus,1.0,1
UTILITY,Nasus,Ornn,0.0,1
MIDDLE,TwistedFate,Zac,1.0,1
MIDDLE,Zac,TwistedFate,0.0,1
BOTTOM,Viktor,Zeri,0.0,1
BOTTOM,Zeri,Viktor,1.0,1
UTILITY,Rell,Ornn,0.5,2
UTILITY,Ornn,Rell,0.5,2
JUNGLE,Tryndamere,JarvanIV,0.0,1
JUNGLE,JarvanIV,Tryndamere,1.0,1
MIDDLE,Ekko,Mordekaiser,1.0,1
MIDDLE,Mordekaiser,Ekko,0.0,1
JUNGLE,Ivern,Trundle,0.5,2
JUNGLE,Trundle,Ivern,0.5,2
TOP,Jinx,AurelionSol,0.0,1
TOP,AurelionSol,Jinx,1.0,1
TOP,Zed,Lux,0.0,1
TOP,Lux,Zed,1.0,1
TOP,Gnar,MasterYi,1.0,1
TOP,MasterYi,Gnar,0.0,1
MIDDLE,Nami,Sylas,1.0,1
MIDDLE,Sylas,Nami,0.0,1
BOTTOM,Sivir,Heimerdinger,0.6666666666666666,3
BOTTOM,Heimerdinger,Sivir,0.3333333333333333,3
UTILITY,Ornn,Bard,0.0,2
UTILITY,Bard,Ornn,1.0,2
MIDDLE,Chogath,XinZhao,0.0,1
MIDDLE,XinZhao,Chogath,1.0,1
BOTTOM,Malphite,Veigar,0.0,1
BOTTOM,Veigar,Malphite,1.0,1
TOP,Shaco,Renekton,0.0,1
TOP,Renekton,Shaco,1.0,1
TOP,Brand,Fiora,1.0,1
TOP,Fiora,Brand,0.0,1
MIDDLE,Sett,Galio,1.0,1
MIDDLE,Galio,Sett,0.0,1
MIDDLE,Malphite,Taliyah,1.0,1
MIDDLE,Taliyah,Malphite,0.0,1
BOTTOM,Neeko,Ashe,0.0,1
BOTTOM,Ashe,Neeko,1.0,1
UTILITY,Janna,Taliyah,0.0,1
UTILITY,Taliyah,Janna,1.0,1
BOTTOM,Katarina,Swain,0.0,1
BOTTOM,Swain,Katarina,1.0,1
TOP,Chogath,Vladimir,0.5,2
TOP,Vladimir,Chogath,0.5,2
TOP,Jayce,Briar,1.0,1
TOP,Briar,Jayce,0.0,1
UTILITY,Chogath,Leona,0.0,1
UTILITY,Leona,Chogath,1.0,1
TOP,FiddleSticks,Camille,1.0,2
TOP,Camille,FiddleSticks,0.0,2
TOP,Heimerdinger,Corki,0.0,1
TOP,Corki,Heimerdinger,1.0,1
MIDDLE,Kennen,Karthus,1.0,1
MIDDLE,Karthus,Kennen,0.0,1
MIDDLE,Tristana,Chogath,1.0,1
MIDDLE,Chogath,Tristana,0.0,1
BOTTOM,Heimerdinger,Malzahar,1.0,1
BOTTOM,Malzahar,Heimerdinger,0.0,1
JUNGLE,Nautilus,XinZhao,0.0,1
JUNGLE,XinZhao,Nautilus,1.0,1
BOTTOM,Zyra,MasterYi,1.0,1
BOTTOM,MasterYi,Zyra,0.0,1
MIDDLE,Riven,Tristana,0.0,2
MIDDLE,Tristana,Riven,1.0,2
UTILITY,Rakan,Zed,0.0,1
UTILITY,Zed,Rakan,1.0,1
BOTTOM,Sivir,TahmKench,0.0,1
BOTTOM,TahmKench,Sivir,1.0,1
JUNGLE,Jax,Ambessa,1.0,1
JUNGLE,Ambessa,Jax,0.0,1
BOTTOM,Fiora,Sion,1.0,1
BOTTOM,Sion,Fiora,0.0,1
JUNGLE,Rengar,Olaf,0.6666666666666666,3
JUNGLE,Olaf,Rengar,0.3333333333333333,3
TOP,Shen,Lissandra,0.0,1
TOP,Lissandra,Shen,1.0,1
MIDDLE,Swain,Vex,0.0,1
MIDDLE,Vex,Swain,1.0,1
BOTTOM,Sion,Yasuo,0.0,1
BOTTOM,Yasuo,Sion,1.0,1
UTILITY,Vi,Alistar,0.0,1
UTILITY,Alistar,Vi,1.0,1
JUNGLE,Talon,Shen,0.5,2
JUNGLE,Shen,Talon,0.5,2
BOTTOM,Yone,Kaisa,1.0,1
BOTTOM,Kaisa,Yone,0.0,1
BOTTOM,Ekko,Ziggs,0.0,1
BOTTOM,Ziggs,Ekko,1.0,1
TOP,Yone,Katarina,0.0,1
TOP,Katarina,Yone,1.0,1
MIDDLE,Kaisa,Viktor,0.0,1
MIDDLE,Viktor,Kaisa,1.0,1
JUNGLE,Briar,Quinn,1.0,1
JUNGLE,Quinn,Briar,0.0,1
TOP,XinZhao,Kennen,0.0,1
TOP,Kennen,XinZhao,1.0,1
TOP,Shen,Poppy,1.0,1
TOP,Poppy,Shen,0.0,1
MIDDLE,Zyra,TwistedFate,1.0,1
MIDDLE,TwistedFate,Zyra,0.0,1
UTILITY,Poppy,Galio,0.3333333333333333,3
UTILITY,Galio,Poppy,0.6666666666666666,3
UTILITY,Nunu,Karma,1.0,1
UTILITY,Karma,Nunu,0.0,1
UTILITY,Rakan,Nocturne,1.0,1
UTILITY,Nocturne,Rakan,0.0,1
MIDDLE,Ryze,Camille,0.0,1
MIDDLE,Camille,Ryze,1.0,1
UTILITY,Sylas,Skarner,0.5,2
UTILITY,Skarner,Sylas,0.5,2
MIDDLE,Pantheon,AurelionSol,0.0,1
MIDDLE,AurelionSol,Pantheon,1.0,1
MIDDLE,Gwen,Fizz,0.0,1
MIDDLE,Fizz,Gwen,1.0,1
BOTTOM,Senna,Akshan,1.0,1
BOTTOM,Akshan,Senna,0.0,1
JUNGLE,Quinn,Pantheon,0.0,1
JUNGLE,Pantheon,Quinn,1.0,1
TOP,Karma,Kayle,0.0,1
TOP,Kayle,Karma,1.0,1
MIDDLE,Garen,Lissandra,1.0,1
MIDDLE,Lissandra,Garen,0.0,1
TOP,Kled,Poppy,0.0,1
TOP,Poppy,Kled,1.0,1
TOP,Aurora,Illaoi,1.0,1
TOP,Illaoi,Aurora,0.0,1
UTILITY,Milio,Galio,0.0,1
UTILITY,Galio,Milio,1.0,1
UTILITY,Zac,Seraphine,0.5,2
UTILITY,Seraphine,Zac,0.5,2
TOP,Elise,Ornn,0.0,1
TOP,Ornn,Elise,1.0,1
JUNGLE,TwistedFate,DrMundo,0.0,1
JUNGLE,DrMundo,TwistedFate,1.0,1
MIDDLE,Renekton,Swain,0.5,2
MIDDLE,Swain,Renekton,0.5,2
TOP,RekSai,Cassiopeia,1.0,1
TOP,Cassiopeia,RekSai,0.0,1
UTILITY,Annie,Senna,0.5,2
UTILITY,Senna,Annie,0.5,2
UTILITY,KogMaw,Bard,0.0,1
UTILITY,Bard,KogMaw,1.0,1
JUNGLE,Quinn,Karthus,0.0,1
JUNGLE,Karthus,Quinn,1.0,1
MIDDLE,Katarina,MonkeyKing,0.0,1
MIDDLE,MonkeyKing,Katarina,1.0,1
TOP,FiddleSticks,Olaf,0.5,2
TOP,Olaf,FiddleSticks,0.5,2
MIDDLE,Yasuo,Nasus,0.25,4
MIDDLE,Nasus,Yasuo,0.75,4
TOP,MasterYi,Vladimir,1.0,1
TOP,Vladimir,MasterYi,0.0,1
JUNGLE,Sejuani,Briar,0.0,1
JUNGLE,Briar,Sejuani,1.0,1
UTILITY,Skarner,Nidalee,1.0,1
UTILITY,Nidalee,Skarner,0.0,1
JUNGLE,Neeko,Nidalee,0.0,1
JUNGLE,Nidalee,Neeko,1.0,1
JUNGLE,Rammus,Kayn,1.0,2
JUNGLE,Kayn,Rammus,0.0,2
MIDDLE,Ambessa,Galio,0.6666666666666666,3
MIDDLE,Galio,Ambessa,0.3333333333333333,3
TOP,Teemo,Maokai,1.0,1
TOP,Maokai,Teemo,0.0,1
BOTTOM,Naafiri,Xerath,1.0,1
BOTTOM,Xerath,Naafiri,0.0,1
MIDDLE,Gragas,Karthus,0.0,1
MIDDLE,Karthus,Gragas,1.0,1
UTILITY,Camille,Vex,0.0,1
UTILITY,Vex,Camille,1.0,1
MIDDLE,Smolder,Xerath,0.0,1
MIDDLE,Xerath,Smolder,1.0,1
UTILITY,Blitzcrank,Zac,0.5,2
UTILITY,Zac,Blitzcrank,0.5,2
BOTTOM,Viego,Jinx,0.0,1
BOTTOM,Jinx,Viego,1.0,1
MIDDLE,Elise,Twitch,1.0,1
MIDDLE,Twitch,Elise,0.0,1
BOTTOM,Singed,Brand,1.0,1
BOTTOM,Brand,Singed,0.0,1
MIDDLE,Aatrox,Talon,1.0,1
MIDDLE,Talon,Aatrox,0.0,1
BOTTOM,Velkoz,Viktor,0.0,1
BOTTOM,Viktor,Velkoz,1.0,1
TOP,Irelia,Mordekaiser,0.0,1
TOP,Mordekaiser,Irelia,1.0,1
MIDDLE,Talon,Varus,1.0,1
MIDDLE,Varus,Talon,0.0,1
BOTTOM,Sylas,Senna,0.0,2
BOTTOM,Senna,Sylas,1.0,2
TOP,Cassiopeia,Galio,0.0,1
TOP,Galio,Cassiopeia,1.0,1
BOTTOM,Veigar,Lux,0.0,1
BOTTOM,Lux,Veigar,1.0,1
UTILITY,Zilean,Amumu,1.0,1
UTILITY,Amumu,Zilean,0.0,1
UTILITY,Leona,Zac,1.0,1
UTILITY,Zac,Leona,0.0,1
TOP,Teemo,Galio,0.0,1
TOP,Galio,Teemo,1.0,1
MIDDLE,Jax,Hwei,1.0,1
MIDDLE,Hwei,Jax,0.0,1
TOP,Heimerdinger,Kalista,1.0,1
TOP,Kalista,Heimerdinger,0.0,1
TOP,Sett,Garen,0.5,2
TOP,Garen,Sett,0.5,2
TOP,Annie,Aatrox,1.0,2
TOP,Aatrox,Annie,0.0,2
MIDDLE,Seraphine,Vladimir,1.0,1
MIDDLE,Vladimir,Seraphine,0.0,1
UTILITY,Camille,Teemo,1.0,1
UTILITY,Teemo,Camille,0.0,1
UTILITY,Yuumi,Lissandra,0.0,1
UTILITY,Lissandra,Yuumi,1.0,1
MIDDLE,Vayne,Riven,0.6666666666666666,3
MIDDLE,Riven,Vayne,0.3333333333333333,3
BOTTOM,Riven,Yasuo,1.0,2
BOTTOM,Yasuo,Riven,0.0,2
MIDDLE,Fizz,Olaf,0.0,1
MIDDLE,Olaf,Fizz,1.0,1
UTILITY,RekSai,Nautilus,0.0,1
UTILITY,Nautilus,RekSai,1.0,1
BOTTOM,Tristana,Heimerdinger,0.5,2
BOTTOM,Heimerdinger,Tristana,0.5,2
MIDDLE,Pyke,Taliyah,0.0,1
MIDDLE,Taliyah,Pyke,1.0,1
MIDDLE,Nasus,Sion,0.0,1
MIDDLE,Sion,Nasus,1.0,1
MIDDLE,Illaoi,Ryze,1.0,1
MIDDLE,Ryze,Illaoi,0.0,1
UTILITY,Swain,Janna,0.0,2
UTILITY,Janna,Swain,1.0,2
TOP,Jax,Vex,0.0,1
TOP,Vex,Jax,1.0,1
UTILITY,Alistar,Sejuani,0.0,1
UTILITY,Sejuani,Alistar,1.0,1
BOTTOM,Riven,Lucian,1.0,1
BOTTOM,Lucian,Riven,0.0,1
BOTTOM,Pantheon,Tristana,1.0,1
BOTTOM,Tristana,Pantheon,0.0,1
MIDDLE,Hwei,Pantheon,0.75,4
MIDDLE,Pantheon,Hwei,0.25,4
UTILITY,Veigar,Leona,0.0,1
UTILITY,Leona,Veigar,1.0,1
TOP,Zac,Aatrox,1.0,1
TOP,Aatrox,Zac,0.0,1
MIDDLE,Seraphine,Zyra,0.0,1
MIDDLE,Zyra,Seraphine,1.0,1
BOTTOM,MasterYi,Samira,1.0,1
BOTTOM,Samira,MasterYi,0.0,1
TOP,Azir,Ambessa,0.0,1
TOP,Ambessa,Azir,1.0,1
TOP,Varus,Ashe,1.0,1
TOP,Ashe,Varus,0.0,1
UTILITY,MissFortune,Neeko,0.5,2
UTILITY,Neeko,MissFortune,0.5,2
TOP,Zaahen,AurelionSol,0.0,1
TOP,AurelionSol,Zaahen,1.0,1
MIDDLE,Xerath,Renekton,1.0,1
MIDDLE,Renekton,Xerath,0.0,1
UTILITY,Zed,Velkoz,1.0,1
UTILITY,Velkoz,Zed,0.0,1
MIDDLE,Viego,Lux,1.0,1
MIDDLE,Lux,Viego,0.0,1
UTILITY,Yasuo,Senna,0.0,1
UTILITY,Senna,Yasuo,1.0,1
MIDDLE,Chogath,Vayne,1.0,2
MIDDLE,Vayne,Chogath,0.0,2
MIDDLE,Seraphine,Akali,1.0,1
MIDDLE,Akali,Seraphine,0.0,1
MIDDLE,Taliyah,Rumble,0.0,1
MIDDLE,Rumble,Taliyah,1.0,1
MIDDLE,Jayce,KogMaw,0.0,1
MIDDLE,KogMaw,Jayce,1.0,1
TOP,Neeko,Aurora,1.0,1
TOP,Aurora,Neeko,0.0,1
UTILITY,Braum,Annie,0.0,1
UTILITY,Annie,Braum,1.0,1
MIDDLE,Volibear,Kassadin,0.0,1
MIDDLE,Kassadin,Volibear,1.0,1
UTILITY,Viktor,Zilean,0.0,1
UTILITY,Zilean,Viktor,1.0,1
TOP,Pyke,Gangplank,0.0,1
TOP,Gangplank,Pyke,1.0,1
BOTTOM,Vladimir,Pantheon,0.0,1
BOTTOM,Pantheon,Vladimir,1.0,1
TOP,KSante,KogMaw,0.0,1
TOP,KogMaw,KSante,1.0,1
UTILITY,Jhin,Sylas,0.0,1
UTILITY,Sylas,Jhin,1.0,1
TOP,Darius,Swain,1.0,2
TOP,Swain,Darius,0.0,2
BOTTOM,Sylas,Viktor,1.0,1
BOTTOM,Viktor,Sylas,0.0,1
JUNGLE,Kindred,Morgana,1.0,1
JUNGLE,Morgana,Kindred,0.0,1
UTILITY,Sejuani,Bard,0.5,2
UTILITY,Bard,Sejuani,0.5,2
BOTTOM,Yunara,Ornn,0.0,1
BOTTOM,Ornn,Yunara,1.0,1
BOTTOM,Udyr,Varus,0.0,1
BOTTOM,Varus,Udyr,1.0,1
TOP,Zoe,Cassiopeia,1.0,1
TOP,Cassiopeia,Zoe,0.0,1
UTILITY,Renata,Xerath,0.0,1
UTILITY,Xerath,Renata,1.0,1
MIDDLE,Jax,Ryze,1.0,1
MIDDLE,Ryze,Jax,0.0,1
TOP,Kalista,Zeri,1.0,1
TOP,Zeri,Kalista,0.0,1
MIDDLE,Karma,Kalista,1.0,1
MIDDLE,Kalista,Karma,0.0,1
MIDDLE,Ornn,Zed,1.0,2
MIDDLE,Zed,Ornn,0.0,2
MIDDLE,Nunu,Singed,0.0,1
MIDDLE,Singed,Nunu,1.0,1
TOP,KogMaw,Katarina,0.0,1
TOP,Katarina,KogMaw,1.0,1
TOP,Karthus,Gragas,1.0,2
TOP,Gragas,Karthus,0.0,2
MIDDLE,Karthus,Fizz,0.0,1
MIDDLE,Fizz,Karthus,1.0,1
UTILITY,Taliyah,Nami,0.0,1
UTILITY,Nami,Taliyah,1.0,1
TOP,Leblanc,Zed,0.0,1
TOP,Zed,Leblanc,1.0,1
TOP,Warwick,Smolder,1.0,1
TOP,Smolder,Warwick,0.0,1
TOP,Zoe,Ryze,0.0,1
TOP,Ryze,Zoe,1.0,1
BOTTOM,Taliyah,Sivir,0.0,1
BOTTOM,Sivir,Taliyah,1.0,1
MIDDLE,Galio,Zyra,0.0,1
MIDDLE,Zyra,Galio,1.0,1
TOP,Warwick,Malzahar,0.0,1
TOP,Malzahar,Warwick,1.0,1
UTILITY,Renata,Sejuani,1.0,1
UTILITY,Sejuani,Renata,0.0,1
BOTTOM,Brand,Zyra,1.0,1
BOTTOM,Zyra,Brand,0.0,1
JUNGLE,Rammus,Taliyah,1.0,1
JUNGLE,Taliyah,Rammus,0.0,1
BOTTOM,Akshan,Corki,0.0,1
BOTTOM,Corki,Akshan,1.0,1
MIDDLE,Velkoz,Vex,0.0,1
MIDDLE,Vex,Velkoz,1.0,1
MIDDLE,Talon,Qiyana,1.0,2
MIDDLE,Qiyana,Talon,0.0,2
JUNGLE,Zed,Fizz,0.0,1
JUNGLE,Fizz,Zed,1.0,1
MIDDLE,Seraphine,Katarina,0.5,2
MIDDLE,Katarina,Seraphine,0.5,2
MIDDLE,Jayce,Aatrox,0.0,1
MIDDLE,Aatrox,Jayce,1.0,1
BOTTOM,Cassiopeia,Zyra,1.0,2
BOTTOM,Zyra,Cassiopeia,0.0,2
TOP,Malphite,Draven,0.5,2
TOP,Draven,Malphite,0.5,2
MIDDLE,Viego,Diana,0.0,1
MIDDLE,Diana,Viego,1.0,1
BOTTOM,Ekko,MissFortune,0.0,1
BOTTOM,MissFortune,Ekko,1.0,1
MIDDLE,KSante,Galio,1.0,2
MIDDLE,Galio,KSante,0.0,2
TOP,Rumble,Lux,1.0,1
TOP,Lux,Rumble,0.0,1
UTILITY,Janna,Nasus,0.0,1
UTILITY,Nasus,Janna,1.0,1
BOTTOM,Samira,RekSai,0.0,1
BOTTOM,RekSai,Samira,1.0,1
UTILITY,LeeSin,Shaco,0.0,1
UTILITY,Shaco,LeeSin,1.0,1
MIDDLE,Diana,Xerath,1.0,2
MIDDLE,Xerath,Diana,0.0,2
UTILITY,Soraka,JarvanIV,1.0,1
UTILITY,JarvanIV,Soraka,0.0,1
UTILITY,Seraphine,FiddleSticks,0.0,1
UTILITY,FiddleSticks,Seraphine,1.0,1
UTILITY,Sion,Karma,0.5,2
UTILITY,Karma,Sion,0.5,2
TOP,Illaoi,Orianna,0.0,1
TOP,Orianna,Illaoi,1.0,1
MIDDLE,XinZhao,Vex,1.0,1
MIDDLE,Vex,XinZhao,0.0,1
BOTTOM,AurelionSol,Diana,0.0,1
BOTTOM,Diana,AurelionSol,1.0,1
BOTTOM,Caitlyn,Nasus,1.0,1
BOTTOM,Nasus,Caitlyn,0.0,1
TOP,Kalista,Tristana,0.0,1
TOP,Tristana,Kalista,1.0,1
MIDDLE,Gangplank,Varus,0.0,1
MIDDLE,Varus,Gangplank,1.0,1
UTILITY,Sylas,Mel,1.0,1
UTILITY,Mel,Sylas,0.0,1
BOTTOM,Aurora,Cassiopeia,1.0,1
BOTTOM,Cassiopeia,Aurora,0.0,1
JUNGLE,Sion,MasterYi,1.0,1
JUNGLE,MasterYi,Sion,0.0,1
TOP,Talon,Ekko,1.0,1
TOP,Ekko,Talon,0.0,1
UTILITY,Alistar,Ashe,1.0,1
UTILITY,Ashe,Alistar,0.0,1
TOP,Volibear,Trundle,0.0,1
TOP,Trundle,Volibear,1.0,1
BOTTOM,Riven,Jhin,1.0,2
BOTTOM,Jhin,Riven,0.0,2
JUNGLE,Kayn,Taric,1.0,1
JUNGLE,Taric,Kayn,0.0,1
MIDDLE,Veigar,Azir,1.0,2
MIDDLE,Azir,Veigar,0.0,2
MIDDLE,Lucian,Galio,0.0,2
MIDDLE,Galio,Lucian,1.0,2
TOP,Leblanc,Ambessa,0.0,1
TOP,Ambessa,Leblanc,1.0,1
BOTTOM,Yunara,Fiora,0.4,5
BOTTOM,Fiora,Yunara,0.6,5
JUNGLE,Quinn,Zac,1.0,2
JUNGLE,Zac,Quinn,0.0,2
BOTTOM,Tristana,Fiora,0.75,4
BOTTOM,Fiora,Tristana,0.25,4
TOP,Lulu,Karma,1.0,1
TOP,Karma,Lulu,0.0,1
MIDDLE,Cassiopeia,Viego,1.0,2
MIDDLE,Viego,Cassiopeia,0.0,2
TOP,Veigar,Ornn,1.0,1
TOP,Ornn,Veigar,0.0,1
UTILITY,Yuumi,JarvanIV,1.0,1
UTILITY,JarvanIV,Yuumi,0.0,1
JUNGLE,Olaf,Lillia,0.0,1
JUNGLE,Lillia,Olaf,1.0,1
TOP,Fizz,Yasuo,1.0,1
TOP,Yasuo,Fizz,0.0,1
MIDDLE,Sivir,TwistedFate,0.0,1
MIDDLE,TwistedFate,Sivir,1.0,1
MIDDLE,Garen,Viktor,0.0,1
MIDDLE,Viktor,Garen,1.0,1
UTILITY,Ekko,Milio,0.0,1
UTILITY,Milio,Ekko,1.0,1
MIDDLE,Rumble,Leblanc,1.0,1
MIDDLE,Leblanc,Rumble,0.0,1
UTILITY,Lux,Annie,0.0,1
UTILITY,Annie,Lux,1.0,1
TOP,Zed,Fiora,1.0,2
TOP,Fiora,Zed,0.0,2
TOP,Singed,Zac,0.0,1
TOP,Zac,Singed,1.0,1
BOTTOM,Vladimir,Sylas,0.0,1
BOTTOM,Sylas,Vladimir,1.0,1
TOP,Diana,Sion,0.0,1
TOP,Sion,Diana,1.0,1
BOTTOM,Twitch,TahmKench,0.0,1
BOTTOM,TahmKench,Twitch,1.0,1
BOTTOM,Singed,Zoe,1.0,1
BOTTOM,Zoe,Singed,0.0,1
JUNGLE,Twitch,Qiyana,1.0,1
JUNGLE,Qiyana,Twitch,0.0,1
MIDDLE,Pantheon,Neeko,0.0,1
MIDDLE,Neeko,Pantheon,1.0,1
MIDDLE,KSante,Jhin,0.0,1
MIDDLE,Jhin,KSante,1.0,1
MIDDLE,Lissandra,RekSai,1.0,1
MIDDLE,RekSai,Lissandra,0.0,1
BOTTOM,Taliyah,Swain,0.0,1
BOTTOM,Swain,Taliyah,1.0,1
JUNGLE,Jayce,Sett,1.0,1
JUNGLE,Sett,Jayce,0.0,1
TOP,Volibear,Varus,1.0,1
TOP,Varus,Volibear,0.0,1
BOTTOM,Lux,Fiora,0.0,1
BOTTOM,Fiora,Lux,1.0,1
UTILITY,Veigar,Rell,0.0,1
UTILITY,Rell,Veigar,1.0,1
MIDDLE,Sylas,TahmKench,0.0,2
MIDDLE,TahmKench,Sylas,1.0,2
TOP,XinZhao,Ahri,0.0,1
TOP,Ahri,XinZhao,1.0,1
MIDDLE,Sejuani,Katarina,0.0,1
MIDDLE,Katarina,Sejuani,1.0,1
MIDDLE,Irelia,Nunu,1.0,1
MIDDLE,Nunu,Irelia,0.0,1
TOP,Sett,Kassadin,0.0,1
TOP,Kassadin,Sett,1.0,1
UTILITY,Morgana,Skarner,0.0,1
UTILITY,Skarner,Morgana,1.0,1
BOTTOM,Lux,MissFortune,1.0,1
BOTTOM,MissFortune,Lux,0.0,1
MIDDLE,Taliyah,Swain,1.0,1
MIDDLE,Swain,Taliyah,0.0,1
MIDDLE,Annie,Zac,0.0,1
MIDDLE,Zac,Annie,1.0,1
MIDDLE,Riven,Pantheon,0.0,1
MIDDLE,Pantheon,Riven,1.0,1
JUNGLE,LeeSin,Sett,1.0,1
JUNGLE,Sett,LeeSin,0.0,1
UTILITY,KSante,Blitzcrank,1.0,1
UTILITY,Blitzcrank,KSante,0.0,1
MIDDLE,Varus,Milio,1.0,1
MIDDLE,Milio,Varus,0.0,1
TOP,Kennen,Zed,0.0,2
TOP,Zed,Kennen,1.0,2
BOTTOM,Hwei,Jax,1.0,1
BOTTOM,Jax,Hwei,0.0,1
JUNGLE,Shen,Lillia,1.0,1
JUNGLE,Lillia,Shen,0.0,1
BOTTOM,Syndra,Nilah,0.5,2
BOTTOM,Nilah,Syndra,0.5,2
TOP,Sett,Akali,0.75,4
TOP,Akali,Sett,0.25,4
MIDDLE,Varus,Chogath,1.0,1
MIDDLE,Chogath,Varus,0.0,1
TOP,Diana,Nunu,1.0,1
TOP,Nunu,Diana,0.0,1
TOP,Maokai,Gwen,0.0,1
TOP,Gwen,Maokai,1.0,1
TOP,Singed,Katarina,1.0,1
TOP,Katarina,Singed,0.0,1
UTILITY,Karma,Viego,1.0,1
UTILITY,Viego,Karma,0.0,1
MIDDLE,Renekton,Veigar,0.0,2
MIDDLE,Veigar,Renekton,1.0,2
MIDDLE,Varus,Zeri,0.0,1
MIDDLE,Zeri,Varus,1.0,1
MIDDLE,Seraphine,Garen,0.0,1
MIDDLE,Garen,Seraphine,1.0,1
MIDDLE,Shen,Zoe,1.0,1
MIDDLE,Zoe,Shen,0.0,1
TOP,Kayle,Annie,0.0,2
TOP,Annie,Kayle,1.0,2
JUNGLE,Gwen,FiddleSticks,0.0,1
JUNGLE,FiddleSticks,Gwen,1.0,1
UTILITY,Soraka,Udyr,0.0,1
UTILITY,Udyr,Soraka,1.0,1
JUNGLE,Rumble,MasterYi,1.0,1
JUNGLE,MasterYi,Rumble,0.0,1
UTILITY,Ivern,Xerath,1.0,1
UTILITY,Xerath,Ivern,0.0,1
TOP,Kindred,Gragas,1.0,1
TOP,Gragas,Kindred,0.0,1
UTILITY,Zyra,Shen,0.0,1
UTILITY,Shen,Zyra,1.0,1
MIDDLE,Kalista,Nunu,0.0,1
MIDDLE,Nunu,Kalista,1.0,1
UTILITY,Rumble,Nami,1.0,1
UTILITY,Nami,Rumble,0.0,1
BOTTOM,Morgana,Jhin,1.0,1
BOTTOM,Jhin,Morgana,0.0,1
TOP,Shyvana,Annie,1.0,1
TOP,Annie,Shyvana,0.0,1
MIDDLE,Nunu,Akshan,0.0,1
MIDDLE,Akshan,Nunu,1.0,1
JUNGLE,Quinn,DrMundo,0.0,1
JUNGLE,DrMundo,Quinn,1.0,1
TOP,Syndra,Tryndamere,0.0,1
TOP,Tryndamere,Syndra,1.0,1
TOP,Jayce,Lux,0.0,1
TOP,Lux,Jayce,1.0,1
TOP,Vladimir,Ahri,0.0,1
TOP,Ahri,Vladimir,1.0,1
BOTTOM,Fiora,Zeri,1.0,3
BOTTOM,Zeri,Fiora,0.0,3
JUNGLE,Karthus,KogMaw,1.0,1
JUNGLE,KogMaw,Karthus,0.0,1
MIDDLE,Nunu,Lux,0.0,1
MIDDLE,Lux,Nunu,1.0,1
MIDDLE,Ambessa,Zilean,0.0,1
MIDDLE,Zilean,Ambessa,1.0,1
MIDDLE,Fiora,KSante,1.0,1
MIDDLE,KSante,Fiora,0.0,1
UTILITY,Zilean,Kennen,0.0,1
UTILITY,Kennen,Zilean,1.0,1
TOP,Orianna,XinZhao,0.0,1
TOP,XinZhao,Orianna,1.0,1
BOTTOM,Singed,Senna,0.0,2
BOTTOM,Senna,Singed,1.0,2
BOTTOM,Lucian,Fiora,0.75,4
BOTTOM,Fiora,Lucian,0.25,4
UTILITY,Kennen,Taric,0.0,1
UTILITY,Taric,Kennen,1.0,1
MIDDLE,Gangplank,Galio,0.0,1
MIDDLE,Galio,Gangplank,1.0,1
TOP,Zilean,LeeSin,0.0,1
TOP,LeeSin,Zilean,1.0,1
BOTTOM,Jhin,Singed,0.0,1
BOTTOM,Singed,Jhin,1.0,1
BOTTOM,Sylas,Katarina,0.0,1
BOTTOM,Katarina,Sylas,1.0,1
MIDDLE,Mel,Kennen,0.0,1
MIDDLE,Kennen,Mel,1.0,1
TOP,Aatrox,Galio,1.0,1
TOP,Galio,Aatrox,0.0,1
MIDDLE,Zac,Ryze,0.0,1
MIDDLE,Ryze,Zac,1.0,1
TOP,Zac,FiddleSticks,0.0,1
TOP,FiddleSticks,Zac,1.0,1
TOP,Lissandra,Yasuo,0.0,1
TOP,Yasuo,Lissandra,1.0,1
MIDDLE,TwistedFate,Chogath,0.3333333333333333,3
MIDDLE,Chogath,TwistedFate,0.6666666666666666,3
MIDDLE,Neeko,Cassiopeia,0.0,1
MIDDLE,Cassiopeia,Neeko,1.0,1
TOP,Veigar,Nasus,0.0,1
TOP,Nasus,Veigar,1.0,1
JUNGLE,Rumble,Hecarim,0.0,1
JUNGLE,Hecarim,Rumble,1.0,1
MIDDLE,Seraphine,Anivia,0.0,1
MIDDLE,Anivia,Seraphine,1.0,1
TOP,Draven,Trundle,0.0,1
TOP,Trundle,Draven,1.0,1
JUNGLE,Pantheon,Riven,1.0,1
JUNGLE,Riven,Pantheon,0.0,1
JUNGLE,Diana,Nasus,0.8333333333333334,6
JUNGLE,Nasus,Diana,0.16666666666666666,6
UTILITY,Soraka,Cassiopeia,0.0,1
UTILITY,Cassiopeia,Soraka,1.0,1
BOTTOM,Vayne,Ekko,0.0,1
BOTTOM,Ekko,Vayne,1.0,1
TOP,Gangplank,Azir,0.0,1
TOP,Azir,Gangplank,1.0,1
TOP,Riven,Lux,0.0,1
TOP,Lux,Riven,1.0,1
MIDDLE,Darius,Garen,1.0,1
MIDDLE,Garen,Darius,0.0,1
UTILITY,Pantheon,Ekko,0.3333333333333333,3
UTILITY,Ekko,Pantheon,0.6666666666666666,3
TOP,Vex,Cassiopeia,1.0,1
TOP,Cassiopeia,Vex,0.0,1
MIDDLE,Akshan,Seraphine,0.0,1
MIDDLE,Seraphine,Akshan,1.0,1
TOP,DrMundo,TahmKench,0.0,1
TOP,TahmKench,DrMundo,1.0,1
TOP,Fizz,Heimerdinger,1.0,1
TOP,Heimerdinger,Fizz,0.0,1
MIDDLE,Ziggs,Yone,1.0,2
MIDDLE,Yone,Ziggs,0.0,2
UTILITY,Galio,Nautilus,0.5,2
UTILITY,Nautilus,Galio,0.5,2
MIDDLE,Leblanc,Seraphine,0.0,1
MIDDLE,Seraphine,Leblanc,1.0,1
MIDDLE,Nunu,Varus,1.0,1
MIDDLE,Varus,Nunu,0.0,1
JUNGLE,Quinn,Nasus,0.3333333333333333,3
JUNGLE,Nasus,Quinn,0.6666666666666666,3
JUNGLE,Heimerdinger,Morgana,0.0,1
JUNGLE,Morgana,Heimerdinger,1.0,1
JUNGLE,LeeSin,Gnar,0.0,1
JUNGLE,Gnar,LeeSin,1.0,1
TOP,LeeSin,Garen,1.0,1
TOP,Garen,LeeSin,0.0,1
MIDDLE,Hwei,Garen,0.0,1
MIDDLE,Garen,Hwei,1.0,1
MIDDLE,Leblanc,Jax,1.0,2
MIDDLE,Jax,Leblanc,0.0,2
TOP,Lux,DrMundo,0.0,1
TOP,DrMundo,Lux,1.0,1
MIDDLE,Viego,Singed,1.0,1
MIDDLE,Singed,Viego,0.0,1
UTILITY,TahmKench,Brand,1.0,1
UTILITY,Brand,TahmKench,0.0,1
TOP,Singed,Yunara,1.0,1
TOP,Yunara,Singed,0.0,1
BOTTOM,Lucian,Olaf,0.5,2
BOTTOM,Olaf,Lucian,0.5,2
UTILITY,TahmKench,Leblanc,0.0,1
UTILITY,Leblanc,TahmKench,1.0,1
TOP,Vladimir,Kled,1.0,1
TOP,Kled,Vladimir,0.0,1
MIDDLE,Ambessa,Gragas,1.0,1
MIDDLE,Gragas,Ambessa,0.0,1
BOTTOM,Olaf,Sivir,0.0,2
BOTTOM,Sivir,Olaf,1.0,2
TOP,Yone,Tristana,0.5,2
TOP,Tristana,Yone,0.5,2
TOP,Vladimir,Udyr,1.0,1
TOP,Udyr,Vladimir,0.0,1
TOP,MonkeyKing,Tryndamere,1.0,1
TOP,Tryndamere,MonkeyKing,0.0,1
TOP,Hwei,Corki,1.0,1
TOP,Corki,Hwei,0.0,1
MIDDLE,Ekko,TahmKench,0.0,1
MIDDLE,TahmKench,Ekko,1.0,1
UTILITY,Zoe,Akali,0.0,1
UTILITY,Akali,Zoe,1.0,1
UTILITY,Lissandra,Bard,0.0,1
UTILITY,Bard,Lissandra,1.0,1
JUNGLE,Gnar,Ekko,1.0,1
JUNGLE,Ekko,Gnar,0.0,1
TOP,Jax,MonkeyKing,1.0,1
TOP,MonkeyKing,Jax,0.0,1
BOTTOM,Malphite,Zeri,0.0,1
BOTTOM,Zeri,Malphite,1.0,1
UTILITY,Heimerdinger,Senna,0.0,1
UTILITY,Senna,Heimerdinger,1.0,1
JUNGLE,Nasus,Belveth,1.0,1
JUNGLE,Belveth,Nasus,0.0,1
MIDDLE,Cassiopeia,Aatrox,0.0,1
MIDDLE,Aatrox,Cassiopeia,1.0,1
UTILITY,Zac,Rakan,1.0,1
UTILITY,Rakan,Zac,0.0,1
TOP,Garen,Quinn,0.0,1
TOP,Quinn,Garen,1.0,1
UTILITY,Taliyah,Lux,1.0,1
UTILITY,Lux,Taliyah,0.0,1
BOTTOM,Rengar,Senna,0.5,2
BOTTOM,Senna,Rengar,0.5,2
TOP,KSante,Tristana,0.0,1
TOP,Tristana,KSante,1.0,1
TOP,Trundle,Tristana,0.0,1
TOP,Tristana,Trundle,1.0,1
TOP,Cassiopeia,Hwei,0.0,1
TOP,Hwei,Cassiopeia,1.0,1
MIDDLE,Shen,Cassiopeia,0.5,2
MIDDLE,Cassiopeia,Shen,0.5,2
TOP,Akshan,Teemo,0.0,1
TOP,Teemo,Akshan,1.0,1
BOTTOM,Akali,Ezreal,1.0,1
BOTTOM,Ezreal,Akali,0.0,1
MIDDLE,Akshan,Renekton,0.0,1
MIDDLE,Renekton,Akshan,1.0,1
UTILITY,Thresh,DrMundo,0.0,1
UTILITY,DrMundo,Thresh,1.0,1
TOP,Trundle,Quinn,1.0,1
TOP,Quinn,Trundle,0.0,1
TOP,Gwen,FiddleSticks,0.0,1
TOP,FiddleSticks,Gwen,1.0,1
TOP,Velkoz,KSante,0.0,1
TOP,KSante,Velkoz,1.0,1
TOP,KSante,Viktor,0.0,2
TOP,Viktor,KSante,1.0,2
TOP,Nidalee,Camille,0.0,1
TOP,Camille,Nidalee,1.0,1
BOTTOM,Brand,Annie,0.0,1
BOTTOM,Annie,Brand,1.0,1
TOP,Janna,TwistedFate,0.0,1
TOP,TwistedFate,Janna,1.0,1
MIDDLE,Mordekaiser,Ahri,1.0,1
MIDDLE,Ahri,Mordekaiser,0.0,1
JUNGLE,Kayn,Riven,0.0,1
JUNGLE,Riven,Kayn,1.0,1
TOP,Leblanc,Ryze,0.0,1
TOP,Ryze,Leblanc,1.0,1
BOTTOM,Ekko,Yone,0.0,1
BOTTOM,Yone,Ekko,1.0,1
JUNGLE,Nasus,Sylas,0.25,8
JUNGLE,Sylas,Nasus,0.75,8
MIDDLE,Zoe,Ashe,1.0,1
MIDDLE,Ashe,Zoe,0.0,1
MIDDLE,Ambessa,Xerath,0.0,1
MIDDLE,Xerath,Ambessa,1.0,1
BOTTOM,Olaf,Nilah,0.0,1
BOTTOM,Nilah,Olaf,1.0,1
UTILITY,Seraphine,Evelynn,0.0,1
UTILITY,Evelynn,Seraphine,1.0,1
TOP,LeeSin,Tryndamere,0.0,1
TOP,Tryndamere,LeeSin,1.0,1
UTILITY,Rengar,Singed,0.0,1
UTILITY,Singed,Rengar,1.0,1
UTILITY,Lulu,Quinn,1.0,1
UTILITY,Quinn,Lulu,0.0,1
UTILITY,Hwei,Senna,0.0,1
UTILITY,Senna,Hwei,1.0,1
UTILITY,Swain,Yuumi,0.0,1
UTILITY,Yuumi,Swain,1.0,1
TOP,FiddleSticks,Warwick,0.0,1
TOP,Warwick,FiddleSticks,1.0,1
MIDDLE,Naafiri,Singed,0.0,1
MIDDLE,Singed,Naafiri,1.0,1
TOP,Warwick,Yone,1.0,2
TOP,Yone,Warwick,0.0,2
TOP,Ornn,Zilean,0.5,2
TOP,Zilean,Ornn,0.5,2
BOTTOM,Samira,Akali,0.0,1
BOTTOM,Akali,Samira,1.0,1
JUNGLE,Gragas,Vi,0.0,1
JUNGLE,Vi,Gragas,1.0,1
TOP,Akshan,Warwick,0.0,1
TOP,Warwick,Akshan,1.0,1
MIDDLE,KSante,Tristana,1.0,1
MIDDLE,Tristana,KSante,0.0,1
UTILITY,Sejuani,Leona,1.0,1
UTILITY,Leona,Sejuani,0.0,1
UTILITY,Alistar,Ezreal,1.0,1
UTILITY,Ezreal,Alistar,0.0,1
TOP,Anivia,Senna,1.0,1
TOP,Senna,Anivia,0.0,1
UTILITY,Sion,TahmKench,0.0,1
UTILITY,TahmKench,Sion,1.0,1
JUNGLE,RekSai,Nasus,0.3333333333333333,3
JUNGLE,Nasus,RekSai,0.6666666666666666,3
TOP,Poppy,Trundle,0.0,1
TOP,Trundle,Poppy,1.0,1
UTILITY,Gragas,Graves,1.0,1
UTILITY,Graves,Gragas,0.0,1
BOTTOM,Ekko,Senna,1.0,2
BOTTOM,Senna,Ekko,0.0,2
UTILITY,Riven,Neeko,1.0,1
UTILITY,Neeko,Riven,0.0,1
UTILITY,Zilean,Ornn,1.0,1
UTILITY,Ornn,Zilean,0.0,1
UTILITY,Karthus,Braum,0.0,1
UTILITY,Braum,Karthus,1.0,1
MIDDLE,Darius,Vladimir,0.0,1
MIDDLE,Vladimir,Darius,1.0,1
UTILITY,Trundle,Taric,0.0,2
UTILITY,Taric,Trundle,1.0,2
TOP,KogMaw,Darius,0.0,1
TOP,Darius,KogMaw,1.0,1
TOP,Zilean,Chogath,1.0,1
TOP,Chogath,Zilean,0.0,1
TOP,Sejuani,Trundle,1.0,1
TOP,Trundle,Sejuani,0.0,1
TOP,Vladimir,Vi,1.0,1
TOP,Vi,Vladimir,0.0,1
MIDDLE,Jax,Akali,1.0,1
MIDDLE,Akali,Jax,0.0,1
JUNGLE,Sett,Hecarim,0.0,1
JUNGLE,Hecarim,Sett,1.0,1
MIDDLE,Ekko,Shen,0.0,1
MIDDLE,Shen,Ekko,1.0,1
BOTTOM,Senna,Riven,0.5,4
BOTTOM,Riven,Senna,0.5,4
MIDDLE,Jax,Malzahar,1.0,1
MIDDLE,Malzahar,Jax,0.0,1
MIDDLE,Twitch,Zed,0.0,1
MIDDLE,Zed,Twitch,1.0,1
JUNGLE,Naafiri,Nasus,0.3333333333333333,3
JUNGLE,Nasus,Naafiri,0.6666666666666666,3
BOTTOM,Jhin,Pantheon,0.3333333333333333,3
BOTTOM,Pantheon,Jhin,0.6666666666666666,3
MIDDLE,Renekton,Irelia,0.6666666666666666,3
MIDDLE,Irelia,Renekton,0.3333333333333333,3
TOP,Darius,Kalista,0.0,1
TOP,Kalista,Darius,1.0,1
UTILITY,Akali,Leona,0.0,1
UTILITY,Leona,Akali,1.0,1
UTILITY,Zoe,Hwei,0.0,1
UTILITY,Hwei,Zoe,1.0,1
TOP,Ryze,Anivia,1.0,1
TOP,Anivia,Ryze,0.0,1
TOP,Warwick,Pantheon,0.5,4
TOP,Pantheon,Warwick,0.5,4
UTILITY,Annie,Velkoz,0.0,1
UTILITY,Velkoz,Annie,1.0,1
UTILITY,Braum,Xerath,0.0,1
UTILITY,Xerath,Braum,1.0,1
TOP,Volibear,Kennen,0.0,1
TOP,Kennen,Volibear,1.0,1
TOP,Rumble,Twitch,1.0,1
TOP,Twitch,Rumble,0.0,1
BOTTOM,Fiora,Jhin,0.5,2
BOTTOM,Jhin,Fiora,0.5,2
UTILITY,Sejuani,Karma,0.0,1
UTILITY,Karma,Sejuani,1.0,1
MIDDLE,Karma,Akali,0.5,2
MIDDLE,Akali,Karma,0.5,2
MIDDLE,Smolder,Hwei,0.0,1
MIDDLE,Hwei,Smolder,1.0,1
TOP,KogMaw,Nasus,1.0,1
TOP,Nasus,KogMaw,0.0,1
MIDDLE,Sylas,DrMundo,0.0,1
MIDDLE,DrMundo,Sylas,1.0,1
JUNGLE,Trundle,RekSai,0.6666666666666666,3
JUNGLE,RekSai,Trundle,0.3333333333333333,3
BOTTOM,Swain,Annie,0.0,1
BOTTOM,Annie,Swain,1.0,1
MIDDLE,Galio,Illaoi,0.0,1
MIDDLE,Illaoi,Galio,1.0,1
TOP,Sion,Viktor,1.0,1
TOP,Viktor,Sion,0.0,1
TOP,Chogath,TwistedFate,1.0,1
TOP,TwistedFate,Chogath,0.0,1
TOP,MonkeyKing,Yone,0.0,1
TOP,Yone,MonkeyKing,1.0,1
TOP,Hwei,Yasuo,0.0,1
TOP,Yasuo,Hwei,1.0,1
TOP,Maokai,Kled,1.0,1
TOP,Kled,Maokai,0.0,1
JUNGLE,Sett,Sylas,0.0,1
JUNGLE,Sylas,Sett,1.0,1
MIDDLE,Smolder,Yorick,0.0,1
MIDDLE,Yorick,Smolder,1.0,1
TOP,Malphite,Velkoz,1.0,2
TOP,Velkoz,Malphite,0.0,2
MIDDLE,Yone,Shen,1.0,1
MIDDLE,Shen,Yone,0.0,1
UTILITY,Shen,Zoe,1.0,1
UTILITY,Zoe,Shen,0.0,1
UTILITY,Leona,AurelionSol,1.0,1
UTILITY,AurelionSol,Leona,0.0,1
MIDDLE,Sion,TahmKench,1.0,1
MIDDLE,TahmKench,Sion,0.0,1
UTILITY,Nidalee,Ashe,1.0,1
UTILITY,Ashe,Nidalee,0.0,1
BOTTOM,Akali,Jinx,0.0,1
BOTTOM,Jinx,Akali,1.0,1
JUNGLE,Qiyana,Brand,0.0,1
JUNGLE,Brand,Qiyana,1.0,1
MIDDLE,Gragas,Diana,0.0,2
MIDDLE,Diana,Gragas,1.0,2
MIDDLE,Kayn,TwistedFate,0.0,1
MIDDLE,TwistedFate,Kayn,1.0,1
TOP,Ornn,Ahri,0.0,2
TOP,Ahri,Ornn,1.0,2
MIDDLE,Shen,Sylas,0.0,2
MIDDLE,Sylas,Shen,1.0,2
JUNGLE,Morgana,Ambessa,1.0,1
JUNGLE,Ambessa,Morgana,0.0,1
BOTTOM,Katarina,Ziggs,1.0,1
BOTTOM,Ziggs,Katarina,0.0,1
MIDDLE,Neeko,AurelionSol,1.0,1
MIDDLE,AurelionSol,Neeko,0.0,1
TOP,Ekko,Katarina,0.0,1
TOP,Katarina,Ekko,1.0,1
JUNGLE,Amumu,Belveth,0.0,1
JUNGLE,Belveth,Amumu,1.0,1
TOP,Samira,Akshan,0.0,1
TOP,Akshan,Samira,1.0,1
UTILITY,Annie,Galio,0.0,1
UTILITY,Galio,Annie,1.0,1
TOP,Vi,Darius,0.0,1
TOP,Darius,Vi,1.0,1
TOP,Irelia,Nidalee,0.0,1
TOP,Nidalee,Irelia,1.0,1
TOP,Fiora,Kalista,0.0,1
TOP,Kalista,Fiora,1.0,1
JUNGLE,Urgot,Talon,1.0,1
JUNGLE,Talon,Urgot,0.0,1
TOP,Kindred,Cassiopeia,0.0,1
TOP,Cassiopeia,Kindred,1.0,1
MIDDLE,Karma,Malphite,1.0,1
MIDDLE,Malphite,Karma,0.0,1
UTILITY,Cassiopeia,Anivia,1.0,1
UTILITY,Anivia,Cassiopeia,0.0,1
JUNGLE,Evelynn,Nasus,1.0,1
JUNGLE,Nasus,Evelynn,0.0,1
MIDDLE,LeeSin,TwistedFate,0.0,1
MIDDLE,TwistedFate,LeeSin,1.0,1
UTILITY,Lux,TahmKench,0.0,1
UTILITY,TahmKench,Lux,1.0,1
UTILITY,Singed,Nautilus,0.0,1
UTILITY,Nautilus,Singed,1.0,1
UTILITY,Mel,Nidalee,1.0,1
UTILITY,Nidalee,Mel,0.0,1
MIDDLE,Mel,Ornn,1.0,1
MIDDLE,Ornn,Mel,0.0,1
UTILITY,Shaco,Zoe,0.5,2
UTILITY,Zoe,Shaco,0.5,2
UTILITY,Zoe,Leblanc,1.0,1
UTILITY,Leblanc,Zoe,0.0,1
MIDDLE,AurelionSol,Jax,1.0,1
MIDDLE,Jax,AurelionSol,0.0,1
JUNGLE,Shyvana,Tryndamere,0.0,1
JUNGLE,Tryndamere,Shyvana,1.0,1
BOTTOM,Soraka,Senna,0.0,1
BOTTOM,Senna,Soraka,1.0,1
BOTTOM,Syndra,Olaf,0.0,1
BOTTOM,Olaf,Syndra,1.0,1
TOP,Zed,Illaoi,1.0,1
TOP,Illaoi,Zed,0.0,1
BOTTOM,Briar,Xerath,1.0,1
BOTTOM,Xerath,Briar,0.0,1
TOP,Velkoz,Warwick,1.0,1
TOP,Warwick,Velkoz,0.0,1
MIDDLE,Katarina,Rumble,1.0,1
MIDDLE,Rumble,Katarina,0.0,1
MIDDLE,Kassadin,Zilean,0.0,1
MIDDLE,Zilean,Kassadin,1.0,1
TOP,Vi,Malphite,0.5,2
TOP,Malphite,Vi,0.5,2
BOTTOM,Rengar,Samira,0.0,1
BOTTOM,Samira,Rengar,1.0,1
JUNGLE,Shyvana,Trundle,0.0,1
JUNGLE,Trundle,Shyvana,1.0,1
TOP,Mordekaiser,Quinn,1.0,1
TOP,Quinn,Mordekaiser,0.0,1
BOTTOM,Riven,Olaf,1.0,1
BOTTOM,Olaf,Riven,0.0,1
MIDDLE,Kalista,Ryze,1.0,1
MIDDLE,Ryze,Kalista,0.0,1
TOP,Riven,Elise,1.0,1
TOP,Elise,Riven,0.0,1
TOP,Diana,Vayne,0.5,2
TOP,Vayne,Diana,0.5,2
UTILITY,Galio,Zoe,0.0,1
UTILITY,Zoe,Galio,1.0,1
UTILITY,Neeko,Nidalee,0.5,2
UTILITY,Nidalee,Neeko,0.5,2
UTILITY,Sylas,Lux,1.0,1
UTILITY,Lux,Sylas,0.0,1
MIDDLE,Gragas,Tristana,0.0,1
MIDDLE,Tristana,Gragas,1.0,1
TOP,LeeSin,Yone,0.0,1
TOP,Yone,LeeSin,1.0,1
MIDDLE,Fiora,Corki,0.5,2
MIDDLE,Corki,Fiora,0.5,2
MIDDLE,Nocturne,Diana,0.0,1
MIDDLE,Diana,Nocturne,1.0,1
TOP,Lissandra,Chogath,0.0,1
TOP,Chogath,Lissandra,1.0,1
TOP,Diana,Jayce,1.0,1
TOP,Jayce,Diana,0.0,1
UTILITY,Yasuo,Karma,0.0,1
UTILITY,Karma,Yasuo,1.0,1
JUNGLE,Shen,Poppy,0.0,1
JUNGLE,Poppy,Shen,1.0,1
JUNGLE,Diana,Sett,0.0,1
JUNGLE,Sett,Diana,1.0,1
UTILITY,Zoe,Sylas,1.0,1
UTILITY,Sylas,Zoe,0.0,1
UTILITY,Morgana,Lux,0.0,1
UTILITY,Lux,Morgana,1.0,1
BOTTOM,Aphelios,Zoe,0.0,1
BOTTOM,Zoe,Aphelios,1.0,1
TOP,Galio,Gnar,0.0,1
TOP,Gnar,Galio,1.0,1
TOP,Fiora,Shyvana,0.0,1
TOP,Shyvana,Fiora,1.0,1
TOP,Vayne,Kindred,1.0,1
TOP,Kindred,Vayne,0.0,1
MIDDLE,Viktor,Sivir,0.0,1
MIDDLE,Sivir,Viktor,1.0,1
UTILITY,Renata,Camille,0.5,2
UTILITY,Camille,Renata,0.5,2
TOP,Lulu,Kayn,1.0,1
TOP,Kayn,Lulu,0.0,1
JUNGLE,JarvanIV,Amumu,1.0,1
JUNGLE,Amumu,JarvanIV,0.0,1
UTILITY,Belveth,Poppy,0.0,1
UTILITY,Poppy,Belveth,1.0,1
MIDDLE,Briar,Qiyana,0.0,1
MIDDLE,Qiyana,Briar,1.0,1
MIDDLE,Naafiri,Tryndamere,0.0,1
MIDDLE,Tryndamere,Naafiri,1.0,1
TOP,RekSai,TwistedFate,1.0,1
TOP,TwistedFate,RekSai,0.0,1
BOTTOM,Jhin,Jax,1.0,1
BOTTOM,Jax,Jhin,0.0,1
MIDDLE,Vi,Annie,1.0,1
MIDDLE,Annie,Vi,0.0,1
BOTTOM,Zeri,Sylas,0.0,1
BOTTOM,Sylas,Zeri,1.0,1
MIDDLE,Annie,Lucian,0.0,1
MIDDLE,Lucian,Annie,1.0,1
MIDDLE,Singed,Lissandra,1.0,1
MIDDLE,Lissandra,Singed,0.0,1
JUNGLE,Gragas,Belveth,0.0,1
JUNGLE,Belveth,Gragas,1.0,1
BOTTOM,KogMaw,Viktor,0.0,1
BOTTOM,Viktor,KogMaw,1.0,1
TOP,Gangplank,Tristana,0.0,1
TOP,Tristana,Gangplank,1.0,1
UTILITY,Lux,Poppy,0.0,1
UTILITY,Poppy,Lux,1.0,1
BOTTOM,Ahri,Draven,0.0,1
BOTTOM,Draven,Ahri,1.0,1
MIDDLE,Fizz,Twitch,0.0,1
MIDDLE,Twitch,Fizz,1.0,1
BOTTOM,Rengar,Yunara,0.0,1
BOTTOM,Yunara,Rengar,1.0,1
UTILITY,Singed,Rell,1.0,1
UTILITY,Rell,Singed,0.0,1
BOTTOM,Twitch,Taliyah,1.0,1
BOTTOM,Taliyah,Twitch,0.0,1
TOP,Gragas,Draven,1.0,1
TOP,Draven,Gragas,0.0,1
MIDDLE,Ivern,Vex,1.0,1
MIDDLE,Vex,Ivern,0.0,1
MIDDLE,Galio,Varus,1.0,1
MIDDLE,Varus,Galio,0.0,1
MIDDLE,Ahri,Malphite,1.0,1
MIDDLE,Malphite,Ahri,0.0,1
UTILITY,Zyra,Shaco,1.0,1
UTILITY,Shaco,Zyra,0.0,1
TOP,Heimerdinger,Kayle,0.0,1
TOP,Kayle,Heimerdinger,1.0,1
TOP,Zaahen,Heimerdinger,1.0,2
TOP,Heimerdinger,Zaahen,0.0,2
MIDDLE,Zoe,DrMundo,0.0,1
MIDDLE,DrMundo,Zoe,1.0,1
BOTTOM,Zyra,Riven,0.0,1
BOTTOM,Riven,Zyra,1.0,1
MIDDLE,Singed,Leblanc,0.0,2
MIDDLE,Leblanc,Singed,1.0,2
JUNGLE,Mordekaiser,Nidalee,1.0,1
JUNGLE,Nidalee,Mordekaiser,0.0,1
BOTTOM,Rengar,Zeri,0.0,1
BOTTOM,Zeri,Rengar,1.0,1
MIDDLE,Cassiopeia,DrMundo,1.0,1
MIDDLE,DrMundo,Cassiopeia,0.0,1
TOP,Chogath,Ryze,1.0,1
TOP,Ryze,Chogath,0.0,1
MIDDLE,Mordekaiser,Aurora,0.0,1
MIDDLE,Aurora,Mordekaiser,1.0,1
UTILITY,Sylas,Anivia,0.0,1
UTILITY,Anivia,Sylas,1.0,1
MIDDLE,Heimerdinger,Kassadin,0.0,2
MIDDLE,Kassadin,Heimerdinger,1.0,2
TOP,XinZhao,Zeri,0.0,1
TOP,Zeri,XinZhao,1.0,1
BOTTOM,Lux,Galio,0.0,1
BOTTOM,Galio,Lux,1.0,1
BOTTOM,Irelia,Draven,1.0,1
BOTTOM,Draven,Irelia,0.0,1
TOP,Lucian,Volibear,1.0,1
TOP,Volibear,Lucian,0.0,1
MIDDLE,Kennen,Galio,1.0,1
MIDDLE,Galio,Kennen,0.0,1
MIDDLE,Neeko,Sion,1.0,1
MIDDLE,Sion,Neeko,0.0,1
TOP,Heimerdinger,Zoe,1.0,1
TOP,Zoe,Heimerdinger,0.0,1
MIDDLE,Tristana,Rumble,1.0,1
MIDDLE,Rumble,Tristana,0.0,1
TOP,Ahri,Sylas,0.0,1
TOP,Sylas,Ahri,1.0,1
MIDDLE,Pantheon,Zeri,0.0,2
MIDDLE,Zeri,Pantheon,1.0,2
BOTTOM,Zyra,Ziggs,0.5,2
BOTTOM,Ziggs,Zyra,0.5,2
BOTTOM,Zoe,Smolder,0.0,2
BOTTOM,Smolder,Zoe,1.0,2
TOP,Jayce,Zyra,0.0,1
TOP,Zyra,Jayce,1.0,1
TOP,Zilean,Nasus,1.0,1
TOP,Nasus,Zilean,0.0,1
MIDDLE,Nasus,Gragas,0.0,2
MIDDLE,Gragas,Nasus,1.0,2
JUNGLE,Riven,Kindred,0.0,1
JUNGLE,Kindred,Riven,1.0,1
UTILITY,Morgana,Sejuani,0.0,1
UTILITY,Sejuani,Morgana,1.0,1
BOTTOM,Akali,Xayah,0.0,1
BOTTOM,Xayah,Akali,1.0,1
JUNGLE,Gwen,Chogath,0.0,1
JUNGLE,Chogath,Gwen,1.0,1
UTILITY,Anivia,Vex,0.0,1
UTILITY,Vex,Anivia,1.0,1
BOTTOM,Taliyah,Hwei,0.5,2
BOTTOM,Hwei,Taliyah,0.5,2
TOP,Syndra,Zac,0.0,1
TOP,Zac,Syndra,1.0,1
UTILITY,Ornn,Milio,0.0,1
UTILITY,Milio,Ornn,1.0,1
BOTTOM,Fiora,Syndra,1.0,1
BOTTOM,Syndra,Fiora,0.0,1
UTILITY,Amumu,Braum,0.5,2
UTILITY,Braum,Amumu,0.5,2
BOTTOM,Caitlyn,Akshan,0.0,1
BOTTOM,Akshan,Caitlyn,1.0,1
MIDDLE,Gragas,KogMaw,0.5,2
MIDDLE,KogMaw,Gragas,0.5,2
TOP,Yorick,Katarina,1.0,1
TOP,Katarina,Yorick,0.0,1
TOP,Aatrox,Elise,0.0,1
TOP,Elise,Aatrox,1.0,1
BOTTOM,MasterYi,Draven,0.0,1
BOTTOM,Draven,MasterYi,1.0,1
TOP,Hwei,Jayce,1.0,1
TOP,Jayce,Hwei,0.0,1
MIDDLE,Annie,Gwen,0.0,1
MIDDLE,Gwen,Annie,1.0,1
TOP,Draven,Zaahen,0.0,1
TOP,Zaahen,Draven,1.0,1
UTILITY,Xerath,Zoe,1.0,1
UTILITY,Zoe,Xerath,0.0,1
TOP,Gangplank,Qiyana,1.0,1
TOP,Qiyana,Gangplank,0.0,1
TOP,Zilean,Teemo,0.0,1
TOP,Teemo,Zilean,1.0,1
UTILITY,Alistar,Kassadin,1.0,1
UTILITY,Kassadin,Alistar,0.0,1
TOP,Gangplank,Corki,0.0,1
TOP,Corki,Gangplank,1.0,1
TOP,Pantheon,MonkeyKing,1.0,1
TOP,MonkeyKing,Pantheon,0.0,1
UTILITY,Taliyah,Leblanc,0.0,1
UTILITY,Leblanc,Taliyah,1.0,1
TOP,Tristana,Gragas,0.0,1
TOP,Gragas,Tristana,1.0,1
TOP,Malphite,Belveth,0.0,1
TOP,Belveth,Malphite,1.0,1
JUNGLE,Jayce,Riven,0.5,2
JUNGLE,Riven,Jayce,0.5,2
TOP,Camille,Ahri,0.0,1
TOP,Ahri,Camille,1.0,1
MIDDLE,Zeri,Sylas,0.0,1
MIDDLE,Sylas,Zeri,1.0,1
TOP,Belveth,Jax,1.0,1
TOP,Jax,Belveth,0.0,1
TOP,TahmKench,Ahri,0.0,1
TOP,Ahri,TahmKench,1.0,1
TOP,Malzahar,Irelia,0.0,1
TOP,Irelia,Malzahar,1.0,1
TOP,Viktor,Yone,0.0,1
TOP,Yone,Viktor,1.0,1
JUNGLE,Taliyah,Nasus,0.6666666666666666,3
JUNGLE,Nasus,Taliyah,0.3333333333333333,3
JUNGLE,Poppy,Nasus,0.0,1
JUNGLE,Nasus,Poppy,1.0,1
TOP,Mel,Gragas,1.0,1
TOP,Gragas,Mel,0.0,1
TOP,Renekton,Zilean,0.0,1
TOP,Zilean,Renekton,1.0,1
TOP,Karthus,Zeri,0.0,1
TOP,Zeri,Karthus,1.0,1
UTILITY,Gragas,Braum,0.5,2
UTILITY,Braum,Gragas,0.5,2
TOP,Syndra,Irelia,1.0,1
TOP,Irelia,Syndra,0.0,1
BOTTOM,Quinn,Cassiopeia,0.0,1
BOTTOM,Cassiopeia,Quinn,1.0,1
UTILITY,Galio,Pantheon,0.0,1
UTILITY,Pantheon,Galio,1.0,1
BOTTOM,Sylas,Varus,1.0,1
BOTTOM,Varus,Sylas,0.0,1
TOP,Zoe,Zed,0.0,1
TOP,Zed,Zoe,1.0,1
BOTTOM,Jhin,MasterYi,0.0,1
BOTTOM,MasterYi,Jhin,1.0,1
TOP,Tristana,Zoe,0.0,1
TOP,Zoe,Tristana,1.0,1
UTILITY,Elise,Qiyana,0.0,1
UTILITY,Qiyana,Elise,1.0,1
UTILITY,TahmKench,Senna,0.0,1
UTILITY,Senna,TahmKench,1.0,1
UTILITY,Blitzcrank,Ekko,0.0,1
UTILITY,Ekko,Blitzcrank,1.0,1
BOTTOM,TahmKench,Mordekaiser,0.0,1
BOTTOM,Mordekaiser,TahmKench,1.0,1
BOTTOM,Aurora,Ziggs,0.5,2
BOTTOM,Ziggs,Aurora,0.5,2
MIDDLE,Xerath,Belveth,1.0,1
MIDDLE,Belveth,Xerath,0.0,1
TOP,Darius,Viktor,1.0,1
TOP,Viktor,Darius,0.0,1
BOTTOM,Senna,KSante,1.0,2
BOTTOM,KSante,Senna,0.0,2
BOTTOM,Hwei,Aurora,0.0,1
BOTTOM,Aurora,Hwei,1.0,1
BOTTOM,Kaisa,Aurora,1.0,1
BOTTOM,Aurora,Kaisa,0.0,1
TOP,FiddleSticks,Aurora,0.0,1
TOP,Aurora,FiddleSticks,1.0,1
BOTTOM,MissFortune,Sylas,0.0,1
BOTTOM,Sylas,MissFortune,1.0,1
MIDDLE,Ambessa,Ryze,1.0,1
MIDDLE,Ryze,Ambessa,0.0,1
BOTTOM,Rengar,Ziggs,0.0,1
BOTTOM,Ziggs,Rengar,1.0,1
BOTTOM,Velkoz,Annie,0.0,1
BOTTOM,Annie,Velkoz,1.0,1
UTILITY,Lulu,JarvanIV,0.0,1
UTILITY,JarvanIV,Lulu,1.0,1
TOP,Malzahar,Ekko,1.0,1
TOP,Ekko,Malzahar,0.0,1
MIDDLE,Sivir,Ambessa,0.0,1
MIDDLE,Ambessa,Sivir,1.0,1
MIDDLE,Cassiopeia,LeeSin,0.0,1
MIDDLE,LeeSin,Cassiopeia,1.0,1
UTILITY,Hwei,Sylas,0.0,1
UTILITY,Sylas,Hwei,1.0,1
UTILITY,Taric,Sion,1.0,1
UTILITY,Sion,Taric,0.0,1
BOTTOM,Lux,Syndra,0.0,1
BOTTOM,Syndra,Lux,1.0,1
TOP,Qiyana,Singed,0.0,1
TOP,Singed,Qiyana,1.0,1
TOP,Chogath,Naafiri,1.0,1
TOP,Naafiri,Chogath,0.0,1
BOTTOM,Lux,Sylas,0.0,1
BOTTOM,Sylas,Lux,1.0,1
BOTTOM,Seraphine,Qiyana,1.0,1
BOTTOM,Qiyana,Seraphine,0.0,1
TOP,Karma,Akshan,0.0,1
TOP,Akshan,Karma,1.0,1
BOTTOM,Lucian,Qiyana,1.0,1
BOTTOM,Qiyana,Lucian,0.0,1
TOP,Morgana,Sion,1.0,1
TOP,Sion,Morgana,0.0,1
MIDDLE,Ambessa,AurelionSol,0.0,1
MIDDLE,AurelionSol,Ambessa,1.0,1
TOP,Vladimir,TahmKench,0.0,1
TOP,TahmKench,Vladimir,1.0,1
MIDDLE,Karma,Viktor,1.0,1
MIDDLE,Viktor,Karma,0.0,1
BOTTOM,Vladimir,Xayah,0.0,1
BOTTOM,Xayah,Vladimir,1.0,1
BOTTOM,Sona,Draven,0.0,1
BOTTOM,Draven,Sona,1.0,1
UTILITY,Seraphine,Rumble,1.0,1
UTILITY,Rumble,Seraphine,0.0,1
MIDDLE,Aurora,Kennen,1.0,1
MIDDLE,Kennen,Aurora,0.0,1
UTILITY,Zac,Pantheon,1.0,1
UTILITY,Pantheon,Zac,0.0,1
MIDDLE,Aatrox,Aurora,1.0,1
MIDDLE,Aurora,Aatrox,0.0,1
JUNGLE,Morgana,Nidalee,0.5,2
JUNGLE,Nidalee,Morgana,0.5,2
BOTTOM,Zeri,Akali,1.0,1
BOTTOM,Akali,Zeri,0.0,1
JUNGLE,Morgana,Quinn,1.0,1
JUNGLE,Quinn,Morgana,0.0,1
JUNGLE,FiddleSticks,Brand,1.0,1
JUNGLE,Brand,FiddleSticks,0.0,1
TOP,Sion,Vi,0.0,1
TOP,Vi,Sion,1.0,1
TOP,Gragas,Caitlyn,0.0,1
TOP,Caitlyn,Gragas,1.0,1
MIDDLE,Diana,Kalista,0.0,1
MIDDLE,Kalista,Diana,1.0,1
JUNGLE,Nidalee,Sett,1.0,1
JUNGLE,Sett,Nidalee,0.0,1
UTILITY,Senna,Viktor,1.0,1
UTILITY,Viktor,Senna,0.0,1
MIDDLE,Zilean,Ekko,1.0,1
MIDDLE,Ekko,Zilean,0.0,1
BOTTOM,Zyra,Nilah,0.0,1
BOTTOM,Nilah,Zyra,1.0,1
BOTTOM,Seraphine,Ekko,0.0,1
BOTTOM,Ekko,Seraphine,1.0,1
MIDDLE,Naafiri,Lux,0.0,1
MIDDLE,Lux,Naafiri,1.0,1
MIDDLE,Tristana,Tryndamere,0.5,2
MIDDLE,Tryndamere,Tristana,0.5,2
MIDDLE,Kled,Galio,0.0,1
MIDDLE,Galio,Kled,1.0,1
MIDDLE,Varus,Fizz,0.0,1
MIDDLE,Fizz,Varus,1.0,1
TOP,Viktor,Katarina,0.0,1
TOP,Katarina,Viktor,1.0,1
TOP,Naafiri,Yone,0.5,2
TOP,Yone,Naafiri,0.5,2
TOP,Yorick,Skarner,1.0,1
TOP,Skarner,Yorick,0.0,1
TOP,Katarina,Nidalee,1.0,1
TOP,Nidalee,Katarina,0.0,1
TOP,JarvanIV,Malphite,0.0,1
TOP,Malphite,JarvanIV,1.0,1
MIDDLE,Aurora,Gwen,1.0,1
MIDDLE,Gwen,Aurora,0.0,1
TOP,Camille,Syndra,1.0,1
TOP,Syndra,Camille,0.0,1
MIDDLE,Malphite,Viktor,1.0,1
MIDDLE,Viktor,Malphite,0.0,1
TOP,Fizz,Karma,0.0,1
TOP,Karma,Fizz,1.0,1
TOP,TwistedFate,Akshan,0.0,1
TOP,Akshan,TwistedFate,1.0,1
UTILITY,Riven,Nidalee,0.0,1
UTILITY,Nidalee,Riven,1.0,1
MIDDLE,Jayce,Malphite,0.0,2
MIDDLE,Malphite,Jayce,1.0,2
TOP,Gragas,Kayn,1.0,1
TOP,Kayn,Gragas,0.0,1
MIDDLE,Lux,Caitlyn,0.0,1
MIDDLE,Caitlyn,Lux,1.0,1
MIDDLE,Sion,Renekton,0.0,1
MIDDLE,Renekton,Sion,1.0,1
BOTTOM,Vladimir,Zilean,0.0,1
BOTTOM,Zilean,Vladimir,1.0,1
TOP,Gnar,Kayn,1.0,1
TOP,Kayn,Gnar,0.0,1
MIDDLE,Annie,Gangplank,0.0,1
MIDDLE,Gangplank,Annie,1.0,1
UTILITY,Kennen,Leona,0.0,1
UTILITY,Leona,Kennen,1.0,1
TOP,Akshan,Singed,1.0,1
TOP,Singed,Akshan,0.0,1
TOP,Udyr,Cassiopeia,0.0,1
TOP,Cassiopeia,Udyr,1.0,1
UTILITY,Swain,Zac,0.0,1
UTILITY,Zac,Swain,1.0,1
BOTTOM,Samira,Ekko,1.0,1
BOTTOM,Ekko,Samira,0.0,1
BOTTOM,Chogath,Lucian,0.0,1
BOTTOM,Lucian,Chogath,1.0,1
TOP,Lissandra,Jayce,1.0,1
TOP,Jayce,Lissandra,0.0,1
BOTTOM,Ziggs,Anivia,1.0,1
BOTTOM,Anivia,Ziggs,0.0,1
TOP,Zed,Poppy,1.0,1
TOP,Poppy,Zed,0.0,1
BOTTOM,Kalista,MasterYi,1.0,1
BOTTOM,MasterYi,Kalista,0.0,1
MIDDLE,Zac,Galio,0.0,1
MIDDLE,Galio,Zac,1.0,1
BOTTOM,Syndra,Aurora,1.0,1
BOTTOM,Aurora,Syndra,0.0,1
MIDDLE,Seraphine,Cassiopeia,0.0,1
MIDDLE,Cassiopeia,Seraphine,1.0,1
BOTTOM,Sylas,Hwei,0.0,1
BOTTOM,Hwei,Sylas,1.0,1
TOP,Olaf,Nunu,0.0,1
TOP,Nunu,Olaf,1.0,1
JUNGLE,Gwen,Kindred,1.0,1
JUNGLE,Kindred,Gwen,0.0,1
TOP,Vayne,Hwei,0.0,1
TOP,Hwei,Vayne,1.0,1
MIDDLE,Irelia,Warwick,0.0,1
MIDDLE,Warwick,Irelia,1.0,1
MIDDLE,Draven,Qiyana,0.0,1
MIDDLE,Qiyana,Draven,1.0,1
BOTTOM,Seraphine,Riven,1.0,1
BOTTOM,Riven,Seraphine,0.0,1
BOTTOM,Zilean,Katarina,0.0,1
BOTTOM,Katarina,Zilean,1.0,1
JUNGLE,Morgana,XinZhao,0.0,1
JUNGLE,XinZhao,Morgana,1.0,1
BOTTOM,Seraphine,Velkoz,0.6666666666666666,3
BOTTOM,Velkoz,Seraphine,0.3333333333333333,3
TOP,Zaahen,Kalista,1.0,1
TOP,Kalista,Zaahen,0.0,1
MIDDLE,Akshan,KSante,1.0,1
MIDDLE,KSante,Akshan,0.0,1
BOTTOM,Olaf,Fiora,0.0,1
BOTTOM,Fiora,Olaf,1.0,1
JUNGLE,Zyra,Morgana,0.0,1
JUNGLE,Morgana,Zyra,1.0,1
TOP,Corki,Nunu,1.0,1
TOP,Nunu,Corki,0.0,1
UTILITY,Vex,Janna,0.0,1
UTILITY,Janna,Vex,1.0,1
TOP,Ekko,Pantheon,0.0,1
TOP,Pantheon,Ekko,1.0,1
BOTTOM,Seraphine,Viktor,1.0,1
BOTTOM,Viktor,Seraphine,0.0,1
BOTTOM,MasterYi,Senna,0.6666666666666666,6
BOTTOM,Senna,MasterYi,0.3333333333333333,6
TOP,Quinn,Heimerdinger,1.0,1
TOP,Heimerdinger,Quinn,0.0,1
JUNGLE,Riven,MasterYi,1.0,1
JUNGLE,MasterYi,Riven,0.0,1
MIDDLE,Hwei,Gwen,0.0,1
MIDDLE,Gwen,Hwei,1.0,1
TOP,Camille,Ekko,1.0,1
TOP,Ekko,Camille,0.0,1
BOTTOM,Seraphine,Fiora,0.0,1
BOTTOM,Fiora,Seraphine,1.0,1
JUNGLE,Heimerdinger,Qiyana,1.0,1
JUNGLE,Qiyana,Heimerdinger,0.0,1
TOP,Ryze,Zac,1.0,1
TOP,Zac,Ryze,0.0,1
BOTTOM,Riven,Veigar,0.0,1
BOTTOM,Veigar,Riven,1.0,1
TOP,Chogath,Velkoz,0.0,1
TOP,Velkoz,Chogath,1.0,1
JUNGLE,Zyra,Rammus,0.0,1
JUNGLE,Rammus,Zyra,1.0,1
TOP,Malzahar,DrMundo,0.0,1
TOP,DrMundo,Malzahar,1.0,1
UTILITY,Nunu,Yuumi,1.0,1
UTILITY,Yuumi,Nunu,0.0,1
TOP,Ivern,Vladimir,1.0,1
TOP,Vladimir,Ivern,0.0,1
BOTTOM,TahmKench,Tristana,0.0,1
BOTTOM,Tristana,TahmKench,1.0,1
TOP,Naafiri,Garen,1.0,1
TOP,Garen,Naafiri,0.0,1
JUNGLE,Kaisa,Elise,0.0,1
JUNGLE,Elise,Kaisa,1.0,1
MIDDLE,DrMundo,Syndra,0.0,1
MIDDLE,Syndra,DrMundo,1.0,1
BOTTOM,Yasuo,Sett,0.0,1
BOTTOM,Sett,Yasuo,1.0,1
UTILITY,Gragas,Soraka,0.0,1
UTILITY,Soraka,Gragas,1.0,1
MIDDLE,Leblanc,Gragas,1.0,1
MIDDLE,Gragas,Leblanc,0.0,1
TOP,Elise,Gragas,0.5,2
TOP,Gragas,Elise,0.5,2
TOP,XinZhao,Caitlyn,1.0,1
TOP,Caitlyn,XinZhao,0.0,1
MIDDLE,Galio,Nautilus,0.0,1
MIDDLE,Nautilus,Galio,1.0,1
MIDDLE,Qiyana,Kled,1.0,1
MIDDLE,Kled,Qiyana,0.0,1
TOP,Jax,Morgana,1.0,1
TOP,Morgana,Jax,0.0,1
TOP,Mel,Poppy,0.0,1
TOP,Poppy,Mel,1.0,1
UTILITY,Taliyah,Zoe,0.0,1
UTILITY,Zoe,Taliyah,1.0,1
BOTTOM,Yone,Yasuo,1.0,1
BOTTOM,Yasuo,Yone,0.0,1
UTILITY,Darius,Swain,1.0,1
UTILITY,Swain,Darius,0.0,1
TOP,Vi,Sylas,1.0,2
TOP,Sylas,Vi,0.0,2
TOP,FiddleSticks,Chogath,1.0,1
TOP,Chogath,FiddleSticks,0.0,1
TOP,Hwei,Aurora,1.0,1
TOP,Aurora,Hwei,0.0,1
JUNGLE,Riven,Skarner,1.0,1
JUNGLE,Skarner,Riven,0.0,1
UTILITY,Yuumi,Brand,1.0,1
UTILITY,Brand,Yuumi,0.0,1
TOP,Zed,Singed,0.0,1
TOP,Singed,Zed,1.0,1
TOP,Zed,Ryze,1.0,1
TOP,Ryze,Zed,0.0,1
JUNGLE,Riven,Nocturne,0.0,1
JUNGLE,Nocturne,Riven,1.0,1
BOTTOM,Zilean,Hwei,1.0,1
BOTTOM,Hwei,Zilean,0.0,1
JUNGLE,Tryndamere,Vi,0.0,1
JUNGLE,Vi,Tryndamere,1.0,1
JUNGLE,Riven,Poppy,1.0,1
JUNGLE,Poppy,Riven,0.0,1
BOTTOM,Anivia,Varus,0.0,1
BOTTOM,Varus,Anivia,1.0,1
BOTTOM,Fiora,Hwei,0.0,1
BOTTOM,Hwei,Fiora,1.0,1
TOP,Kalista,Diana,0.0,1
TOP,Diana,Kalista,1.0,1
MIDDLE,Shen,Annie,1.0,1
MIDDLE,Annie,Shen,0.0,1
JUNGLE,Evelynn,Quinn,0.0,1
JUNGLE,Quinn,Evelynn,1.0,1
TOP,Gwen,Orianna,0.0,1
TOP,Orianna,Gwen,1.0,1
JUNGLE,Udyr,Trundle,0.0,1
JUNGLE,Trundle,Udyr,1.0,1
TOP,Jayce,Kayn,1.0,1
TOP,Kayn,Jayce,0.0,1
JUNGLE,Brand,Elise,0.5,2
JUNGLE,Elise,Brand,0.5,2
UTILITY,Riven,Nautilus,0.0,1
UTILITY,Nautilus,Riven,1.0,1
MIDDLE,Caitlyn,Syndra,1.0,1
MIDDLE,Syndra,Caitlyn,0.0,1
UTILITY,Rell,Trundle,1.0,1
UTILITY,Trundle,Rell,0.0,1
UTILITY,Twitch,Pantheon,0.0,1
UTILITY,Pantheon,Twitch,1.0,1
TOP,Nunu,Annie,1.0,1
TOP,Annie,Nunu,0.0,1
MIDDLE,Rumble,KSante,0.0,1
MIDDLE,KSante,Rumble,1.0,1
MIDDLE,Fizz,AurelionSol,1.0,1
MIDDLE,AurelionSol,Fizz,0.0,1
JUNGLE,Maokai,Nasus,0.0,1
JUNGLE,Nasus,Maokai,1.0,1
TOP,Rengar,Renekton,1.0,1
TOP,Renekton,Rengar,0.0,1
TOP,Sion,Nunu,1.0,1
TOP,Nunu,Sion,0.0,1
TOP,Elise,Ambessa,1.0,3
TOP,Ambessa,Elise,0.0,3
UTILITY,Swain,Maokai,0.0,2
UTILITY,Maokai,Swain,1.0,2
MIDDLE,Fizz,KSante,0.0,1
MIDDLE,KSante,Fizz,1.0,1
TOP,Gnar,Jhin,1.0,1
TOP,Jhin,Gnar,0.0,1
BOTTOM,Irelia,Pantheon,0.0,1
BOTTOM,Pantheon,Irelia,1.0,1
MIDDLE,Viktor,Zaahen,0.0,1
MIDDLE,Zaahen,Viktor,1.0,1
UTILITY,Alistar,KSante,1.0,1
UTILITY,KSante,Alistar,0.0,1
UTILITY,Alistar,Zac,0.0,1
UTILITY,Zac,Alistar,1.0,1
TOP,Akali,Kled,0.0,1
TOP,Kled,Akali,1.0,1
MIDDLE,Brand,Ambessa,0.0,1
MIDDLE,Ambessa,Brand,1.0,1
TOP,Aurora,Janna,1.0,1
TOP,Janna,Aurora,0.0,1
MIDDLE,Nasus,Brand,0.0,1
MIDDLE,Brand,Nasus,1.0,1
TOP,Sona,Jax,1.0,1
TOP,Jax,Sona,0.0,1
TOP,Olaf,TwistedFate,0.0,1
TOP,TwistedFate,Olaf,1.0,1
MIDDLE,Ivern,Riven,0.0,1
MIDDLE,Riven,Ivern,1.0,1
TOP,Viego,Anivia,1.0,1
TOP,Anivia,Viego,0.0,1
BOTTOM,MissFortune,Katarina,1.0,1
BOTTOM,Katarina,MissFortune,0.0,1
JUNGLE,Kindred,Rammus,1.0,1
JUNGLE,Rammus,Kindred,0.0,1
TOP,Darius,Sona,1.0,1
TOP,Sona,Darius,0.0,1
BOTTOM,Cassiopeia,Jax,1.0,1
BOTTOM,Jax,Cassiopeia,0.0,1
MIDDLE,Gnar,Annie,0.0,1
MIDDLE,Annie,Gnar,1.0,1
BOTTOM,Malzahar,Lux,0.0,1
BOTTOM,Lux,Malzahar,1.0,1
TOP,Viego,Ryze,0.0,1
TOP,Ryze,Viego,1.0,1
UTILITY,Mel,Poppy,0.0,1
UTILITY,Poppy,Mel,1.0,1
JUNGLE,XinZhao,Sett,0.0,1
JUNGLE,Sett,XinZhao,1.0,1
UTILITY,Pyke,Jax,0.0,1
UTILITY,Jax,Pyke,1.0,1
BOTTOM,Sylas,Draven,1.0,1
BOTTOM,Draven,Sylas,0.0,1
BOTTOM,Kaisa,Riven,1.0,1
BOTTOM,Riven,Kaisa,0.0,1
TOP,Ekko,Zoe,1.0,1
TOP,Zoe,Ekko,0.0,1
TOP,DrMundo,Viego,0.0,1
TOP,Viego,DrMundo,1.0,1
TOP,Riven,Soraka,1.0,1
TOP,Soraka,Riven,0.0,1
MIDDLE,LeeSin,Quinn,0.0,1
MIDDLE,Quinn,LeeSin,1.0,1
JUNGLE,Riven,Ivern,1.0,1
JUNGLE,Ivern,Riven,0.0,1
MIDDLE,Talon,Quinn,0.5,2
MIDDLE,Quinn,Talon,0.5,2
TOP,Lissandra,Urgot,0.0,1
TOP,Urgot,Lissandra,1.0,1
BOTTOM,Samira,Fiora,0.0,1
BOTTOM,Fiora,Samira,1.0,1
TOP,Velkoz,Teemo,1.0,2
TOP,Teemo,Velkoz,0.0,2
UTILITY,Syndra,Seraphine,1.0,1
UTILITY,Seraphine,Syndra,0.0,1
JUNGLE,Zyra,Riven,0.0,1
JUNGLE,Riven,Zyra,1.0,1
MIDDLE,Darius,Syndra,0.0,1
MIDDLE,Syndra,Darius,1.0,1
BOTTOM,Swain,Ziggs,1.0,1
BOTTOM,Ziggs,Swain,0.0,1
TOP,Ezreal,Teemo,0.0,1
TOP,Teemo,Ezreal,1.0,1
TOP,Ahri,Naafiri,0.0,1
TOP,Naafiri,Ahri,1.0,1
BOTTOM,Zyra,Ekko,0.0,1
BOTTOM,Ekko,Zyra,1.0,1
BOTTOM,Hwei,Olaf,1.0,1
BOTTOM,Olaf,Hwei,0.0,1
BOTTOM,Qiyana,KogMaw,0.0,1
BOTTOM,KogMaw,Qiyana,1.0,1
BOTTOM,Kaisa,Pantheon,0.5,2
BOTTOM,Pantheon,Kaisa,0.5,2
TOP,Sett,Zilean,0.0,1
TOP,Zilean,Sett,1.0,1
BOTTOM,Fiora,Velkoz,0.0,1
BOTTOM,Velkoz,Fiora,1.0,1
TOP,Elise,Garen,0.0,1
TOP,Garen,Elise,1.0,1
TOP,Ahri,Gragas,0.0,1
TOP,Gragas,Ahri,1.0,1
UTILITY,Riven,Pyke,1.0,1
UTILITY,Pyke,Riven,0.0,1
MIDDLE,MasterYi,Vayne,0.0,1
MIDDLE,Vayne,MasterYi,1.0,1
UTILITY,Rell,Taliyah,0.0,1
UTILITY,Taliyah,Rell,1.0,1
BOTTOM,Velkoz,Twitch,1.0,2
BOTTOM,Twitch,Velkoz,0.0,2
BOTTOM,AurelionSol,Pantheon,0.0,1
BOTTOM,Pantheon,AurelionSol,1.0,1
MIDDLE,Ambessa,Elise,0.0,1
MIDDLE,Elise,Ambessa,1.0,1
JUNGLE,Olaf,MonkeyKing,0.5,2
JUNGLE,MonkeyKing,Olaf,0.5,2
JUNGLE,Rengar,Vayne,0.0,1
JUNGLE,Vayne,Rengar,1.0,1
MIDDLE,LeeSin,Zeri,0.0,1
MIDDLE,Zeri,LeeSin,1.0,1
MIDDLE,Nasus,Renekton,0.0,1
MIDDLE,Renekton,Nasus,1.0,1
UTILITY,Zilean,Singed,1.0,1
UTILITY,Singed,Zilean,0.0,1
JUNGLE,Sylas,Trundle,0.0,1
JUNGLE,Trundle,Sylas,1.0,1
MIDDLE,Vex,Seraphine,0.0,1
MIDDLE,Seraphine,Vex,1.0,1
TOP,Yorick,Zilean,0.0,1
TOP,Zilean,Yorick,1.0,1
TOP,Hwei,Annie,1.0,1
TOP,Annie,Hwei,0.0,1
BOTTOM,Vladimir,Azir,1.0,1
BOTTOM,Azir,Vladimir,0.0,1
TOP,Poppy,Olaf,1.0,1
TOP,Olaf,Poppy,0.0,1
UTILITY,Soraka,Morgana,0.5,2
UTILITY,Morgana,Soraka,0.5,2
BOTTOM,Hwei,Lux,0.0,1
BOTTOM,Lux,Hwei,1.0,1
MIDDLE,Leblanc,Kled,1.0,1
MIDDLE,Kled,Leblanc,0.0,1
BOTTOM,Swain,Veigar,0.0,1
BOTTOM,Veigar,Swain,1.0,1
TOP,Brand,Ahri,1.0,1
TOP,Ahri,Brand,0.0,1
BOTTOM,Hwei,Ekko,0.5,2
BOTTOM,Ekko,Hwei,0.5,2
TOP,Ahri,Zed,0.0,1
TOP,Zed,Ahri,1.0,1
TOP,Camille,AurelionSol,0.0,1
TOP,AurelionSol,Camille,1.0,1
JUNGLE,Neeko,Vi,0.0,1
JUNGLE,Vi,Neeko,1.0,1
TOP,Lissandra,Malphite,1.0,3
TOP,Malphite,Lissandra,0.0,3
TOP,Poppy,Anivia,0.0,1
TOP,Anivia,Poppy,1.0,1
UTILITY,Fiora,Janna,0.0,1
UTILITY,Janna,Fiora,1.0,1
TOP,KSante,Karthus,1.0,1
TOP,Karthus,KSante,0.0,1
TOP,Illaoi,Singed,0.0,2
TOP,Singed,Illaoi,1.0,2
BOTTOM,Kaisa,Olaf,0.0,1
BOTTOM,Olaf,Kaisa,1.0,1
BOTTOM,Irelia,Yasuo,1.0,1
BOTTOM,Yasuo,Irelia,0.0,1
MIDDLE,Nidalee,Sylas,0.0,1
MIDDLE,Sylas,Nidalee,1.0,1
TOP,Ambessa,Kindred,0.0,1
TOP,Kindred,Ambessa,1.0,1
TOP,Nidalee,Gangplank,0.0,1
TOP,Gangplank,Nidalee,1.0,1
MIDDLE,Nidalee,TwistedFate,0.0,1
MIDDLE,TwistedFate,Nidalee,1.0,1
TOP,Sejuani,Malphite,0.0,1
TOP,Malphite,Sejuani,1.0,1
TOP,Ezreal,Sion,0.0,1
TOP,Sion,Ezreal,1.0,1
UTILITY,Vi,Karma,0.0,1
UTILITY,Karma,Vi,1.0,1
MIDDLE,Akali,Lucian,1.0,1
MIDDLE,Lucian,Akali,0.0,1
TOP,Gwen,Viego,0.0,1
TOP,Viego,Gwen,1.0,1
UTILITY,Alistar,Fiora,1.0,1
UTILITY,Fiora,Alistar,0.0,1
MIDDLE,Diana,KSante,0.0,1
MIDDLE,KSante,Diana,1.0,1
TOP,FiddleSticks,Illaoi,0.0,1
TOP,Illaoi,FiddleSticks,1.0,1
MIDDLE,Zilean,Neeko,1.0,1
MIDDLE,Neeko,Zilean,0.0,1
TOP,Cassiopeia,FiddleSticks,0.0,1
TOP,FiddleSticks,Cassiopeia,1.0,1
MIDDLE,Malphite,Corki,1.0,1
MIDDLE,Corki,Malphite,0.0,1
BOTTOM,Zoe,Jinx,0.0,1
BOTTOM,Jinx,Zoe,1.0,1
TOP,Cassiopeia,Maokai,1.0,1
TOP,Maokai,Cassiopeia,0.0,1
MIDDLE,Taliyah,Zilean,0.6666666666666666,3
MIDDLE,Zilean,Taliyah,0.3333333333333333,3
TOP,Seraphine,Diana,1.0,1
TOP,Diana,Seraphine,0.0,1
TOP,MasterYi,Yorick,0.0,1
TOP,Yorick,MasterYi,1.0,1
JUNGLE,Amumu,Sejuani,1.0,1
JUNGLE,Sejuani,Amumu,0.0,1
TOP,Gnar,Xayah,1.0,1
TOP,Xayah,Gnar,0.0,1
TOP,Singed,Tristana,0.0,1
TOP,Tristana,Singed,1.0,1
JUNGLE,Vayne,Trundle,0.0,1
JUNGLE,Trundle,Vayne,1.0,1
MIDDLE,Jax,Garen,1.0,1
MIDDLE,Garen,Jax,0.0,1
TOP,Zeri,Varus,1.0,1
TOP,Varus,Zeri,0.0,1
TOP,TahmKench,Ezreal,1.0,1
TOP,Ezreal,TahmKench,0.0,1
TOP,Talon,Swain,0.0,1
TOP,Swain,Talon,1.0,1
BOTTOM,Jax,Senna,0.0,1
BOTTOM,Senna,Jax,1.0,1
JUNGLE,Yasuo,LeeSin,0.0,1
JUNGLE,LeeSin,Yasuo,1.0,1
MIDDLE,Morgana,Ziggs,0.0,1
MIDDLE,Ziggs,Morgana,1.0,1
BOTTOM,Lux,Riven,0.0,1
BOTTOM,Riven,Lux,1.0,1
JUNGLE,Amumu,Ivern,0.0,1
JUNGLE,Ivern,Amumu,1.0,1
TOP,Illaoi,Pantheon,0.0,1
TOP,Pantheon,Illaoi,1.0,1
MIDDLE,Nautilus,Sylas,0.0,1
MIDDLE,Sylas,Nautilus,1.0,1
UTILITY,Fiora,Yuumi,0.0,1
UTILITY,Yuumi,Fiora,1.0,1
UTILITY,Janna,Zed,0.0,1
UTILITY,Zed,Janna,1.0,1
TOP,FiddleSticks,Volibear,1.0,1
TOP,Volibear,FiddleSticks,0.0,1
BOTTOM,Naafiri,Yasuo,0.0,2
BOTTOM,Yasuo,Naafiri,1.0,2
TOP,Gnar,Zeri,1.0,1
TOP,Zeri,Gnar,0.0,1
TOP,Gragas,Zeri,0.0,1
TOP,Zeri,Gragas,1.0,1
BOTTOM,Sylas,Nilah,1.0,1
BOTTOM,Nilah,Sylas,0.0,1
UTILITY,Sona,TahmKench,1.0,1
UTILITY,TahmKench,Sona,0.0,1
TOP,Yorick,Illaoi,0.3333333333333333,3
TOP,Illaoi,Yorick,0.6666666666666666,3
MIDDLE,Vex,Lissandra,1.0,1
MIDDLE,Lissandra,Vex,0.0,1
TOP,Singed,Elise,0.5,2
TOP,Elise,Singed,0.5,2
MIDDLE,Kassadin,Seraphine,0.0,1
MIDDLE,Seraphine,Kassadin,1.0,1
TOP,Illaoi,Trundle,1.0,1
TOP,Trundle,Illaoi,0.0,1
MIDDLE,AurelionSol,Seraphine,0.0,1
MIDDLE,Seraphine,AurelionSol,1.0,1
UTILITY,Rakan,Rengar,0.0,1
UTILITY,Rengar,Rakan,1.0,1
TOP,FiddleSticks,Corki,0.0,1
TOP,Corki,FiddleSticks,1.0,1
BOTTOM,Tristana,Viktor,0.0,1
BOTTOM,Viktor,Tristana,1.0,1
MIDDLE,TahmKench,Galio,1.0,1
MIDDLE,Galio,TahmKench,0.0,1
TOP,Jayce,Elise,0.0,1
TOP,Elise,Jayce,1.0,1
JUNGLE,Olaf,Trundle,0.0,1
JUNGLE,Trundle,Olaf,1.0,1
MIDDLE,Brand,Sion,1.0,1
MIDDLE,Sion,Brand,0.0,1
UTILITY,Rengar,Milio,0.0,1
UTILITY,Milio,Rengar,1.0,1
TOP,Kalista,Lux,1.0,1
TOP,Lux,Kalista,0.0,1
JUNGLE,Amumu,Yasuo,1.0,1
JUNGLE,Yasuo,Amumu,0.0,1
UTILITY,Shaco,Shen,0.0,1
UTILITY,Shen,Shaco,1.0,1
TOP,Aatrox,Kayn,0.0,1
TOP,Kayn,Aatrox,1.0,1
JUNGLE,Twitch,Hecarim,0.0,1
JUNGLE,Hecarim,Twitch,1.0,1
UTILITY,Seraphine,AurelionSol,1.0,1
UTILITY,AurelionSol,Seraphine,0.0,1
TOP,Lillia,Irelia,1.0,1
TOP,Irelia,Lillia,0.0,1
TOP,Nidalee,Tryndamere,0.0,1
TOP,Tryndamere,Nidalee,1.0,1
MIDDLE,Malphite,Kayle,0.0,1
MIDDLE,Kayle,Malphite,1.0,1
TOP,DrMundo,Ezreal,0.0,1
TOP,Ezreal,DrMundo,1.0,1
MIDDLE,Malzahar,Malphite,0.0,1
MIDDLE,Malphite,Malzahar,1.0,1
BOTTOM,Lucian,MasterYi,0.0,1
BOTTOM,MasterYi,Lucian,1.0,1
BOTTOM,Zyra,Syndra,1.0,1
BOTTOM,Syndra,Zyra,0.0,1
MIDDLE,Illaoi,Ahri,1.0,1
MIDDLE,Ahri,Illaoi,0.0,1
TOP,Quinn,Kalista,0.0,1
TOP,Kalista,Quinn,1.0,1
MIDDLE,Sion,Tristana,0.0,1
MIDDLE,Tristana,Sion,1.0,1
UTILITY,FiddleSticks,Anivia,0.0,1
UTILITY,Anivia,FiddleSticks,1.0,1
TOP,Sett,Karma,0.0,1
TOP,Karma,Sett,1.0,1
BOTTOM,Karthus,Aurora,0.0,1
BOTTOM,Aurora,Karthus,1.0,1
MIDDLE,Diana,Jax,0.0,1
MIDDLE,Jax,Diana,1.0,1
TOP,Yone,Kaisa,1.0,1
TOP,Kaisa,Yone,0.0,1
BOTTOM,Aphelios,Malzahar,1.0,1
BOTTOM,Malzahar,Aphelios,0.0,1
BOTTOM,MasterYi,Xayah,1.0,1
BOTTOM,Xayah,MasterYi,0.0,1
TOP,Corki,Jayce,1.0,1
TOP,Jayce,Corki,0.0,1
TOP,Locke,Renekton,0.0,2
TOP,Renekton,Locke,1.0,2
MIDDLE,Tryndamere,Zoe,1.0,1
MIDDLE,Zoe,Tryndamere,0.0,1
MIDDLE,Locke,Riven,0.4,5
MIDDLE,Riven,Locke,0.6,5
TOP,KSante,Locke,1.0,2
TOP,Locke,KSante,0.0,2
MIDDLE,Naafiri,Trundle,0.0,1
MIDDLE,Trundle,Naafiri,1.0,1
TOP,Ahri,Karthus,0.0,1
TOP,Karthus,Ahri,1.0,1
TOP,Locke,Irelia,1.0,2
TOP,Irelia,Locke,0.0,2
MIDDLE,Diana,Locke,1.0,4
MIDDLE,Locke,Diana,0.0,4
MIDDLE,Locke,Lissandra,0.0,1
MIDDLE,Lissandra,Locke,1.0,1
TOP,Zoe,Pantheon,0.0,1
TOP,Pantheon,Zoe,1.0,1
MIDDLE,Vladimir,Naafiri,1.0,1
MIDDLE,Naafiri,Vladimir,0.0,1
MIDDLE,Hwei,Zeri,0.0,1
MIDDLE,Zeri,Hwei,1.0,1
MIDDLE,Zilean,Locke,0.5,2
MIDDLE,Locke,Zilean,0.5,2
TOP,Locke,Riven,1.0,1
TOP,Riven,Locke,0.0,1
JUNGLE,Kindred,Locke,0.0,1
JUNGLE,Locke,Kindred,1.0,1
TOP,Nunu,Camille,0.0,1
TOP,Camille,Nunu,1.0,1
MIDDLE,Locke,Leblanc,1.0,3
MIDDLE,Leblanc,Locke,0.0,3
MIDDLE,Orianna,Locke,0.5,2
MIDDLE,Locke,Orianna,0.5,2
TOP,Aatrox,Zeri,1.0,1
TOP,Zeri,Aatrox,0.0,1
TOP,Karthus,Naafiri,0.0,1
TOP,Naafiri,Karthus,1.0,1
MIDDLE,Locke,TwistedFate,0.3333333333333333,3
MIDDLE,TwistedFate,Locke,0.6666666666666666,3
UTILITY,Velkoz,TahmKench,0.0,1
UTILITY,TahmKench,Velkoz,1.0,1
TOP,Locke,Singed,0.6666666666666666,3
TOP,Singed,Locke,0.3333333333333333,3
MIDDLE,Yasuo,Locke,0.5,2
MIDDLE,Locke,Yasuo,0.5,2
UTILITY,FiddleSticks,Lux,1.0,1
UTILITY,Lux,FiddleSticks,0.0,1
MIDDLE,Heimerdinger,TwistedFate,0.0,1
MIDDLE,TwistedFate,Heimerdinger,1.0,1
MIDDLE,Irelia,Locke,0.3333333333333333,3
MIDDLE,Locke,Irelia,0.6666666666666666,3
BOTTOM,Draven,Locke,0.0,1
BOTTOM,Locke,Draven,1.0,1
MIDDLE,Locke,Akali,0.3333333333333333,12
MIDDLE,Akali,Locke,0.6666666666666666,12
BOTTOM,Locke,Tristana,1.0,1
BOTTOM,Tristana,Locke,0.0,1
UTILITY,Zoe,Fiora,1.0,1
UTILITY,Fiora,Zoe,0.0,1
BOTTOM,Aphelios,Katarina,0.0,1
BOTTOM,Katarina,Aphelios,1.0,1
JUNGLE,Zyra,Belveth,0.0,1
JUNGLE,Belveth,Zyra,1.0,1
MIDDLE,Pyke,Yone,0.0,1
MIDDLE,Yone,Pyke,1.0,1
MIDDLE,Cassiopeia,Locke,0.25,4
MIDDLE,Locke,Cassiopeia,0.75,4
TOP,Kayle,Shaco,0.0,1
TOP,Shaco,Kayle,1.0,1
JUNGLE,Orianna,Aatrox,0.0,1
JUNGLE,Aatrox,Orianna,1.0,1
MIDDLE,Kassadin,Locke,0.0,3
MIDDLE,Locke,Kassadin,1.0,3
UTILITY,Trundle,Lux,0.0,1
UTILITY,Lux,Trundle,1.0,1
MIDDLE,Locke,KogMaw,1.0,1
MIDDLE,KogMaw,Locke,0.0,1
BOTTOM,Kaisa,MasterYi,0.5,2
BOTTOM,MasterYi,Kaisa,0.5,2
JUNGLE,FiddleSticks,Locke,1.0,2
JUNGLE,Locke,FiddleSticks,0.0,2
JUNGLE,Riven,Qiyana,0.0,1
JUNGLE,Qiyana,Riven,1.0,1
TOP,Locke,Camille,0.5,2
TOP,Camille,Locke,0.5,2
BOTTOM,Kayle,Lucian,1.0,1
BOTTOM,Lucian,Kayle,0.0,1
TOP,Illaoi,Teemo,1.0,1
TOP,Teemo,Illaoi,0.0,1
JUNGLE,Jayce,Locke,0.6666666666666666,3
JUNGLE,Locke,Jayce,0.3333333333333333,3
TOP,KSante,Ivern,0.0,1
TOP,Ivern,KSante,1.0,1
MIDDLE,Locke,Katarina,1.0,1
MIDDLE,Katarina,Locke,0.0,1
UTILITY,Annie,Milio,0.0,1
UTILITY,Milio,Annie,1.0,1
BOTTOM,Ezreal,Locke,1.0,1
BOTTOM,Locke,Ezreal,0.0,1
MIDDLE,Locke,Akshan,0.25,4
MIDDLE,Akshan,Locke,0.75,4
TOP,Nasus,Zyra,1.0,1
TOP,Zyra,Nasus,0.0,1
TOP,Nasus,LeeSin,0.0,1
TOP,LeeSin,Nasus,1.0,1
BOTTOM,Orianna,KogMaw,0.0,1
BOTTOM,KogMaw,Orianna,1.0,1
MIDDLE,Locke,Sylas,0.3333333333333333,3
MIDDLE,Sylas,Locke,0.6666666666666666,3
BOTTOM,Locke,Syndra,0.0,1
BOTTOM,Syndra,Locke,1.0,1
TOP,Locke,Aurora,0.5,2
TOP,Aurora,Locke,0.5,2
JUNGLE,Locke,Lillia,1.0,1
JUNGLE,Lillia,Locke,0.0,1
JUNGLE,Kindred,Urgot,0.0,1
JUNGLE,Urgot,Kindred,1.0,1
TOP,Locke,Darius,0.0,2
TOP,Darius,Locke,1.0,2
BOTTOM,Yone,Seraphine,1.0,1
BOTTOM,Seraphine,Yone,0.0,1
TOP,Zed,Kled,1.0,1
TOP,Kled,Zed,0.0,1
MIDDLE,Quinn,Jax,0.0,1
MIDDLE,Jax,Quinn,1.0,1
MIDDLE,Locke,Hwei,1.0,1
MIDDLE,Hwei,Locke,0.0,1
MIDDLE,Tristana,Warwick,1.0,1
MIDDLE,Warwick,Tristana,0.0,1
TOP,Locke,Pantheon,1.0,1
TOP,Pantheon,Locke,0.0,1
MIDDLE,Locke,Ahri,0.5,6
MIDDLE,Ahri,Locke,0.5,6
MIDDLE,Brand,Locke,1.0,1
MIDDLE,Locke,Brand,0.0,1
UTILITY,Sylas,Rumble,1.0,1
UTILITY,Rumble,Sylas,0.0,1
BOTTOM,Locke,Lux,1.0,1
BOTTOM,Lux,Locke,0.0,1
JUNGLE,Jax,Locke,0.0,1
JUNGLE,Locke,Jax,1.0,1
BOTTOM,Renekton,Kaisa,1.0,1
BOTTOM,Kaisa,Renekton,0.0,1
MIDDLE,Ekko,Locke,0.5,2
MIDDLE,Locke,Ekko,0.5,2
MIDDLE,Locke,Vex,0.0,1
MIDDLE,Vex,Locke,1.0,1
MIDDLE,Locke,Ryze,0.6666666666666666,3
MIDDLE,Ryze,Locke,0.3333333333333333,3
TOP,Elise,Olaf,0.0,1
TOP,Olaf,Elise,1.0,1
MIDDLE,Akali,Poppy,1.0,1
MIDDLE,Poppy,Akali,0.0,1
TOP,Camille,Sona,1.0,1
TOP,Sona,Camille,0.0,1
UTILITY,Shaco,Aurora,1.0,1
UTILITY,Aurora,Shaco,0.0,1
MIDDLE,Renekton,Tristana,0.0,1
MIDDLE,Tristana,Renekton,1.0,1
JUNGLE,Quinn,Amumu,0.0,1
JUNGLE,Amumu,Quinn,1.0,1
UTILITY,Aurora,Pantheon,0.0,1
UTILITY,Pantheon,Aurora,1.0,1
BOTTOM,Renekton,Aphelios,1.0,1
BOTTOM,Aphelios,Renekton,0.0,1
BOTTOM,Sylas,Yasuo,0.0,1
BOTTOM,Yasuo,Sylas,1.0,1
JUNGLE,Elise,Locke,0.0,1
JUNGLE,Locke,Elise,1.0,1
UTILITY,Pantheon,Annie,0.0,1
UTILITY,Annie,Pantheon,1.0,1
TOP,Hwei,Irelia,1.0,1
TOP,Irelia,Hwei,0.0,1
UTILITY,Locke,Senna,0.0,1
UTILITY,Senna,Locke,1.0,1
UTILITY,Leblanc,Qiyana,0.0,1
UTILITY,Qiyana,Leblanc,1.0,1
MIDDLE,Zed,Locke,0.0,1
MIDDLE,Locke,Zed,1.0,1
UTILITY,Fiora,Milio,0.0,1
UTILITY,Milio,Fiora,1.0,1
UTILITY,Janna,Ezreal,1.0,2
UTILITY,Ezreal,Janna,0.0,2
JUNGLE,Locke,Pantheon,0.0,1
JUNGLE,Pantheon,Locke,1.0,1
TOP,Shen,FiddleSticks,1.0,1
TOP,FiddleSticks,Shen,0.0,1
MIDDLE,Irelia,Ambessa,0.0,1
MIDDLE,Ambessa,Irelia,1.0,1
TOP,TwistedFate,Locke,1.0,1
TOP,Locke,TwistedFate,0.0,1
MIDDLE,Locke,Anivia,0.3333333333333333,3
MIDDLE,Anivia,Locke,0.6666666666666666,3
TOP,Velkoz,Akshan,0.0,1
TOP,Akshan,Velkoz,1.0,1
UTILITY,Maokai,Ornn,0.0,1
UTILITY,Ornn,Maokai,1.0,1
BOTTOM,Annie,Senna,0.0,1
BOTTOM,Senna,Annie,1.0,1
MIDDLE,Irelia,Gragas,0.0,1
MIDDLE,Gragas,Irelia,1.0,1
MIDDLE,Quinn,Lucian,1.0,1
MIDDLE,Lucian,Quinn,0.0,1
TOP,Taliyah,Riven,0.0,1
TOP,Riven,Taliyah,1.0,1
TOP,Mordekaiser,Skarner,1.0,1
TOP,Skarner,Mordekaiser,0.0,1
BOTTOM,Syndra,Vladimir,0.0,1
BOTTOM,Vladimir,Syndra,1.0,1
MIDDLE,Yone,Locke,0.75,4
MIDDLE,Locke,Yone,0.25,4
MIDDLE,Viktor,Locke,0.0,2
MIDDLE,Locke,Viktor,1.0,2
JUNGLE,Trundle,Diana,1.0,1
JUNGLE,Diana,Trundle,0.0,1
BOTTOM,MissFortune,Zilean,0.0,1
BOTTOM,Zilean,MissFortune,1.0,1
UTILITY,Anivia,Mel,1.0,1
UTILITY,Mel,Anivia,0.0,1
MIDDLE,Locke,AurelionSol,0.0,1
MIDDLE,AurelionSol,Locke,1.0,1
JUNGLE,Evelynn,Poppy,1.0,1
JUNGLE,Poppy,Evelynn,0.0,1
MIDDLE,Ambessa,Corki,1.0,1
MIDDLE,Corki,Ambessa,0.0,1
MIDDLE,Trundle,Zed,0.0,1
MIDDLE,Zed,Trundle,1.0,1
BOTTOM,Teemo,Kalista,1.0,1
BOTTOM,Kalista,Teemo,0.0,1
BOTTOM,Irelia,Mel,0.0,1
BOTTOM,Mel,Irelia,1.0,1
MIDDLE,Locke,Sion,0.0,1
MIDDLE,Sion,Locke,1.0,1
TOP,Locke,Shen,0.0,1
TOP,Shen,Locke,1.0,1
UTILITY,Teemo,Seraphine,1.0,1
UTILITY,Seraphine,Teemo,0.0,1
BOTTOM,Aurora,Ekko,1.0,1
BOTTOM,Ekko,Aurora,0.0,1
TOP,Zaahen,Poppy,1.0,1
TOP,Poppy,Zaahen,0.0,1
TOP,Gwen,Ekko,0.0,1
TOP,Ekko,Gwen,1.0,1
UTILITY,Janna,Kennen,1.0,1
UTILITY,Kennen,Janna,0.0,1
TOP,Quinn,Syndra,1.0,1
TOP,Syndra,Quinn,0.0,1
MIDDLE,Kaisa,Sylas,1.0,1
MIDDLE,Sylas,Kaisa,0.0,1
MIDDLE,Kaisa,LeeSin,0.0,1
MIDDLE,LeeSin,Kaisa,1.0,1
JUNGLE,Skarner,Fizz,1.0,1
JUNGLE,Fizz,Skarner,0.0,1
UTILITY,Neeko,Vex,1.0,1
UTILITY,Vex,Neeko,0.0,1
MIDDLE,Velkoz,Zilean,0.0,1
MIDDLE,Zilean,Velkoz,1.0,1
UTILITY,Rakan,Taliyah,0.0,1
UTILITY,Taliyah,Rakan,1.0,1
BOTTOM,Velkoz,Riven,0.0,1
BOTTOM,Riven,Velkoz,1.0,1
JUNGLE,Locke,JarvanIV,0.25,4
JUNGLE,JarvanIV,Locke,0.75,4
JUNGLE,Locke,LeeSin,0.75,4
JUNGLE,LeeSin,Locke,0.25,4
JUNGLE,XinZhao,Locke,0.5,2
JUNGLE,Locke,XinZhao,0.5,2
BOTTOM,Draven,Qiyana,1.0,1
BOTTOM,Qiyana,Draven,0.0,1
MIDDLE,Nidalee,KSante,1.0,1
MIDDLE,KSante,Nidalee,0.0,1
MIDDLE,Nasus,Talon,1.0,1
MIDDLE,Talon,Nasus,0.0,1
TOP,Pyke,TwistedFate,1.0,1
TOP,TwistedFate,Pyke,0.0,1
UTILITY,Karma,Kennen,1.0,1
UTILITY,Kennen,Karma,0.0,1
JUNGLE,Olaf,Warwick,1.0,1
JUNGLE,Warwick,Olaf,0.0,1
TOP,Katarina,Malzahar,1.0,1
TOP,Malzahar,Katarina,0.0,1
UTILITY,Viego,Janna,1.0,1
UTILITY,Janna,Viego,0.0,1
BOTTOM,Katarina,Vladimir,0.0,1
BOTTOM,Vladimir,Katarina,1.0,1
MIDDLE,Locke,Annie,1.0,1
MIDDLE,Annie,Locke,0.0,1
TOP,Caitlyn,KSante,1.0,1
TOP,KSante,Caitlyn,0.0,1
BOTTOM,Syndra,Xayah,1.0,1
BOTTOM,Xayah,Syndra,0.0,1
JUNGLE,AurelionSol,Qiyana,0.0,1
JUNGLE,Qiyana,AurelionSol,1.0,1
TOP,Ekko,Annie,1.0,1
TOP,Annie,Ekko,0.0,1
TOP,Rammus,Akshan,0.0,2
TOP,Akshan,Rammus,1.0,2
BOTTOM,DrMundo,Kalista,0.0,1
BOTTOM,Kalista,DrMundo,1.0,1
JUNGLE,Locke,Sylas,1.0,1
JUNGLE,Sylas,Locke,0.0,1
MIDDLE,Trundle,Riven,0.0,1
MIDDLE,Riven,Trundle,1.0,1
BOTTOM,Syndra,Yone,1.0,1
BOTTOM,Yone,Syndra,0.0,1
MIDDLE,Trundle,Jayce,0.0,1
MIDDLE,Jayce,Trundle,1.0,1
MIDDLE,Lux,Tristana,1.0,1
MIDDLE,Tristana,Lux,0.0,1
BOTTOM,Ekko,Aphelios,1.0,1
BOTTOM,Aphelios,Ekko,0.0,1
MIDDLE,Locke,Aurora,1.0,2
MIDDLE,Aurora,Locke,0.0,2
TOP,Urgot,Akali,1.0,1
TOP,Akali,Urgot,0.0,1
BOTTOM,Locke,Samira,0.0,1
BOTTOM,Samira,Locke,1.0,1
JUNGLE,Rengar,Locke,1.0,1
JUNGLE,Locke,Rengar,0.0,1
TOP,Ivern,Garen,1.0,1
TOP,Garen,Ivern,0.0,1
MIDDLE,Syndra,Locke,0.5,2
MIDDLE,Locke,Syndra,0.5,2
BOTTOM,Karma,Tristana,1.0,1
BOTTOM,Tristana,Karma,0.0,1
BOTTOM,Velkoz,TahmKench,0.0,1
BOTTOM,TahmKench,Velkoz,1.0,1
TOP,Hwei,Renekton,1.0,1
TOP,Renekton,Hwei,0.0,1
UTILITY,Nidalee,Kindred,0.0,1
UTILITY,Kindred,Nidalee,1.0,1
JUNGLE,Locke,Ivern,0.5,2
JUNGLE,Ivern,Locke,0.5,2
JUNGLE,Urgot,Zed,1.0,1
JUNGLE,Zed,Urgot,0.0,1
TOP,Shen,KogMaw,1.0,1
TOP,KogMaw,Shen,0.0,1
JUNGLE,Karthus,Yone,0.0,1
JUNGLE,Yone,Karthus,1.0,1
MIDDLE,Renekton,Quinn,0.0,1
MIDDLE,Quinn,Renekton,1.0,1
MIDDLE,Lux,Gangplank,1.0,1
MIDDLE,Gangplank,Lux,0.0,1
UTILITY,Locke,Yuumi,1.0,1
UTILITY,Yuumi,Locke,0.0,1
MIDDLE,Ambessa,Locke,1.0,1
MIDDLE,Locke,Ambessa,0.0,1
TOP,Viktor,Sett,1.0,1
TOP,Sett,Viktor,0.0,1
TOP,Zed,Pantheon,1.0,1
TOP,Pantheon,Zed,0.0,1
UTILITY,Amumu,Blitzcrank,1.0,1
UTILITY,Blitzcrank,Amumu,0.0,1
BOTTOM,Zaahen,Smolder,1.0,1
BOTTOM,Smolder,Zaahen,0.0,1
TOP,Yone,Locke,0.0,1
TOP,Locke,Yone,1.0,1
TOP,Ivern,Jax,0.0,1
TOP,Jax,Ivern,1.0,1
BOTTOM,Locke,Zeri,0.0,1
BOTTOM,Zeri,Locke,1.0,1
JUNGLE,Locke,Udyr,1.0,2
JUNGLE,Udyr,Locke,0.0,2
TOP,Yorick,Ivern,1.0,1
TOP,Ivern,Yorick,0.0,1
TOP,Nami,Viego,0.0,1
TOP,Viego,Nami,1.0,1
JUNGLE,Locke,Viego,0.0,1
JUNGLE,Viego,Locke,1.0,1
UTILITY,Janna,Morgana,0.0,1
UTILITY,Morgana,Janna,1.0,1
BOTTOM,Viktor,Xayah,1.0,1
BOTTOM,Xayah,Viktor,0.0,1
BOTTOM,Ziggs,Syndra,0.0,1
BOTTOM,Syndra,Ziggs,1.0,1
JUNGLE,Nasus,Kindred,0.0,1
JUNGLE,Kindred,Nasus,1.0,1
JUNGLE,Nunu,Locke,1.0,1
JUNGLE,Locke,Nunu,0.0,1
JUNGLE,Nunu,Rumble,1.0,1
JUNGLE,Rumble,Nunu,0.0,1
TOP,Warwick,Nocturne,0.0,1
TOP,Nocturne,Warwick,1.0,1
JUNGLE,MasterYi,Olaf,0.0,1
JUNGLE,Olaf,MasterYi,1.0,1
JUNGLE,Locke,RekSai,1.0,2
JUNGLE,RekSai,Locke,0.0,2
JUNGLE,Locke,Zac,1.0,1
JUNGLE,Zac,Locke,0.0,1
TOP,Volibear,Annie,1.0,1
TOP,Annie,Volibear,0.0,1
JUNGLE,Nocturne,Rammus,0.0,1
JUNGLE,Rammus,Nocturne,1.0,1
UTILITY,KSante,Braum,1.0,1
UTILITY,Braum,KSante,0.0,1
JUNGLE,Chogath,Locke,0.0,1
JUNGLE,Locke,Chogath,1.0,1
MIDDLE,Tristana,Zeri,1.0,1
MIDDLE,Zeri,Tristana,0.0,1
MIDDLE,Gwen,Galio,1.0,1
MIDDLE,Galio,Gwen,0.0,1
TOP,Jayce,MasterYi,1.0,1
TOP,MasterYi,Jayce,0.0,1
BOTTOM,Seraphine,Locke,0.0,1
BOTTOM,Locke,Seraphine,1.0,1
TOP,Diana,KSante,1.0,1
TOP,KSante,Diana,0.0,1
BOTTOM,Locke,Jhin,1.0,1
BOTTOM,Jhin,Locke,0.0,1
TOP,Rammus,Aatrox,1.0,1
TOP,Aatrox,Rammus,0.0,1
TOP,Ahri,Diana,1.0,1
TOP,Diana,Ahri,0.0,1
TOP,Quinn,AurelionSol,1.0,1
TOP,AurelionSol,Quinn,0.0,1
TOP,Ornn,Locke,0.0,1
TOP,Locke,Ornn,1.0,1
MIDDLE,Katarina,Zac,0.0,1
MIDDLE,Zac,Katarina,1.0,1
BOTTOM,Mel,Malzahar,0.0,1
BOTTOM,Malzahar,Mel,1.0,1
UTILITY,Teemo,Xerath,0.0,1
UTILITY,Xerath,Teemo,1.0,1
MIDDLE,Locke,Vladimir,1.0,1
MIDDLE,Vladimir,Locke,0.0,1
BOTTOM,Locke,Vladimir,0.0,1
BOTTOM,Vladimir,Locke,1.0,1
TOP,Locke,Rumble,0.0,1
TOP,Rumble,Locke,1.0,1
JUNGLE,Viego,Viego,1.0,2
MIDDLE,Locke,Singed,0.0,1
MIDDLE,Singed,Locke,1.0,1
TOP,Locke,Sion,0.0,1
TOP,Sion,Locke,1.0,1
TOP,Gragas,Skarner,0.0,1
TOP,Skarner,Gragas,1.0,1
BOTTOM,TwistedFate,Draven,1.0,1
BOTTOM,Draven,TwistedFate,0.0,1
TOP,Diana,Naafiri,1.0,1
TOP,Naafiri,Diana,0.0,1
UTILITY,Xerath,Gragas,0.0,1
UTILITY,Gragas,Xerath,1.0,1
TOP,Aurora,Kalista,1.0,1
TOP,Kalista,Aurora,0.0,1
TOP,Karma,Zilean,0.0,1
TOP,Zilean,Karma,1.0,1
TOP,Olaf,Neeko,1.0,1
TOP,Neeko,Olaf,0.0,1
UTILITY,Bard,Zed,0.0,1
UTILITY,Zed,Bard,1.0,1
UTILITY,Skarner,Jax,1.0,1
UTILITY,Jax,Skarner,0.0,1
JUNGLE,Sylas,Singed,1.0,1
JUNGLE,Singed,Sylas,0.0,1
UTILITY,Anivia,Skarner,1.0,1
UTILITY,Skarner,Anivia,0.0,1
TOP,Udyr,Warwick,0.0,1
TOP,Warwick,Udyr,1.0,1
BOTTOM,Mel,Fiora,0.0,1
BOTTOM,Fiora,Mel,1.0,1
UTILITY,Camille,Skarner,0.0,1
UTILITY,Skarner,Camille,1.0,1
JUNGLE,Kindred,Poppy,0.0,1
JUNGLE,Poppy,Kindred,1.0,1
TOP,Cassiopeia,Locke,1.0,1
TOP,Locke,Cassiopeia,0.0,1
TOP,Locke,Vayne,1.0,1
TOP,Vayne,Locke,0.0,1
UTILITY,Sylas,Milio,0.0,1
UTILITY,Milio,Sylas,1.0,1
MIDDLE,Locke,Naafiri,1.0,1
MIDDLE,Naafiri,Locke,0.0,1
BOTTOM,DrMundo,Kaisa,0.0,1
BOTTOM,Kaisa,DrMundo,1.0,1
MIDDLE,Syndra,Bard,0.0,1
MIDDLE,Bard,Syndra,1.0,1
TOP,Sylas,Karma,0.0,1
TOP,Karma,Sylas,1.0,1
TOP,Azir,Irelia,1.0,1
TOP,Irelia,Azir,0.0,1
UTILITY,Zyra,Taric,0.0,1
UTILITY,Taric,Zyra,1.0,1
TOP,Soraka,Karma,1.0,1
TOP,Karma,Soraka,0.0,1
TOP,Nasus,Maokai,1.0,1
TOP,Maokai,Nasus,0.0,1
BOTTOM,Tristana,Ahri,0.0,1
BOTTOM,Ahri,Tristana,1.0,1
MIDDLE,Garen,Gragas,1.0,1
MIDDLE,Gragas,Garen,0.0,1
JUNGLE,Gragas,Talon,0.0,1
JUNGLE,Talon,Gragas,1.0,1
JUNGLE,Locke,Graves,1.0,1
JUNGLE,Graves,Locke,0.0,1
BOTTOM,Locke,Ashe,1.0,1
BOTTOM,Ashe,Locke,0.0,1
MIDDLE,Locke,Galio,0.0,1
MIDDLE,Galio,Locke,1.0,1
TOP,FiddleSticks,Swain,1.0,1
TOP,Swain,FiddleSticks,0.0,1
UTILITY,Pantheon,Taliyah,1.0,1
UTILITY,Taliyah,Pantheon,0.0,1
MIDDLE,Vayne,Locke,1.0,1
MIDDLE,Locke,Vayne,0.0,1
MIDDLE,Locke,Jayce,1.0,1
MIDDLE,Jayce,Locke,0.0,1
TOP,Talon,Irelia,0.0,1
TOP,Irelia,Talon,1.0,1
JUNGLE,Locke,Trundle,1.0,1
JUNGLE,Trundle,Locke,0.0,1
BOTTOM,Locke,Twitch,0.0,1
BOTTOM,Twitch,Locke,1.0,1
TOP,Jayce,Katarina,0.0,1
TOP,Katarina,Jayce,1.0,1
BOTTOM,Rengar,Mel,1.0,1
BOTTOM,Mel,Rengar,0.0,1
JUNGLE,Fizz,Katarina,1.0,1
JUNGLE,Katarina,Fizz,0.0,1
UTILITY,Nunu,Jax,0.0,1
UTILITY,Jax,Nunu,1.0,1
MIDDLE,Ahri,Kaisa,1.0,1
MIDDLE,Kaisa,Ahri,0.0,1
TOP,Yorick,MonkeyKing,0.0,1
TOP,MonkeyKing,Yorick,1.0,1
UTILITY,Locke,Camille,0.0,1
UTILITY,Camille,Locke,1.0,1
JUNGLE,LeeSin,Singed,1.0,1
JUNGLE,Singed,LeeSin,0.0,1
BOTTOM,Zyra,Fiora,0.0,1
BOTTOM,Fiora,Zyra,1.0,1
BOTTOM,Seraphine,Olaf,1.0,1
BOTTOM,Olaf,Seraphine,0.0,1
MIDDLE,Ziggs,Nocturne,0.0,1
MIDDLE,Nocturne,Ziggs,1.0,1
TOP,Aurora,Belveth,1.0,1
TOP,Belveth,Aurora,0.0,1
TOP,Galio,Annie,1.0,1
TOP,Annie,Galio,0.0,1
TOP,RekSai,Locke,1.0,1
TOP,Locke,RekSai,0.0,1
BOTTOM,Kayn,Illaoi,0.0,1
BOTTOM,Illaoi,Kayn,1.0,1
TOP,Nocturne,Kalista,0.0,1
TOP,Kalista,Nocturne,1.0,1
MIDDLE,Yone,DrMundo,1.0,1
MIDDLE,DrMundo,Yone,0.0,1
TOP,JarvanIV,Varus,0.0,1
TOP,Varus,JarvanIV,1.0,1
BOTTOM,Yasuo,Jax,0.0,1
BOTTOM,Jax,Yasuo,1.0,1
MIDDLE,Locke,KSante,1.0,1
MIDDLE,KSante,Locke,0.0,1
JUNGLE,Locke,Shaco,0.0,1
JUNGLE,Shaco,Locke,1.0,1
TOP,Taliyah,Gragas,1.0,1
TOP,Gragas,Taliyah,0.0,1
MIDDLE,KogMaw,Brand,1.0,1
MIDDLE,Brand,KogMaw,0.0,1
UTILITY,Camille,Xerath,1.0,1
UTILITY,Xerath,Camille,0.0,1
BOTTOM,Yunara,Soraka,0.0,1
BOTTOM,Soraka,Yunara,1.0,1
MIDDLE,Kindred,Sylas,1.0,1
MIDDLE,Sylas,Kindred,0.0,1
BOTTOM,Kalista,Sylas,1.0,1
BOTTOM,Sylas,Kalista,0.0,1
JUNGLE,Fizz,Qiyana,0.0,1
JUNGLE,Qiyana,Fizz,1.0,1
MIDDLE,Locke,Heimerdinger,0.0,1
MIDDLE,Heimerdinger,Locke,1.0,1
BOTTOM,Zyra,XinZhao,0.0,1
BOTTOM,XinZhao,Zyra,1.0,1
MIDDLE,Aurora,Kaisa,0.0,1
MIDDLE,Kaisa,Aurora,1.0,1
TOP,Karma,Zaahen,0.0,1
TOP,Zaahen,Karma,1.0,1
TOP,Lissandra,Vayne,0.0,1
TOP,Vayne,Lissandra,1.0,1
TOP,Draven,Hwei,0.0,1
TOP,Hwei,Draven,1.0,1
TOP,Annie,Rengar,1.0,1
TOP,Rengar,Annie,0.0,1
TOP,Yorick,Warwick,0.0,1
TOP,Warwick,Yorick,1.0,1
MIDDLE,Caitlyn,Rumble,0.0,1
MIDDLE,Rumble,Caitlyn,1.0,1
BOTTOM,Nautilus,Mel,1.0,1
BOTTOM,Mel,Nautilus,0.0,1
JUNGLE,Locke,MonkeyKing,0.0,1
JUNGLE,MonkeyKing,Locke,1.0,1
BOTTOM,Mel,Riven,1.0,1
BOTTOM,Riven,Mel,0.0,1
BOTTOM,Quinn,Swain,1.0,1
BOTTOM,Swain,Quinn,0.0,1
